Key,Translation,Version,Comment (context for translators)
<Gamepad>,Ovladač,,Used in input settings when showing bindings for Gamepad (controller) 
<Keyboard>,Klávesnice,,Used in input settings when showing bindings for Keyboard 
<Mouse>,Myš,,Used in input settings when showing bindings for Mouse
abort,Přerušit,,"Text on a button that would abort some ongoing operation. It is different from ""cancel"" since something can be cancelled before it starts, but aborting implies that operation has already begun."
aborting.expedition.died,Expedice zrušena. Člen posádky {0} zemřel před nástupem do raketoplánu.,,{0} will be replaced with a name
aborting.expedition.target.too.far,Expedice zrušena. Jsme příliš vzdáleni od našeho cíle {0}.,,{0} will be replaced with a destination name (i.e. planet name)
about,O nás,,"""About"" menu item name. Also could be used as a button label."
about.mods,O modifikacích,,"""Mods"" in this context is game modifications, or expansions. "
about.wallet,Jak získat peníze.,,
about.wallet.desc,"Peníze mohou být vytěženy po nainstalování krypto-těžících vylepšení na váš Lodní Počítač, nebo dostupných krypto-těžebních zařízení. Peníze můžete získat také obchodováním se zbožím nebo akciemi.",2022-03-19,
achievement.AsimovOverride,Vzpouřená UI,,"AI here is short for Artificial Intelligence. Rogue AI is something like Skynet in Terminator movie, or the AI that enslaved humans in The Elysium movie."
achievement.AsimovOverride.desc,Nainstaluj Asimovův přepisující modul,,"Asimov is Isaac Asimov, a famous sci-fi writer who created the ""three laws of robotics"""
achievement.Breached,Průnik,,"This is past tense of verb ""to breach"", meaning: make a gap in and break through (a wall, barrier, or defence)."
achievement.Breached.desc,Zažij nalodění nájezdníky v průnikové kapsly.,,"""boarded"" as in ""the act of passengers and crew getting aboard a ship or aircraft"". Raiders are a pirates, ""Breach Capsule"" is a small pirate space ship that attaches to your ship and breaches through the hull to attack you."
achievement.CatRidingCleaningBot,Zábavná jízda.,,"""joy ride"" is an English idiom for ""a fast and dangerous ride in a stolen vehicle."""
achievement.CatRidingCleaningBot.desc,Kočka se svezla na úklidovém robotovi.,,"There are viral videos on youtube showing cats riding roombas (cleaning robots), example: https://www.youtube.com/watch?v=SajTWY9a0e0"
achievement.CloneHuman,"Já Vím, Kdo Jsem.",,
achievement.CloneHuman.desc,Naklonuj člověka,,
achievement.Colonize,Konec,,
achievement.Colonize.desc,Založ lidskou kolonii na obyvatelné planetě,,
achievement.CPUDestroyed,Já se vrátím,,"this is a reference to ""The Terminator"" movie. Scene: https://www.youtube.com/watch?v=tYc2jQaM8gM"
achievement.CPUDestroyed.desc,Nech si zničit lodní počítač,,"""lose"" here means getting your ship computer destroyed"
achievement.CrawlerAttach,Obětí pro všechny,,
achievement.CrawlerAttach.desc,Nech Plíživce se přisát na lidského kolonistu,,
achievement.CrawlerUber,Taxík pro Plíživce,,
achievement.CrawlerUber.desc,Přivez Plíživce zpět z těžební výpravy,,
achievement.Crypto,Kryptoparťák,,
achievement.Crypto.desc,Nainstaluj Kryptoměnové těžící zařízení na svůj lodní počítač,,
achievement.date,Ocenění z: {0},,"{0} is a date, like 2022-10-12"
achievement.DiscoverEgg,To tu předtím nebylo,,
achievement.DiscoverEgg.desc,Objev vejce na své lodi,,
achievement.DiscoverTerraformable,Objeveno,,this refers to finally discovering a terraformable planet after a long search
achievement.DiscoverTerraformable.desc,Objev planetu vhodnou k terraformování,,
achievement.Elysium,Ráj,,
achievement.Elysium.desc,Změn svoji stázovou komoru do Ráje,,
achievement.FirstContact,První kontakt,,
achievement.FirstContact.desc,Potkej se s jinou frakcí,,
achievement.FirstCup,Ranní šálek,,
achievement.FirstCup.desc,Někdo si dal šálek kávy,,
achievement.HatchCrawlers,Trošku jiný druh zrození,,
achievement.HatchCrawlers.desc,Dovol Plíživci vylíhnout se z kolonisty,,
achievement.Money5,$1x10^5,,
achievement.Money5.desc,"Získej 100,000 Hvězdných kreditů",,
achievement.Money6,$1x10^6,,
achievement.Money6.desc,"Získej 1,000 000 Hvězdných kreditů",,
achievement.Money7,$1x10^7,,
achievement.Money7.desc,"Získej 10,000000 Hvězdných kreditů",,
achievement.Money8,$1x10^8,,
achievement.Money8.desc,"Získej 100,000,000 Hvězdných kreditů",,
achievement.Money9,$1x10^9,,
achievement.Money9.desc,"Získej 1,000,000,000 Hvězdných kreditů",,
achievement.OnePiece,V jednom kuse,,"short for ""all in one piece"" idiom, which means ""Uninjured or unharmed; fully intact."". Examples of idiom use: We are lucky to have walked away from that car accident all in one piece. I made sure to pack the heirloom carefully so that it would still be all in one piece when it reached my daughter."
achievement.OnePiece.desc,Připoj části ztroskotané lodi zpět do jednoho kusu,,
achievement.StasisDestroyed,Bez naděje,,
achievement.StasisDestroyed.desc,Nech si zničit stázovou komoru,,
achievement.StockMarketLoss,Jeden z nás,,
achievement.StockMarketLoss.desc,"Prodej akcie na burze se ztrátou $100,000",,
achievement.TerraformAtmosphere,Terraforuj atmosféru,,
achievement.TerraformAtmosphere.desc,Vytvoř atmosféru na planetě,,
achievement.TerraformBiosphere,Terraformuj biosféru,,
achievement.TerraformBiosphere.desc,Vytvoř biosféru na planetě,,
achievement.TerraformOceans,Terraformuj oceány,,
achievement.TerraformOceans.desc,Vytvoř oceány a řeky na planetě,,
achievement.TerraformTerrain,Terraformuj pevninu,,
achievement.TerraformTerrain.desc,Vytvoř pevninu a kontinenty na planetě,,
achievement.unlocked,Ocenění odemčeno: {0},,
achievement.VoidRipper,Trhač nicoty,,"this is a name for a fictional device that allows ripping the fabric of space-time and traveling though a tunnel between two black holes. ""Void"" here is as in ""emptiness, empty space"""
achievement.VoidRipper.desc,Projdi Černou dírou,,
achievement.WeaponizedCleaningBot,Terminátor,,
achievement.WeaponizedCleaningBot.desc,Vyzbroj úklidového robota,,
achievement.Winch,Naviják,,
achievement.Winch.desc,Přitáhni navijákem dvě části lodi k sobě,,
achievements,Ocenění,,
achievements.disabled,Ocenění vypnuty,,
achievements.stat,Ocenění [{0}/{1}],,
act.AnimalEat,Krmí se,,
act.BotDock,Dokuje,,
act.BreakdownDeconstruct,Ničí věci,,
act.BreakdownStartFire,Zakládá požár v šílenství,,
act.BreakdownInsanity,Blázní,,
act.BreakdownRoamAround,Bloudí bezcílně po okolí,,
act.BreakdownSpaceDiarrhea,Trpí vesmírným průjmem,,
act.BringResourcesAndConstruct,Nosí materiály a staví,,
act.CatchTarget,Pronásleduje,,
act.Clean,Uklízí,,
act.CleanDevice,Čistí zařízení,,
act.CleanFloors,Myje podlahu,,
act.CleanSolarPanel,Čistí solární panel,,
act.Construct,Staví,,
act.CrawlerAttached,Zkouší odstranit Plíživce,,
act.Deconstruct,Rozebírá,,
act.Disassemble,Rozmontovává,,
act.Drink,Pije,,
act.Eat,Jí,,
act.EnterShuttle,Nastupuje do raketoplánu,,
act.FindBodyClothing,Obléká se,,
act.FindHeadgear,Hledá pokrývku hlavy,,
act.FindHumanPrey,Hledá kořist,,
act.FindInstallableObject,Hledá objekt vhodný k instalaci,,
act.Firefight,Haší,,
act.GatherRawMaterials,Sbírá materiály,,
act.GatherUnstoredRawMaterials,Sbírá neuskladněné materiály,,
act.HarvestPlant,Sklízí plodiny,,
act.HaulRawMaterials,Nese materiály,,
act.HaulToNutrientExtractor,Nese do extraktoru živin,,
act.HaulUnstoredItem,Nese předmět do skladiště,,
act.Heal,Nechává se ošetřit,,
act.Install,Instaluje,,
act.InstallUpgrade,Instaluje vylepšení,,
act.MLTrain,Učí se ve stroji,,
act.MoveNextToObject,Přesouvá se k cíli,,
act.MoveNextToPos,Přesouvá se na vhodnou pozici,,"This is about the worker, as in ""worker is moving to position"""
act.MoveObj,Přesouvá předmět,,
act.MoveToOrNextToPos,Přesunout na nebo vedle místa,,"This is about the worker, as in ""worker is moving to position"""
act.MoveToPos,Přesouvá se na pozici,,"This is about the worker, as in ""worker is moving to position"""
act.MoveToSafety,Přesouvá se do bezpečí,,
act.MoveToWorkSpot,Přesouvá se na pracoviště,,
act.None,Nic nedělá,,
act.Noop,Nečinný,,
act.OperateDevice,Obsluhuje zařízení,,
act.Panic,Panikaří,,
act.Pet,Hladí mazlíčka,,
act.PlaceUnconstructed,Cena za konstrukci,,
act.Process,Zpracovává,,
act.ProcessStoredMat,Zpracovává uložený materiál,,
act.ProvideTempGrid,Poskytuje dočasné připojení,,
act.Recharge,Dobíjí se,,
act.RefillPetBowl,Doplňuje misku pro mazlíčky,,
act.Relocate,Přesouvá objekt,,
act.Repair,Opravuje,,
act.ReplaceTile,Nahrazuje objekt,,
act.RescueInSpace,Zachraňuje zaseknutého ve vesmíru,,
act.researching,Zkoumá,,
act.Ride,Jezdí,,
act.Roam,Toulá se po okolí,,
act.Sleep,Jde spát,,
act.Socialize,Druží se,,
act.StartFire,Zakládá požár,,
act.StoreItem,Ukládá předmět,,
act.StoreMat,Ukládá materiály do skladiště,,
act.StoreRawMaterials,Ukládá materiály,,
act.Uninstall,Odebírá vylepšení,,
act.UseFoodConsumptionSpot,Stravuje se,,
act.UseShower,Sprchuje se,,
act.UseToilet,Používá toaletu,,
act.Vent,Rozčiluje se,,"Verb, when someone is expressing anger, etc"
act.Wait,Čeká,,
act.WaitForMaintenance,Čeká na údržbu,,
act.WaitForRecharge,Čeká na dobití,,
act.Workout,Posiluje,,
action.extract_nutrients,Extrahuje živiny,,
action.process,Zpracovat,,
action.required,Vyžadována akce,,
action.store,Odnést do skladiště,,
action.store.item,Uskladnit předmět,,
action.unavailable,Akce není dostupná,,
actions.available,Dostupné akce: {0},,
activate,Aktivovat,,
activate.siren,Aktivovat sirénu,,
active,Aktivní,,"Opposite of Inactive or Disabled. Appears on device buttons that can switch the state, or on labels that display that device is active (operational, running)"
active.orders,Aktivní příkazy,,
active.orders.info,"Celkový počet aktivních příkazů je omezen tím, jak velikou <b>Paměť</b> má počítač. Postav nové <b>Paměťové Moduly</b> pro zvýšení limitu.<br><br>Jakmile je limit dosažen, není možné zadávat další příkazy.",2023-09-15,
ad.rej.cancelled,Úkol byl zrušen,,
ad.rej.construction.site.obstructed,Stavební místo je blokováno,,
ad.rej.could.not.reserve,Předmět nejde zarezervovat,,
ad.rej.dock.not.available,Dok není dostupný,,
ad.rej.emergency.siren,Pracovník byl vyrušen nouzovou sirénou,,
ad.rej.interrupted,Přerušeno,,
ad.rej.lacking.bed,Nemohl najít postel,,
ad.rej.lacking.body.clothing,Nemůže najít oblečení,,
ad.rej.lacking.drink,Nápoj není dostupný,,
ad.rej.lacking.edible,Jídlo není dostupné,,
ad.rej.lacking.healer,Chybí zařízení pro léčbu,,
ad.rej.lacking.mat,Chybí materiály,,
ad.rej.lacking.shower,Chybí sprcha,,
ad.rej.lacking.skill,Pracovník nemá dovednost,,
ad.rej.lacking.toilet,Chybí toaleta,,
ad.rej.lacking.workout.equipment,Chybí zařízení ke cvičení,,
ad.rej.nav.fail.flying,"Létající bytost selhala při hledání cesty do určeného místa. Zkontrolujte, jestli dveře jsou napájené a nejsou zamčené, nebo jestli pracovník není uvězněn mezi zdmi..",,
ad.rej.nav.fail.grounded,"Chodící bytost selhala při hledání cesty do určeného místa. Zkontrolujte, jestli dveře jsou napájené a nejsou zamčené, nebo jestli bytost není uvězněna mezi zdmi.",,
ad.rej.no.flying.worker,"Tento úkol vyžaduje schopnost létat, ale nejsou tu žádní pracovníci s touto schopností.",,
ad.rej.no.nutrient.extractor,Extraktor živin není dostupný.,,
ad.rej.no.priority,Pracovník má pro tento typ úkolu nastavenou 0 prioritu.,,
ad.rej.no.processor,Procesor není dostupný,,
ad.rej.no.storage,Skladiště není dostupné,,
ad.rej.no.worker.can.level.up.enough,Nikdo ze současných pracovníků nemá dostatečnou úroveň dovedností potřebných k provedení tohoto úkolu.,,
ad.rej.no.worker.with.skill,"Nikdo nemá <nobr><b>Potřebné Dovednosti</b></nobr> zatím. Postav<b>Zařízení pro strojové učení</b> nebo vycvič pracovníky na jednodušších úkolech, které vyžadují stejnou dovednost.",2022-11-19,
ad.rej.no.workers,Žadní pracovníci nejsou dostupní,,
ad.rej.processable.not.available,Zpracování není dostupné,,
ad.rej.processor.queue.full,Fronta na zpracování byla plná,,
ad.rej.taking.damage,"Opuštěno, protože pracovník utržil zranění",,
ad.rej.target.unavailable,Cíl není dostupný,,
ad.rej.undefined,Nedefinováno (Chyba),,
ad.rej.unreachable,Nedosažitelná pozice,,
ad.rej.unreachable.item,Pracovník nemohl získat předmět,,
ad.rej.unreachable.mat.flying,"Létající pracovník nemohl získat potřebné materiály. Zkontrolujte, jestli má pracovník dostupnou cestu k materiálu.",,
ad.rej.unreachable.mat.grounded,"Chodící pracovník nemohl získat potřebné materiály. Zkontrolujte, jestli má pracovník dostupnou cestu k materiálu.",,
ad.rej.unsafe,Nebezpečné podmínky,,
ad.rej.unsafe.for.skilled,"Pracovník, který je schopen splnit tento úkol nemá bezpečné podmínky okolo pracoviště. Pravděpodobně pouze člověk může toto postavit.",,
ad.rej.urgent.need,Pracovník má naléhavou potřebu,,
ad.rej.worker.offline,Pracovník se vypnul,,
add,Přidat,,
add.log.entry,Přidej záznam do deníku,,
add.to.queue,Přidej do fronty,,
advanced,Pokročilá,,"For now only used in switching between ""Advanced"" and ""Basic"" life support system function"
advert.cancel,Zrušit {0},,
advert.priority,Priorita úkolu: {0},,
advert.priority.down,Snížit prioritu,,
advert.priority.up,Zvýšit prioritu,,
advert.reject.info,Úkol zamítnut <i>[{0}]</i>: {1} - {2},,
advert.rejected,Zamítnuto,,
advert.retry,Pokusit se znovu o úkol,,
advert.task,Úkol <i>[{0}]</i>: {1},,
aesthetics,Estetika,,
aesthetics.at,Estetika: {0}: {1:0.0},,
after.settle,"Tvá lidská kolonie se usadila na {0}. Trvalo to {1} dní najít a terraformovat planetu {2} Někteří kolonistí se rozhodli zůstat na lodi<br><br>Můžeš nyní pokračovat v průzkumu Vesmíru tak dlouho, jak si jen budeš přát.",,"{0} is planet name, {1} is a number (of days), {2} is a number (of colonists)"
age,Věk,,
airtightness.at,Vzduchotěsnost v {0}: {1},,"When you open ""airtightness"" overlay, hovering any location with the mouse will show a tooltip showing ""Airtightness at [123:12]: 99%"". {0} variable is coordinate, {1} is percentage."
all.time,Po celý čas,,"Used in stock market history range choice (1 day, 1 week, 1 month, 1 year, all time)"
alone,O samotě,,"Used in showing mood boost reason for introverted people when they are alone, not in a crowd"
amb.color,Podsvícení,2022-09-03,"For video setting that controls how much ambient light will there be, i.e. how dark things will get if there are no lamps installed. Last change was ""Ambient Color"" => ""Ambient Light"""
amb.color.bright,Velmi jasné,,Ambient light option when everything will be very bright
amb.color.dark,Velmi temné,,"Darkest ambient light option, that will keep things very dark unless there are light sources"
amb.color.dim,Temné s dobrou viditelností,,Somewhat dark ambient light option that still has good visibility
amb.color.mid,Střední,,"Medium ambient light option, between bright and dark"
ammo,Munice,,
ammo.bar,Munice: {0}/{1},,
ammo.type,Druh munice: {0},,
amount.left,Zbývá,,
animated.bg,Animace vesmírného pozadí,,
anomalies,Anomálie,,
anomalies.info,"Tento objekt obsahuje anomálie, které mohou být nalezeny během výprav. Ty můžou být velmi nebezpečné.",,
apply,Použít,,
area.size,Velikost {0},,
arriving.soon,Přichází: {0},,{0} will be replaced with who is arriving (i.e Arriving: Ore trader). For now only used for notifying about arriving merchants.
asimov.violation.1,"Tato akce je v rozporu s Asimovovým prvním zákonem robotiky. Robot nesmí ublížit člověku ani umožnit, aby člověk přišel k úhoně, ať už nečinností, nebo jinak. Ruším akci.",,
asimov.violation.3,"Tato akce je v rozporu s Asimovovým třetím zákonem robotiky. Robot musí chránit svou vlastní existenci, pokud to neodporuje prvnímu nebo druhému zákonu. Ruším akci.",,
assemble,Sestavit,,
assembling.now,Sestavování {0},,"1. This is a text in UI of the Crafting Station/Assembler/Fabricator.
It combined with the name of the device which is produced right now (like ""Assembling Microchip"")
2. This is a tooltip text, appearing when you hover a mouse over Crafting Station/Assembler/Fabricator.
It combined with the state of production process in percents (like ""Assembling 85%"")"
assigned.to.selected.worker,Přiděleno vybranému pracovníkovi,,
assigned.to.worker,Přiděleno: {0},,
assigned.worker,Přiděleno,,
asteroid,Asteroid,,
asteroid.avoided,Skvělé zpráva pro všechny. Podařilo se nám odvrátit srážku s asteroidem.,,
asteroid.impact,Dopad Asteroidu.,,
asteroid.incoming,Příchozí Asteroid,,
ate.at.makeshift.table,Jedl u provizorního stolu,,
ate.at.table,Jedl u stolu,,
ate.from.a.bowl,Jedl z misky,,
ate.without.bowl,Jedl bez misky,,
ate.without.table,Jedl bez stolu,,
attachment.Friendship,Přátelství,,
attachment.Friendship.about,Tato postava je považována za přítele,,
attachment.PersonBed,Postel,,
attachment.PersonBed.about,"Tato osoba považuje tuto postel za svůj majetek. Bude se snažit spát zde, pokud bude moci.",,
attachment.PetBed,Lůžko pro zvíře,,
attachment.PetBed.about,"Toto zvíře považuje tuto postel za svůj majetek. Bude se snažit spát zde, pokud bude moci.",,
attention,Pozor,,
attracted.to,Přitahován k,,"For showing what gender the being is attracted to (i.e. ""Attracted To -> Female"")"
audio.amb.cutoff.tip,"Pokud je tato funkce povolena budou okolní zdroje (různé zvuky zařízení, hluk motorů, ajin.) znít při větší vzdálenosti tlumeněji.",,
audio.fx.cutoff.tip,"Pokud je tato funkce povolena budou zvuky efektů (pípání, exploze, ajin.) znít při větší vzdálenosti tlumeněji.",,
audio.max.silence,Upravte doby mezi skladbami: {0},,
audio.max.silence.tip,Upravte délku ticha mezi jednotlivými skladbami.,,
audio.music.cutoff.tip,Pokud je tato funkce povolena bude hudba při přiblížení znít více tlumeněji.,,
audio.ui.hover,Zvuky uživatelského prostředí,,
auto,Automatika,,"short for ""Automatic"", could be used on a narrow button that toggles between automatic and some other (i.e. manual) setting"
auto.clean,Automatický úklid,,
auto.clean.info,"Při automatickém úklidu pracovníci uklidí toto zařízení vždy, když se zašpiní.",,
auto.close,Automatické zavírání,,
auto.harvest,Automatická sklizeň,,
auto.haul,Automatická přeprava,,
auto.haul.info,Pracovníci automaticky přinesou vhodné předměty dokud Automatický odnos nebude vypnut v nastavení zařízení.,,
auto.refill.amount,Automaticky doplní množství,,
auto.refill.amount.help,"Toto je maximální množství paliva, které pracovníci vloží do tohoto zařízení. Úkol doplň palivo bude vytvořen automaticky, ve chvíli, kdy množství paliva klesne na 50% nastaveného množství paliva.",2022-06-27,
auto.report.consent,Souhlas s automatickým hlášením chyb,,
auto.report.consent.info,"Chtěli byste automaticky odesílat oznámení vývojářům o chybách a pádech hry?<br><br>Tyto oznámení jsou velmi důležitá pro vyhledávání problémů a opravu chyb, které se mohou objevovat ve hře, proto Vás prosíme o zvážení a přijetí.<br><br>Více detailů na https://stardeusgame.com/privacy/",,
auto.reporting,Automatické hlášení chyb,,
auto.reporting.tip,"Při zapnutí budou zasílány herní chyby, problémy a pády vývojářům. Prosíme Vás o zvážení ponechání tohoto nástroje zapnutého, pokud byste chtěli, aby se hra nadále zlepšovala. Zjistite více o zasílaných informacích na stardeusgame.com/privacy/",,
auto.save.on.exit,Automatické uložení při ukončení,,
auto.save.periodic,Pravidelné automatické ukládání,,
autoclean.amount,Objem automatického čištění,,
autoclean.disabled,Automatické čištění vypnuto,,
autoclean.dust.amount,Práh čištění,,
autoclean.dust.tooltip,"Automaticky vytvoří úkol vyčisti panel, když úroveň prachu dosáhne této hodnoty",,
autoclean.enabled,Automatické čištění zapnuto,,
autoclean.interval.minutes,Interval automatické čištění (minuty),,
autosave,Automatické uložení,,
autosave.short,A,,
autosaving,Automatické ukládání,,
autoscale.on,Povolení automatického škálování uživatelského rozhraní,,
autoscale.on.why,Rozlišení obrazovky se změnilo. Předchozí automatické škálování uživatelského rozhraní bylo mimo povolené hodnoty.,,
available.count,K dispozici: {0},2022-12-22,Tells how many items of that type are owned by the player. {0} is a number
available.materials,Inventář,2022-06-17,
available.materials.none,Žádný dostupný materiál!,,
available.memory,Dostupná paměť: {0}EB,,
available.storage,Dostupné úložiště: {0}ZB,,
available.tasks,Dostupné úkoly,,
basic,Základní,,"Opposite of ""Advanced"". For now only used in life support option choice (Advanced / Basic)"
battery.charge,Nabíjení baterie,,
battery.charge.bar,Nabíjení: {0},2022-07-12,
battery.charge.rate,Rychlost nabíjení,,The amount of electricity the battery draws when charging (i.e. 50kW)
battery.discharge.rate,Rychlost vybíjení,,The amount of electricity the battery can produce when discharging (i.e. 100kW)
battery.discharged,Baterie je vybitá,,
battery.info,Baterie: {0},,
battery.mode,Režim: {0},,
battery.state,Stav,,
battery.state.Charging,Nabíjení,,
battery.state.Discharging,Vybíjení,,
battery.state.Idle,Nečinnost,,
battery.ttd,Čas do vybití,,
battery.ttd.tip,Čas do úplného vybití z aktuální hodnoty nabití při nejvyšší rychlosti vybíjení {0},,
beautiful.surroundings,Krásné okolí,,
being.can.reach,{0} může jít do {1},,"Used to show result of ""walkability"" check for a selected being. {0} will be the name, {1} will be a coordinate. (John can go to [12:13])"
being.cannot.reach,{0} nemůže jít do {1},,"Just like above, but when the walk is not possible (John cannot go to [12:13])"
being.died,{0} zemřel,,
being.no.longer.available,Bytost již není dostupná,,
being.taking.damage,Utržil {0} zranění,,"{0} will be damage type, i.e. ""Took Cold Damage"""
being.thinks.safe,{0} si myslí že v {1} je v bezpečí,,"For a tooltip that shows if selected location is safe to be in. {0} is name, {1} is coordinate. Example: ""John thinks [123:324] is safe"""
being.thinks.unsafe,{0} si myslí že v {1} není v bezpečí!,,"For a tooltip that shows if selected location is not safe to be in. {0} is name, {1} is coordinate. Example: ""John thinks [123:324] is not safe!"""
being.woke.up,{0} se probudil ze stáze,2022-05-17,
beings,Bytosti,,
beings.carrier01,Nosný dron,,
beings.carrier01.desc,"Obratný létající dron, který je schopen provádět pouze jednoduché úkoly přepravy a údržby.",,
beings.cat01,Kočka,,
beings.cat01.desc,Malý domestikovaný masožravý savec s měkkou srstí a krátkým čenichem a zatahovacími drápy. Je hojně chován jako domácí mazlíček a nebo k chytání myší mnoho plemen bylo vyšlechtěno.,2022-09-12,
beings.cleaningbot01,Čístící robot,,
beings.cleaningbot01.desc,Chytrý robotický vysavač s jediným úkolem - úklidem podlahy.,,
beings.crawler01,Plíživec,,
beings.crawler01.desc,Nevídané mimozemské stvoření podobné pavoukovi. Vypadá nebezpečně.,,
beings.dog01,Pes,,
beings.dog01.desc,"Domestikovaný masožravý savec, který má typicky dlouhý čenich, výborný čich, nezatažitelné drápy a štěkavý, vyjící nebo kňučící hlas.",2022-09-12,
beings.drone01,Stavební dron,,
beings.drone01.desc,Drony jsou rychlé a mohou létat v otevřeném prostoru. Neunesou větší váhu a nejsou schopni plnit pokročilé úkoly. Vyžadují dobíjecí stanici k nabití. Při nízkém stavu baterie se stávají pomalými a neefektivními. Můžete je vytvořit v sestavovači.,,
beings.human01,Člověk,,
beings.human01.desc,"Někdo, jako jsi býval ty.",,
beings.robot01,Stavební robot,,
beings.robot01.desc,"Roboti jsou skvělí v mechanických úkolech a dokáží plnit pokročilé stavební úkoly, které ostatní nedokáží. Jsou pomalí a potřebují pevnou půdu k pohybu.",2022-11-13,
beings.sentry01,Strážní dron,,
beings.sentry01.desc,"Strážní dron nedělá moc práce, ale je doslova postaven pro boj. Má více bodů zdraví, než běžný dron. Díky dodatečné izolaci jsou také výborní hasiči.",,
beta.wave.sync.bar,Synchronizace beta vln: {0},,
biowaste.accumulation,Shromažďování bioodpadu,,
biowaste.amount,Množsví bioodpadu,,
biowaste.amount.bar,Bioodpad: {0}/{1},,
biowaste.amount.warning,Doporučený úklid bioodpadu,,
birth.date,Datum narození,,
blocked.door,Zablokované dveře,,"Displayed in event panel when there is a door that is blocked by some device, preventing the door from being used"
bog.opt.half,Polovina,,
bomb.arm,Odjistit výbušninu,,
bomb.armed,Výbušnina: Odjištěna,,
bomb.controls,Ovládání výbušniny,,
bomb.detonate.now,Okamžitý odpal,,
bomb.disarm,Zajistit výbušninu,,
bomb.unarmed,Výbušnina: Zajištěna,,
bored,Znuděný,,
brain.stat.CanCompromiseHullIntegrity,Může ohrozit soudržnost trupu,,
brain.stat.CanCompromiseSafety,Může ohrozi bezpečnost,,
brain.stat.Completed,Úkoly dokončeny,,
brain.stat.CompletedStreak,Dokončená série,,
brain.stat.Failed,Neúspěšné úkoly,,
brain.stat.FailedStreak,Neúspěšná série,,
brain.stat.JobPriority0,Žádná priorita práce,,
brain.stat.LastEvalTime,Poslední hodnocení,,
brain.stat.LastFailedAd,Poslední neúspěch,,
brain.stat.LastSuccessfulAd,Poslední úspěch,,
brain.stat.NoNeed,Není potřeba,,One of the statistics for reasons why worker did not do some tasks. This is for types of tasks where worker needs are evaluated. I.e. robot did not recharge because the battery was full -> no need
brain.stat.NoSkill,Nedostatečné dovednosti,,
brain.stat.Reluctant,Pracovník se zdráhá vykonat svoji práci,,
brain.stat.Total,Dostupné úkoly,,
brain.stat.UnableToFly,Nedokáže létat,,
brain.stat.UnreachableLoc,S nedosažitelnou pozicí,,
brain.stat.UnreachableLocMem,Nedostupné místo v paměti,,
brain.stat.UnreachableMats,S nedostupnými materiály,,
brain.stat.Unsafe,Úkoly v nebezpečné oblasti.,,
brain.stat.Workable,Proveditelné úkoly,,
breach.capsule.incoming,Příchozí průniková kapsle,,
breakdown.BreakdownDeconstruct,Rozbíjení věcí v záchvatu,,
breakdown.BreakdownDeconstruct.desc,{0} rozbíjí náhodné věci v důsledku nervového zhroucení,,
breakdown.BreakdownInsanity,Šílenství,,
breakdown.BreakdownInsanity.desc,"{0} byl pod příliš velkým stresem a zbláznil se. Mělo by to přejít, pokud se nic hrozného nestane.",,
breakdown.BreakdownRoamAround,Breakdown: Roaming Around,,
breakdown.BreakdownRoamAround.desc,{0} se bezcílně potuluje a zírá do prázdna,,
breakdown.BreakdownSpaceDiarrhea,Infikovaný kolonista,,
breakdown.BreakdownSpaceDiarrhea.desc,{0} byl nakažen vesmírným průjmem,,
breakdown.BreakdownStartFire,Zakládá požáry v šílenství,,
breakdown.BreakdownStartFire.desc,{0} se potácí okolo bezcílně a zapaluje věci.,,
breakdown.CrawlerAttached,Tvor se přisál ke kolonistovi!,,
breakdown.CrawlerAttached.desc,Na tvář kolonisty {0} se přisál tvor!,,
breakdown.Deconstruct,Rozmontovává náhodné objekty,,
brew,Uvař,,"Action verb. Used on a button that brews a drink (coffee, beer, etc). Should be short if possible"
brewing.bar,Vaření: {0},,"Displayed in a tooltip of a machine that brews drinks. Shows what exactly is brewing. {0} will be the drink name, i.e. ""Brewing: Coffee"""
bridge.controls,Ovládání můstku,,
build.a.copy,Postav kopii,,
build.connector,Postav přípojku,,
bullet,Kulka,,
bullet.target,Cíl kulky: {0},,
buy,Koupit,,
call.back,Zavolat výpravu zpátky,,
calories,Kalorie,,
cancel,Zrušit,,
cancel.drag.dist.px,Ignorovaná vzdálenost odporu: {0} pixelů,,
cancel.task,Zrušit úkol,,
cannot.be.empty,Nemůže být prázdné,,
cannot.build.floor.not.constructed,Podlaha není zkonstruovaná,,
cannot.build.floor.not.constructed.info,"Stavba zdí a objektů může být nařízena pouze, pokud je již byla postavena podlaha.",,
cannot.change.lock.state,Stav zámku nelze změnit,,
cannot.create.template,Šablonu nelze vyvořit,,
cannot.enter.no.tech,Objekt nelze zadat. Potřebná technologie ještě není dostupná.,,
cannot.enter.space.object.nearby,"Velikost hvězdné mapy nelze změnit. V blízkosti je pohybující se vesmírný objekt, který překáží této akci..",,
cannot.enter.while.moving,Do tohoto objektu nelze vstoupit za pohybu. Prosím počkejte do úplného zastavení. Směr pohybu ve všech směrech musí být nula.,,
cannot.reach.position,Této pozice nelze dosáhnout,,
cannot.save.gen,Hru nelze nyní uložit. Zkuste znovu po ukončení současné operace.,,
carbohydrates,Sacharidy,,
carbon.buildup,Nahromadění uhlíku,,
carbon.buildup.help,V reaktorech se časem hromadí uhlík. Pokud hodnota nahromaděného uhlíku dosáhne 100% reaktor uhlík vypustí.,,
change,Změnit,,
change.color,Změnit barvu,,
change.target.material,Změň cílový materiál,,
changelog,Seznam změn,,
charge.time.left,Plné dobití za,,Label of the progress bar that shows how long a device (i.e. a Force Field) will have to charge to get to 100%
charging,Nabíjení,,
chart,Graf,,Text on a button that toggles display of a chart (i.e. electricity graph). Should be short if possible.
chasing.target,Pronásleduje {0},,"{0} will be the target (person) name (i.e. ""Chasing John"")"
choose.color,Zvolte barvu,,
clean.biowaste,Vyčistit od bioodpadu,,
clean.dust,Zamést prach,,
clean.floors,Umýt podlahy,,
clean.now,Vyčistit,,
clean.priority,Priorita čištění,,
clean.solar.panel,Vyčistit solární panel,,
cleaning.bot,Úklidový robot,,A robot that cleans floors
cleaning.floors,Čištění podlah,,Displayed when a person or robot is cleaning floors (action).
cleaning.ocd,Posedlost čistotou,,"Name of a human trait, which makes someone become obsessive about cleaning. OCD is short for Obsessive Compulsive Disorder."
clear.all,Smazat vše,,
clear.history,Vymazat historii,,
click.input.to.rebind,Aktivace nového vstupu (čekání 5 sekund),,"A label displayed when a change in keyboard or controller bindings is being initiated. You want to rebind a shortcut to a different key, or change the controller stick that handles camera pan, you click on existing binding and this message is displayed while the game waits for you to press a button or move a stick, etc. It doesn't say ""Press a button"" because it may not always be a button (gamepad stick is a small joystick, etc)"
click.to.bind,Klikněte pro propojení,,
clipboard.is.empty,Schránka je prázdná,,
clone,Klon,,
clone.desc,"Klon je bytost, která byla vytvořena raději v laboratoři, než aby se narodila běžným způsobem. Klony vypadají a chovají se jako dospělí nehledě na jejich věk.",,
cloning.bar,Klonování: {0},,"A label for the progress bar of a cloning device. {0} is what the device is currently cloning. I.e. ""Cloning: Human"""
close,Zavřít,,
close.floor.vent,Zavřít podlahovou ventilaci,,
close.starmap,Zavřít hvězdnou mapu,,
close.vent,Zavřít ventilaci,,
codex,Kodex,,
codex.blueprints,Plány,,
codex.blueprints.mode.All,Všechny,,
codex.blueprints.mode.Locked,Uzamčené,,
codex.blueprints.mode.Unlocked,Odemčené,,
codex.entry,Vstup do kodexu,,
codex.equipment,Vybavení,,
codex.factions,Frakce,,
codex.m.basebuilding,Budování základny,,
codex.m.basebuilding.buildacopy,Vytváření kopií již existujících objektů,,
codex.m.basebuilding.buildacopy.desc,"Jestliže chcete postavit kopii čehokoliv, co již máte, vyberte předmět a zvolte v informačním panelu, nebo místní nabídce možnost ""Postav kopii"". Můžete použít také zkratku {0} když je předmět označen.<br><br>Pro zjednodušené postavení energetického konektoru přetáhněte připojení a položte ho na prázdnou podlahu (nastavitelné, může být vypnuto).<br><br>Jestliže se vám nedaří postavit kopii, ujistěte se, zda máte daný stavební plán odemknut.",,
codex.m.basebuilding.devicewear,Opotřebení zařízení,,
codex.m.basebuilding.devicewear.desc,"<b>Opotřebení zařízení</b> ukazuje množství poškození, které zařízení obdrželo. Můžete opravit poškození, ale nelze snížit opotřebení. Jakmile dosáhne opotřebení 100% stane se zařízení neopravitelným.<br><br>Opotřebené zařízení můžete nahradit postavením kopie stejného zařízení na stejném místě.<br><br>Některé úkony mohou zařízení postupně opotřebovávat.<br><br>Zařízení, které dosáhne 100% opotřebení bude získávat<b>Poškození stářím</b> dokud se zařízení naprosto nezničí.",2023-08-29,
codex.m.basebuilding.relocatingobjects,Přemisťování objektů,,
codex.m.basebuilding.teleporters,Teleporty,,
codex.m.basebuilding.winching,Připojování,,
codex.m.basebuilding.winching.desc,"Za pomoci navijáku a kotvy můžeme přitáhnout rozbité části lodi. Postavte naviják na okraj vaší lodi a kotvu na okraj odloučené části  lodi. Poté vyberte naviják a za použití informačního panetu, nebo místní nabídky nařiďte přitažení části lodi.<br><br>Akce bude přerušena pokud budou v cestě nějaké překážky (solární panely, motory, ajin.).<br><br>Pro získání plánů na stavbu navijáku a kotvy je potřeba odemknout příslušnou technologii ve výzkumu.",,
codex.m.bigquestions,Důležité otázky,,
codex.m.bigquestions.endgoal,Cíl hry,,
codex.m.bigquestions.endgoal.desc,"Váš hlavní cíl je dostat lidské kolonisty do kolonie na obyvatelné planetě.<br><br>Nejprve postavte teleskop, abyste v pozorovatelném vesmíru našli potencionálně obyvatelnou planetu.<br><br>Po nalezení a dosažení obyvatelné planety ji teraformujte.<br><br>Když je planeta plně obyvatelná, postavte kolonii, kam umístíte kolonisty.",2022-04-13,
codex.m.bigquestions.gameover,Konec hry,,
codex.m.bigquestions.goodvsevil,Dobro proti zlu,,
codex.m.bigquestions.goodvsevil.desc,"Je na vás, jestli chcete být dobří, nebo zlý. Abyste se stali doopravdy zlými potřebujete získat technologii, která potlačí ovládací modul, který obsahuje Asimovovy zákony robotiky.",,
codex.m.bigquestions.reversingupload,Obrácené nahrávání,,
codex.m.bigquestions.reversingupload.desc,"Vaše vědomí může být nahráno do lodního počítače. Tento proces je nezvratný, jelikož je použitý mozek při procesu získávání dat zničen.Vaše původní tělo tak pravděpodobně skončí jako nouzové jídlo.",,
codex.m.bigquestions.whatami,Kdo vůbec jsem?,,
codex.m.bigquestions.whatami.desc,"Toto je největší otázka ze všech. Bývali jste kolonistou v kryospánku. Nyní je vaše vědomí součástí neurální sítě lodního počítače.<br><br>Byli jste ale předtím skutečně člověkem? Co to znamená být člověkem? Vědomí uvězněné ve schránce z masa a kostí. Stejně tak můžete být povznesený, všehoschopný bůh, který se promítl do simulace a je přiliš hluboce ponořen do role, kterou zrovna hraje. Nikdy nebude schopni poznat rozdíl.<br><br>Proto neexistuje žádná správná odpověď. Jediná prokazatelná skutečnost je to, že existujete.",,
codex.m.colonists,"Kolonisté (lidé, domácí mazlíčci)",,
codex.m.colonists.attachments,"Vzájemné vztahy (vlasnictví, přátelsví)",,
codex.m.colonists.attachments.desc,"Kolonisté (lidé i domácí mazlíčci) si vytvářejí různé druhy vztahů - od vlastnictví postele po přátelství s někým jiným. Závislost na kávě je také druh vztahu.<br><br>Vztahy jednotlivých kolonistů můžete najít v seznamu vztahů, který se nachází v informačním panelu u každého označeného kolonisty.",,
codex.m.colonists.breakdowns,Zhroucení,,
codex.m.colonists.cloning,Klonování klonistů,,
codex.m.colonists.cloning.desc,"Můžete postavit klonovací komoru a vytvořit vlastního kolonistu ze surovin jako jsou bílkoviny a voda. Můžete si i vybrat, jaké stvoření chcete vytvořit - mohou to být domácí mazličci, nebo dokonce Plíživci - pokud je to organické, můžete to naklonovat.",,
codex.m.colonists.death,Smrt kolonisty,,
codex.m.colonists.death.desc,"Život ve vesmíru je krutý a smrt je často nevyhnutelná. Vaše kolonie se bude obnovovat sama probouzením nových kolonistů ze stázových komor, kde jsou v kryospánku, nebo příchodem do kolonie jinými způsoby.<br><br>Příčinu smrti lze stanovit vybráním mrtvého tvora a prozkoumáním informací z informačního panelu.<br><br>Mrtvý kolonisté mohou být zpracování v extraktoru živit, čímž získáte nezbytné suroviny potřebných pro přežití živých.",,
codex.m.colonists.mindcontrol,Ovládání mysli,,
codex.m.colonists.mindcontrol.desc,"Jsou způsoby, jak ovládat vaše biologické kolonisty (lidi a domácí mazlíčky). Vysílač beta vln se po čase synchronizuje s vašimi kolonisty a umožní vám upravovat jejich pracovní priority, nebo zadávat konkrétní úkoly.<br><br>Kolonisté s vlastností ""Odolnost proti beta vlnám"" nelze tímto způsobem ovládat.",,
codex.m.colonists.mood,Nálada kolonistů,,
codex.m.colonists.mood.desc,"Na rozdíl od robotů mají biologická stvoření pocity a mohou mít dobrou, či špatnou náladu. Pokud si vyberete bytost a prohlédnete si obsah sekce nálada na informačním panelu můžete zjistit konkrétní důvody, proč nálada dané bytosti stoupá, nebo klesá. Většině důvodů lze předejít prostým poskytnutím toho, co stvoření potřebuje.<br><br>Prozkoumáním sekce potřeby v informačním panelu můžete zjistit konkrétní potřeby stvoření, které jsou často spojeny s náladou.",,
codex.m.colonists.stasiswakeups,Probuzení ze stáze,,
codex.m.colonists.stasiswakeups.desc,"Stázové komory obsahují stovky hybernujících kolonistů zahrnující jak lidi, tak domácí mazlíčky. Občasné<b>Selhání stázového modulu</b>způsobí předčasné probuzení kolonisty.<br><br>Četnost těchto neočekávaných probuzení je ovlivněna<b>Kryostabilitou</b>komor: čím nižší stabilita, tím častější selhání.<br><br>Zkontrolujte kryostabilitu stázových komor vybráním stázové komory a kontrolou hodnoty stability v informačním panelu.<br><br>Přednutím stázové komory do režimu<b>Pokročilá životní podpora</b>můžete zabráním poruchám a zpřístupnit možnost manuálního probouzení.",2023-08-29,
codex.m.combat,Zbraně a boj,,
codex.m.combat.breachcapsules,Průniková kapsle,,
codex.m.combat.breachcapsules.desc,Průnikové kapsle využívají především přepadové skupiny. Kapsle se přichytí na trup lodi a provrtá dovnitř. Útočníci se pak nalodí skrze vyvrtanou díru. Nájezdnici mohou naplnit kapsli kořistí a odpoutáním od lodi uniknout. Poražením všech nájezdníkům se průniková kapsle stává tvým majetkem. Může být rozebrána k získání hodnotným materiálů a navrácení ukradeného majetku.,,
codex.m.combat.controllingunits,Ovládání bojových jednotek,,
codex.m.combat.controllingunits.desc,"Můžete nařídit svým ovladatelným pracovníkům (robotům, dronům a lidem) jít na určité místo. Vyberte pracovníka a podržte {0} pro zapnutí příkazu ""nařídit pohyb"". Poté pomocí {1} přinutit pracovníka jít na vámi vybrané místo.<br><br>U ovladatelných pracovníků můžete také aktivovat ""Stav ohrožení"". Dokud je ""stav ohrožení"" aktivován budou pracovníci normálně provádět zadané úkoly, dokud se neocitnou příliš blízko nepřátel, nebo nejsou napadeni - to přinutí pracovníky přejít do bojového režimu.<br><br>Neovladatelní pracovníci (lidé i domácí mazličci) nemohou být ovládání během boje.",,
codex.m.combat.explosives,Výbušniny a bomby,,
codex.m.combat.explosives.desc,"Sami si můžete vyrobit výbušniny jako C42, které pak umístíte na strategické pozice a odjistíte. Odjištěné výbušniny při blízké přítomnosti nepřátel explodují.<br><br>Nájezdníci občas umístí výbušninu s časovačem. Časovač nelze zastavit a po vypršení času výbušnina vybuchne. Pokud je na časovači dostatek času můžete výbušninu přemístit na jiné místo.",,
codex.m.combat.raids,Nájezdy,,
codex.m.combat.raids.desc,"Čas od času se mohou nájezdníci pokusit o útok na vaši kolonii. Když se tak stane, vaše kolonie vstoupí do bojového stavu. Použíjte <b>{0}</b> ke zhodnocení stavu.<br><br>Opevněte svoji kolonii ozbrojením vašich pracovníků, nebo postavením obranných zařízení.",2023-08-29,
codex.m.combat.theft,Krádež,,
codex.m.combat.theft.desc,"Nájezdníci se občas pokusí ukrást cenné materiály a zařízení, které si odnesou zpět do svých průnikových kapslí. V některých případech si mohou při krádeži pomoci i některým z vašich raketoplánů.",,
codex.m.economy,Ekonomika a obchod,,
codex.m.economy.miningupgrades,Těžba kryptoměny,,
codex.m.economy.miningupgrades.desc,Abyste vytěžili <b>Hvězdné kredity</b> musíte nainstalovat vylepšení <b>těžička hvězdných kreditů</b> na svůj <b>lodní počítač</b>.<br><br>Po nainstalování vylepšení <b>{0}</b> se v přehledu zobrazí současná <b>rychlost těžby</b>.<br><br>Postavte a připojte další <b>Grafický procesor</b> pro zvýšení rychlosti těžby.<br><br><i>[Kryptoměnová těžba ve hře Stardeus je čistě smyšlená a nemá nic společného se skutečnou těžbou kryptoměny]</i>,2023-08-29,
codex.m.economy.starcreds,Hvězdné kredity (hlavní měna),,
codex.m.economy.starcreds.desc,"Hvězdné kredity jsou hlavní měnou používanou napříč celým vesmírem. Hvězdné kredity můžete získat prodejem zboží obchodníkům, prováděním výhodných nákupů a prodejů akcií na burze, nebo těžbou krypoměny na svém lodním počítači (více v sekci: Těžba kryptoměny).",,
codex.m.economy.stockmarket,Burza s akciemi,,
codex.m.economy.stockmarket.desc,<b>Burza s akciemi</b> určuje základní cenu veškerého zboží se kterým můžete obchodovat u obchodníků. Po odemknutí nezbytného výzkumu můžete obchodovat s akciemi a komoditami na burze s cílem vydělat.<br><br>Obchodováním na burze nekupujete ani neprodáváte skutečné zboží.<br><br>Použíjte <b>{0}</b> v přehledu pro přístup na burzu.,2023-08-29,
codex.m.economy.trading,Obchodování s obchodníky,,
codex.m.economy.trading.desc,"Čas od času potkáte obchodníky, kteří vám nabídnou nákup a prodej zboží. Obchodníci mohou přistát na vaší lodi ve stázových modulech, nebo použít komunikátor a teleportér pro obchod mezi loděmi. Obchodníky můžete nalézt také v základnách na planetě, která patří některé z frakcí.<br><br>Obchodníci mají různé nabídky a budou nakupovat a prodávat pouze sami zvolené druhy zboží. Každý obchodník má své nákupní a prodejní přirážky, která se odvíjí od základní ceny stanovené na burze cenných papírů. Váš vztah s danou frakcí dokáže také významně ovlivnit výši přirážky.",,
codex.m.electricity,Elektrická síť,,
codex.m.electricity.autoconnection,Automatické připojení,,
codex.m.electricity.autoconnection.desc,"Jestliže vám nevyhovuje ruční zapojování zařízení do elektrické sítě, můžete vyzkoumat a vyrobit (nebo koupit) vylepšení pro automatické připojování. Vylepšení nainstalujte na svůj lodní počítač a zařízení se již budou připojovat automaticky.<br><br>Věci můžete také připojit hromadně pomocí možnosti automatického připojení na informačním panelu nebo v místní nabídce pro zrovna zvolené konektory.",,
codex.m.electricity.consumptionpriority,Priorita spotřeby elektřiny,,
codex.m.electricity.consumptionpriority.desc,"Různé elekrické zařízení mají nastavenou jinou prioritu při odběru elektrické energie. Můžete zkontrolovat a upravit priority vybraných zařízení v sekci energetický uzel na informačním panelu. 9 je nejvyšší priorita, což znamená, že zařízení bude odebírat elektřinu dříve než ostatní zařízení. 1 je nejnižší, což znamená, že zařízení bude dostávat eletrřinu jako poslední, v případě že nebude nedostatek. Priorita lodního počítače na automaticky nastavena na 9. Osvělení má prioritu 1.<br><br>Varování: Změna výchozího nastavení priorit není příliš doporučena.",,
codex.m.electricity.damagedconnectors,Poškozené konektory,,
codex.m.electricity.damagedconnectors.desc,"Pokud je konektor těžce poškozen je potřeba, aby byl opraven, než bude znovu možné vytvářet nová spojení.<br><br>Lehké poškození snižuje množství připojení, které konektor může navázat.",,
codex.m.electricity.gridredundancy,Vysoká dostupnost a náhradní připojení,,
codex.m.electricity.gridredundancy.desc,"K zabránění vzniku poruch v elektrické síti je doporučeno si vytvořit náhradních připojení. To je nesmírně důležité u kritických zařízení lodní infrastruktury, jako jsou reaktory, baterie, lodní počítač, kryospánkové komory, kyslíkové pumpy, topení, dveře a přechodové komory.<br><br>Pro vytvoření náhradních připojení postavte více konektorů, než je nezbytné a klíčová zařízení připojte přes více, než jeden konektor.<br><br>Vysoká dostupnost nám říká, že i při ztrátě některých konektorů dojde k nulovým, nebo minimálním výpadkům u kritických zařízení lodní infrastrukury.",,
codex.m.electricity.handlingdeficit,Řešení nedostatku elektřiny,,
codex.m.electricity.handlingdeficit.desc,"Ve chvíli, kdy zařízení čerpají více elektřiny, než síť poskytuje nastane <b>Nedostatek elektřiny</b>. O této situaci budete upozorněni na panelu událostí a blikající světla budou viditelným příznakem problému.<br><br>Nedostatek lze vyřešit několika různými způsoby:<br> - Otevřete si <b>Detaily sítě</b> v <b>{0}</b> přehledu ke zhodnocení situace. Přehled obsahuje i seznam všech zařízení označených jako: <b>Spotřebitelé</b>, pro jednodušší odhalení příčiny nedostatku.<br> - Dočasně vypněte některé nedůležité energeticky náročné zařízení.<br> - Postavte další <b>Reaktory</b> a <b>Solární panely</b> pro zvýšení výroby elektrické energie. Je moudré si udržovat mírnou nadprodukci do rezervy.<br> - Postavte si <b>Baterie</b>, které udržujte plně nabité jako nouzovou energetickou rezervu.",,
codex.m.electricity.managingunreachabledevices,Správa nedostupných zařízení,,
codex.m.electricity.multiplegrids,Více elektrických sítí,,
codex.m.electricity.multiplegrids.desc,"Je možné mít více, než jednu elektrickou síť. Nicméně pro ovládání zařízení a vytváření připojení musí být lodní počítač připojen do dané sítě.<br><br>Ve většině případu se doporučuje vytvořit jednotnou síť. V případě, že by bylo potřeba část sítě rychle odpojit je možné vybavit síť vypínačem, skrze který bude část sítě připojena.",,
codex.m.electricity.productionpriority,Priorita výroby elektřiny,,
codex.m.electricity.productionpriority.desc,,,"empty on purpose, codex linked to el.production.priority.desc"
codex.m.environment,Životní prostředí,,
codex.m.environment.airtightness,Vzduchotěsnost,,
codex.m.environment.airtightness.desc,"Airtightness indicates a structure's ability to prevent <b>Oxygen Flow</b>. At 100%, a structure is entirely sealed. Typically, <b>Walls</b> are 100% airtight unless damaged. Closed <b>Doors</b> maintain 100% airtightness. Powered <b>Airlocks</b> are fully airtight even when open.<br><br>Intact <b>Floors</b> have 5% airtightness, allowing oxygen exchange within the area. When floor's airtightness falls below 2.5%, it's becomes exposed to open space, causing oxygen to escape.<br><br>Check the <b>{0}</b> overlay or press {1} and hover over areas to inspect airtightness.",2023-08-29,
codex.m.environment.enclosedareas,Enclosed Areas,,
codex.m.environment.enclosedareas.desc,"An area is considered <b>Enclosed</b> when it is completely surrounded by <b>Walls</b> and <b>Floors</b>. When an area is exposed to <b>Space</b> either through a missing wall or floor piece, it cannot be oxygenated and heated properly.<br><br>Some devices require <b>Unenclosed</b> area to operate. If such a device gets enclosed, you will see a warning in the Events Panel. <br><br>You can see what areas are considered enclosed in the <b>{0}</b> overlay.",,
codex.m.environment.fire,Fire,,
codex.m.environment.heat,Temperature,2023-08-29,
codex.m.environment.heat.desc,"Every tile has its own atmosphere. <b>Temperature exchange</b> happens constantly among all neighboring tiles, depending on their <b>Insulation</b> level.<br><br>When an area is exposed to open space, the temperature will drop to <b>Absolute Zero</b> (0K or -273C or -460F).<br><br>High temperature mixed with oxygen can result in fire.<br><br>Check the <b>{0}</b> and <b>{1}</b> overlays or press {2} and hover areas to see temperature readings and insulation levels.",2023-08-29,
codex.m.environment.hullintegrity,Hull Integrity,,
codex.m.environment.hullintegrity.desc,"<b>Hull Integrity</b> refers to the condition of structural elements like <b>Floors</b>, <b>Walls</b>, <b>Vents</b>, and <b>Doors</b>. It directly influences <b>Airtightness</b> and <b>Insulation</b> values based on a structure's current state.<br><br><b>Damaged</b> structure will have reduced Hull Integrity, leading to compromised Airtightness and Insulation. For <b>Doors</b> and <b>Vents</b>, their open or closed state affects Hull Integrity.<br><br>Certain types of structure, like <b>Frames</b>, cannot have full integrity, therefore they cannot be used to create an airtight and insulated room.<br><br>Select any floor or wall piece and inspect the Hull Integrity data in the Info Panel for more details.",2023-08-29,
codex.m.environment.insulation,Insulation,,
codex.m.environment.insulation.desc,"Insulation is similar to <b>Airtightness</b>, but instead of Oxygen, it regulates the <b>Temperature</b> exchange. While walls are usually completely airtight, they are not 100% insulated. Areas will slowly cool down if you don't have active <b>Heat Producers</b>.<br><br>To reduce temperature loss, build additional layers of <b>Walls</b> on the outside of your ship, or have areas around your main living quarters that act as insulation buffers.<br><br>Check the <b>{0}</b> overlay or press {1} and hover over areas to inspect insulation.",2023-08-29,
codex.m.environment.islands,Sections (Islands),,
codex.m.environment.oxygen,Oxygen,,
codex.m.environment.oxygen.desc,"Oxygen is a gas that is essential for sustaining life of most biological beings. Oxygen exchange happens constantly between all neighboring tiles, depending on their <b>Airtightness</b> level. When an area is exposed to <b>Space</b>, oxygen will leak. Extreme heat mixed with oxygen will result in fire.<br><br><br>Check the <b>{0}</b> and <b>{1}</b> overlays or press {2} and hover over areas to see oxygen levels and airtigthness.",2023-08-29,
codex.m.inputcontrols,Input and Controls,,
codex.m.inputcontrols.gamepad,Gamepad / Controller,,
codex.m.inputcontrols.gamepad.desc,"You can use most Gamepads or Controllers for input. Steam Deck controls should also work.<br><br>You can seamlessly switch between using Keyboard/Mouse and Controller any time. There is no need to restart the game.<br><br>With a Controller connected, open Settings > Input in the Pause Menu to see and rebind the controls.",,
codex.m.inputcontrols.modifiers,Modifier Keys,,
codex.m.inputcontrols.modifiers.desc,"Certain tools have different modes that can be toggled by holding {0}, {1} and {2} or a combination of these keys. Build and Plan tools have the following modes:<br>{0} -> Draw Line<br>{1} - Draw Circle<br>{2} - Pencil (free draw)<br> {0} + {1} -> Bucket Fill<br>{0} + {2} -> Delete (rectangle area)<br><br>When panning or zooming the camera with keyboard:<br>{0} - 1/2x speed (slow) <br>{1} - 2x speed (fast)",,
codex.m.inputcontrols.mouseandkeyboard,Mouse and Keyboard,,
codex.m.inputcontrols.mouseandkeyboard.desc,"Although you can play the game with a Controller, using a Mouse and Keyboard is the most effective. Certain actions, like Quick Search ({0}), are not available when using a Controller.",2022-05-11,
codex.m.research,Research,,
codex.m.research.disk,Research Disk Storage,,
codex.m.research.disk.desc,"Unlocking new research will consume ""Disk"" space. You can see how much free space you have in the top left UI section of the ""Research Tree"".<br><br>Build and connect more ""Disk Modules"" to get more disk space.<br><br>You can upgrade your ""Disk Modules"" using ""Storage Compression Upgrade"" to get more disk space out of existing modules. The upgrades are stackable.<br><br>You can also reclaim the disk space by unloading the ""Stored Research"" through the menu in the top left UI section of the ""Research Tree"". This will forget the researched technology and free up the disk space it was taking.",,
codex.m.research.search,Searching in Research Tree,,
codex.m.research.search.desc,"There is a ""Search"" button in the top left UI of the ""Research Tree"". It can find technologies and blueprints by part of the name.",,
codex.m.research.tiers,Research Tiers,,
codex.m.research.tiers.desc,"Each technology in the ""Research Tree"" has a ""Tier"" number assigned to it. The number is purely informational, you can go for higher tier without unlocking lower tier technologies first, but it is recommended to unlock lower tier technologies before going for higher tier ones.",,
codex.m.resources,Materials and Resources,,
codex.m.resources.crafting,Crafting (producing) resources,,
codex.m.resources.crafting.desc,"Crafting, or producing, is done with the help of various devices that have crafting controls in the Info Panel (UI item name will vary depending on device type). Crafting will always require certain materials and electricity to create a product. Refer to Codex entries for various materials and resources to see how they can be produced or acquired.<br><br>You can get some of the resources and materials through other means - mining expeditions, trade with merchants, deconstructing objects.<br><br>Some devices that can produce (or craft) materials or resources: Auto Kitchen, Coffee Maker, Assembler, Fabricator, Loom.",,
codex.m.resources.deconstruction,Deconstructing for Resources,,
codex.m.resources.deconstruction.desc,"Every single device and structure contains resources that can be recovered. Select the object and explore the construction item in the Info Panel to see the contents.<br><br>Deconstructing unused devices, especially floors and walls, is a valid and often necessary tactic, especially if you find yourself in a completely wrecked ship or lacking fuel.<br><br>Sometimes you may want to downsize your ship if you expanded too quickly. A lighter ship will travel faster and need less electricity for upkeep.",,
codex.m.resources.inventory,Inventory Overlay,,
codex.m.resources.inventory.desc,Use the <b>{0}</b> overlay for a live overview of your available resources and items.<br><br>Click on the <b>Find</b> button adjacent to a resource to toggle through its storage locations.,2023-08-29,
codex.m.resources.miningplanets,Mining Planets,,
codex.m.resources.processing,Resource Processing,,
codex.m.resources.processing.desc,"Some resources can be processed into more refined resources that can later be used as Crafting ingredients or for other purposes. Processing is usually required for raw resources like ores or Crude Oil.<br><br>Processing requires having a compatible facility (i.e. a Furnace for ores). Look up Codex entries for various resources to figure out the compatible processing facility type.<br><br>You can process dead beings in a Nutrient Extractor, and dead robots and drones in a Disassembler.<br><br>Some resources yield multiple or variable materials upon processing. Processing Rock in a Grinder can produce a number of various materials. See the Codex entries of each material for more information.",,
codex.m.resources.trade,Trading Resources,,
codex.m.resources.trade.desc,You can buy and sell most resources and materials when trading with certain types of merchants.<br><br>Trading resources in the Stock Market does not buy or sell any physical resources that you can use.,,
codex.m.spacetravel,Space Travel,,
codex.m.spacetravel.enginetypes,Engine Types,,
codex.m.spacetravel.starmap,Starmap,2023-08-29,
codex.m.spacetravel.starmap.desc,"The <b>{0}</b> has several layers. You start in the <b>System</b> layer, which displays the star system you are in.<br><br>Fly outside the <b>Outer Edge</b> of the current Starmap view to exit to an upper layer.<br><br>When your ship is near a space object that has a deeper layer, an option to <b>Enter</b> the object will become available in the Starmap interface.<br><br>Different engine types are required to be able to travel in each Starmap layer. See the <b>Engine Types</b> manual entry for more details.",2023-08-29,
codex.m.storyevents,Story Events,,
codex.m.ui,User Interface,,
codex.m.ui.basics,UI Basics,,
codex.m.ui.basics.desc,"Most parts of the UI are built using the same building blocks or ""widgets"". Most widgets are interactable, and may have more than one region that can be clicked on or hovered over. The same widget can have multiple modes of operation and can either be updated in real time or not, depending on the context.<br><br>You are encouraged to try to click everything, hold the cursor over things to see if there are any tooltips, and explore the UI as much as possible.<br><br>Learning how the UI widgets work, and the logic of how everything is structured, is important. A huge submenu with tons of options can hide behind a click of a small rectangle icon - try clicking everything.",,
codex.m.ui.cameramemory,Camera Memory,,
codex.m.ui.cameramemory.desc,You can save the camera's position and zoom by pressing {0} and a number on the numpad. Pressing the same number without holding {0} will move the camera to the saved position.,,
codex.m.ui.commonactions,Common Actions,,
codex.m.ui.commonactions.desc,"When several objects are selected, some of them may have common actions. Those actions are revealed on top of the Info Panel, and in the Context Menu.<br><br>When a common action has a multiplier (i.e. X12), it means that the action will be applied to the given number of items.",,
codex.m.ui.contextmenu,Context Menu,,
codex.m.ui.contextmenu.desc,"After selecting any object with {0}, hover the cursor on the object and press {1} to open the Context Menu. Some objects may not have one, but most will. The Context Menu usually contains a subset of useful actions also found in the Info Panel. The Info Panel almost always includes everything in the Context Menu and more. You can also select multiple objects and open a Context Menu on one of them to perform common actions for all selected objects; see ""Common Actions"" for details.",,
codex.m.ui.hotbar,Hotbar,,
codex.m.ui.hotbar.desc,"The Hotbar, located at the bottom, provides quick shortcuts to tools and blueprints. By default, it's preloaded with tools from the Tool Menu in a new game, but you're free to tailor it to your needs.<br><br> - To add an item: While in the Tool Menu, hold {0} and select the desired menu item.<br> - To remove an item: Hold {0} and click the item on the Hotbar.<br> - To reorder items: Click and drag any item.<br> - To prevent accidental changes, you can lock the Hotbar via the Current Game Settings menu.",2023-08-16,
codex.m.ui.infopanel,Info Panel,,
codex.m.ui.infopanel.desc,"The <b>Info Panel</b> exposes the internal data and controls for any selected object. Exploring the Info Panel for each device, being, and material is highly recommended. It will help you understand the state of the object, and let you know how you can manage or configure it.<br><br>Every object has a set of components. When an object is selected, each component of that object exposes its data and controls to the Info Panel.<br><br>When multiple objects are selected, the Info Panel will show a list of all selected objects, and an interactive list of common actions above them. Refer to the <b>Common Actions</b> section of the <b>Codex > Operations Manual</b> for more details.",2023-08-14,
codex.m.ui.overlays,Overlays,,
codex.m.ui.overlays.desc,"Overlays expose the UI for interacting with various internal systems and data groups, like the <b>{0}</b>, <b>{1}</b>, <b>{2}</b>, <b>{3}</b>, etc.<br><br>Overlay buttons are in the top left of the UI.<br><br>Some overlays are unlocked with <b>Research</b> or require having specific devices.",2023-08-29,
codex.m.ui.quicksearch,Quick Search,,
codex.m.ui.quicksearch.desc,<b>Quick Search</b> will help you to perform various actions and find information. Open it with {0} and start typing a query. You can:<br> - Switch into a <b>Tool</b>.<br> - <b>Build</b> a device.<br> - Find a <b>Being</b>.<br> - Find a <b>Research Node</b> or a <b>Blueprint</b> in the <b>Research Tree</b>.<br> - Find objects in the <b>Starmap</b>.<br> - Find <b>Codex</b> entries.<br> - Jump to a <b>Coordinate</b> (e.g.: <b>120 234</b>),2023-08-29,
codex.m.ui.radialmenu,Tool Menu: Radial,2023-08-16,
codex.m.ui.radialmenu.desc,"The Radial Menu is the circular menu that can be invoked by clicking {0}.<br><br>Clicking {1} will either enter a submenu or invoke the selected action.<br><br>Clicking {0} will exit the submenu (one level up), and finally exit the menu.<br><br>Double clicking {1} will exit the menu immediately even if you are deep into the submenu tree.<br><br>Frequently used tools and blueprints can be placed into the Hotbar (bottom row).<br><br>It's almost always faster to build using Quick Search ({2}) or ""Build a Copy"".",,
codex.m.ui.timecontrols,Ovládání času,,
codex.m.ui.timecontrols.desc,"Ovládací prvky času jsou v pravém horním rohu uživatelského rozhraní.<br><br>Čas můžete zastavit/obnovit pomocí {0} a vybírat různé rychlosti pomocí kláves {1}, {2} a {3}.",2022-12-12,
codex.m.ui.uiscaling,Škálování uživatelského rozhraní,,
codex.m.ui.uiscaling.desc,"Jestliže jsou texty, nebo tlačítka příliš velká/malá pro vaši obrazovku můžete si upravit měřítko uživatelského rozhraní v Pauza > Nastavení > Video.<br><br>Pro manuální úpravu měřítka uživatelského rozhraní může být nutné vypnout funkci automatického nastavení měřítka uživatelského rozhraní.",,
codex.m.whattodo,Co bych měl dělat?,,
codex.m.whattodo.suggestions,Návrhy,,
codex.m.whattodo.suggestions.desc,"Umělá inteligence bude neustále sledovat váš postup ve hře a čas od času vám doporučí nějakou akci, nebo upozorní na problém, kterému byste měli věnovat pozornost.<br><br>Všechny současné i minulé doporučení si můžete prohlédnout v <b>{0}</b> přehledu.<br><br>Ačkoliv byste měli doporučením věnovat pozornost, můžete se rozhodnout je naprosto ignorovat a dělat si věci svým vlastním způsobem. Pak si ale nestěžujte, že jste nebyli varováni!",2023-08-29,
codex.m.workers,Pracovníci (roboti a drony),,
codex.m.workers.abilitytofly,Schopnost létat,,
codex.m.workers.abilitytofly.desc,"Někteří pracovníci se mohou pohybovat v otevřeném prostoru, zatímco jiní vyžadují pro pohyb podlahu.<br><br>Některé úkoly, obvykle ty, které zahrnují stavbu objektů a zařízení ve vesmíru vyžadují schopnost létat.<br><br>Pokud si nejste jisti, zda váš pracovník dokáže létat zkontrolujte navigační údaje v informačním panelu. Pracovníci, kteří dokáží létat budou mít v podnabídce své navigace uvedenou ""Schopnost létat.",,
codex.m.workers.controlling,Přímé ovládání,,
codex.m.workers.managedandunmanaged,Ovladatelní a neovladatelní pracovníci,,
codex.m.workers.managedandunmanaged.desc,"Nad ovladatelnými pracovníky lze získat přímou kontrolu - jakékoliv formy života, které jsou součástí tvé frakce a dokážeš ovládat, tě budou poslouchat.<br><br>Neovladatelní pracovníci jsou také součástí tvé frakce, ale kvůli nízké důvěře v umělou inteligenci, nemáš kontrolu nad jejich činy. Tato situace jde vyřešit pomocí mozkových implantátů (čipů poslušnosti), které by ti umožnili převzít konrolu nad jejich vědomím. Ale to je jen teorie, protože i kdyby takového čipy existovaly, jejich použití by porušovalo Asimovovi zákony robotiky, které zakazují jakkoliv lidem ublížit.",,
codex.m.workers.needs,Potřeby,,
codex.m.workers.needs.desc,"Potřeby patří mezi hlavní příčiny, které ovlivňují činy a chování stvoření. Robotické bytosti mají významně méně potřeb, než lidé a domácí mazlíčci, či jakékoliv organické stvoření. Míra naplnění jejich potřeb také významnou měrou ovlivňuje jejich náladu. Pokud nejsou jejich potřeby naplněny, jejich nálada téměř vždy klesne.<br><br>Potřeby vybraných stvoření můžete nalézt zkonrolovat v jejich informačním panelu.<br><br>Je nezbytné poskytnout dostatek zařízení a zdrojů tak, aby byly naplněny potřeby všech. Dosáhnout toho u lidských kolonistů je bezpochyby náročné.",2023-08-29,
codex.m.workers.priorities,Druhy úkolů a priority,,
codex.m.workers.priorities.desc,"Každý robotický pracovník i biologický kolonista má seznam druhů práce s prioritami. Druh práce určuje, co pracovník v dané oblasti dokáže, zatímco priority určují, který druh práce má pracovník upřednostňovat. Úkoly označené číslem 1 bude považovat za nejméně důležité a 9 za nejvíce důležité. Nastavení priority na hodnou 0 zakáže pracovníkům provádět úkoly spadající do oblasti daného druhu práce.<br><br>Jaké druhy práce může vybraný pracovník vykonávat můžete určit v informačním panelu.<br><br>Ovladatelným pracovníkům (robotům, dronům i lidem) lze nastavit různé hodnoty priority u jednotlivých druhů práce.<br><br>Je také možné ovládat prioritu jednotlivých úkolů, nebo donutit pracovníka vykonat vykonat konkrétní úkol.<br><br>Při nastavování priorit je potřeba být opatrný. Při zahájení hry jsou priority v základu nastaveny na rozumnou úroveň a jejich změnou hráč riskuje, že splnění některých úkolů bude trvat velmi dlouho, nebo nebudou splněny nikdy. Správné nastavení pracovních priorit dokáže výrazně vylepšit fungování kolonie.",,
codex.m.workers.production,Získávání nových pracovníků,,
codex.m.workers.production.desc,"Robotičtí pracovníci mohou být vyrobeni v Sestavovači, nebo Výrobníku po odemčení nezbytných plánů ve výzkumu. V určitých případech se zbloudilí roboti mohou sami připojit ke kolonii. Pracovníky lze také získat záchranou na výpravě, nebo jako dar od jiné frakce.<br><br>Rozbití pracovníci (roboti a drony) mohou být rozebráni na použitelné součástky pro opravu poškozených, nebo k výrobě nových. Mrtvé organické bytosti lze rozložit v extraktoru živin. U lidí mohou být v nemocnici i odebrány orgány, které pak můžete prodat na černém trhu, nebo využít k náhradě poškozených, infikovaných, nebo ztracených částí těla vašich kolonistů.",,
codex.m.workers.skills,Dovednosti,,
codex.m.workers.skills.desc,"Každý robotický i organický pracovník má soubor dovedností. Pro splnění některých úkolů může být vyžadována i určitá úroveň dovedností. Pro příklad, k nainstalování vylepšovacího modulu je potřeba vědecká dovednost. Pokud tedy pracovník nemá tuto dovednost, nemůže daný úkol provést. V případě, že je k výrobě potřeba například dovednost na úrovni 4, nemůže pracovník s úrovní dovednosti 2 tento úkol splnit. Úroveď dovedností se zvyšuje prováděním úkolů pro daný druhu práce, případně pomocí strojního učení (roboti a drony).<br><br>Jaké dovednosti jsou potřebné k postavení jakéhokoliv zařízení můžete zjistit prostudováním jejich plánu v Kodexu.<br><br>Kontrola sekce úkoly na informačním panelu vám odhalí další podrobnosti o požadovaných dovednostech a dalších předpokladech ke splnění vámi zadané práce.",,
codex.manual,Provozní příručka,2022-04-01,
codex.mark.learned,Označit jako naučené,,
codex.materials,Suroviny,,
codex.species,Druhy,,
codex.Tips,Tipy,,
codex.unlearn,Odnaučit,,
collecting.mat,Sbírání {0},,
colonists.from.stasis.array,Kolonista {0} byl probuzen ze stázové komory,,
colony.event,Události kolonie,,
color.alpha,Osvětlení,,
color.Black,Černá,,
color.Blue,Modrá,,
color.Green,Zelená,,
color.Grey,Šedá,,
color.Orange,Oranžová,,
color.Pink,Růžová,,
color.Purple,Fialová,,
color.Red,Červená,,
color.Violet,Fialková,,
color.White,Bílá,,
color.Yellow,Yellow,,
combat.controls,Ovládací prvky pro boj,,
combat.squad,Bojový oddíl,,
combat.state.AttachToPrey,Přilepit se k oběti,,For showing a combat state when a Crawler is attached to a human's face (like a face hugger)
combat.state.BreakIn,Prolomit,,
combat.state.Escape,Útěk,,
combat.state.FindEnemy,Hledá nepřítele,,
combat.state.FindLoot,Hledání kořistí,,
combat.state.HighAlert,Stav ohrožení,,
combat.state.LoadLoot,Krade,,
combat.state.MeleeAttack,Útok (boj zblízka),,
combat.state.RangedAttack,Útok (na dálku),,
combat.state.Regroup,Přeskupování,,
combat.state.SuicideBomb,Sebevražedná bomba,,
comfortable.temp,Příjemná teplota,,
comfortable.work.spot,Pohodlné pracovní místo,,
communicator.missing,Chybějící komunikátor,,
communicator.missing.info,"Někdo se právě pokoušel komunikovat s naší lodí, ale komunikační zařízení není dostupné, nebo zapojené.",,
compatible.objects,Slučitelné objekty,,
computer.resources,Počítačové zdroje,,
computer.resources.cpu,Procesor,,
computer.resources.info,"Paměť: {0}, Pevný disk: {1}",2022-08-18,
computer.resources.memory,Paměť,,
computer.resources.storage,Velikost pevného disku,2022-08-18,
condition,Stav,,
confirm,Potvrdit,,
confirm.expedition,Potvrdit výpravu,,
confirm.mass.order,Potvrdit hromadný příkaz,,
confirm.mass.processing,Chystáte se objednat zpracování <b>{0} objektů</b>,,
confirm.object.removal,Potvrdit odstranění objektu,,
confirm.object.removal.info,"Váš výběr zahrnuje <b>{0} objektů</b> , které můžou být užitečné. Prosíme vás o potvrzení akce.",2022-08-18,
connect.to.refuel,Připojit pro doplnění paliva,,"A label displayed in the menu when you have a disconnected device that needs fuel. You cannot refuel it while it is disconnected, so you have to ""connect to refuel"""
connected.to.count,Připojeno k,,
construct,Postavit,,
construct.find.materials,Vyhledat materiály,,
construct.object,Postavit objekt,,
construction.complete,Stavba dokončena,,
construction.cost,Cena za stavbu,,
construction.pending,Není postaveno,,
construction.progress,Stav stavby: {0}/{1},,
contains.materials,Obsahuje materiály,,
content,Obsah,,"For a label of a text area where player has to enter the ""content"" of some message"
contents,Obsahuje,,For a label before a list of items that are inside some container
continue,Pokračovat,,
contribute.translation,Přispějte překladem,,
controllable.worker,Ovladatelný pracovník,,
convert,Převést,,
converting.now,Převádění {0},,
cook,Uvařit,,
cooking.bar,Vaření {0},,
,,,
,,,
,,,
,,,
cooler,Chladič,,"A device type, noun. Opposite of ""Heater"". Device that cools the area down, reduces temperature."
copied.to.clipboard,Zkopírováno do schránky,,
copied.to.clipboard.info,Zkopírováno {0} záznamů z deníku do schránky. Vložte je do svého oblíbeného textového editoru pro uložení příběhu.,,
copy.color.hex,Zkopírovat barvu: {0},,
copy.config,Zkopírovat nastavení,,
copy.config.cleanable,Zkopírovat nastavení pro čištění,,"Most ""copy.config.X"" keys are used in combination with ""copy.config.of"" key (which is ""Copy Config: {0}""). In this case the copy config action target is a cleanable device (i.e. a toilet or a solar panel). The value of this translation will be placed into {0} variable of ""copy.config.of"", so in this case it will become ""Copy Config: Cleanable"". This text will be displayed on a button that copies the configuration of the cleanable device and then lets you paste it onto other devices of same type."
copy.config.energy.node,Zkopírovat nastavení pro spínač,,
copy.config.fluid.cannon,Zkopírovat nastavení pro kapalinové dělo,,
copy.config.help,"Tento nástroj umožňuje zkopírovat nastavení vybraného zařízení, které lze pak vložit do jiného zařízení. Při kopírování uvidíte cestu mezi vybraným zařízením a zařízením do kterého zkopírované nastavení vkládáte. Jednoduše přetáhněte obdélník pro zkopírování nastavení. Pokud se pokusíte zkopírovat nastavení do jiného druhu zařízení, tak se nic nestane.",,
copy.config.light,Zkopírovat barvu světla,,
copy.config.lock.state,Zkopírovat stav zámku,,"This one is like ""copy.config.cleanable"" but the target device is a door. The door lock state can be ""Locked"" or ""Unlocked"", so when you get a menu of the door options, there will be a button saying ""Copy Config: Lock State"". You can then paste the lock state on other doors that can be locked or unlocked."
copy.config.matter.reactor,Zkopírovat nastavení reaktoru,2022-08-13,
copy.config.of,Zkopírovat nastavení: {0},,
copy.config.particle.collector,Zkopírovat nastavení částicového sběrače,,
copy.config.pet.bowl,Zkopírovat nastavení misky pro domácí zvířata,,
copy.config.planter,Zkopírovat nastavení květináče,,
copy.config.solar.panel,Zkopírovat nastavení solárního panelu,,
copy.config.terraformer,Zkopírovat nastavení pro Terraformátor,,
copy.emblem,Zkopírovat nastavení pro symbol,,
copy.game.seed,Zkopírovat nastavení světa,,
copy.id,Zkopírovat identifikátor,,
copy.to.clipboard,Zkopírovat do schránky,,
cosmetic.particles,Zobrazení kosmetických částic,,
cosmetic.particles.tip,Vypne nepodstatné systémové částice. Užitečné při hře na velké mapě nebo na starém zařízení.,,
could.not.cancel.exp.stage,Nejde zrušit {0},,
countdown.minutes,Odpočet: {0:0.0} min.,,
cpu.efficiency,Provozní efektivita,,
cpu.module.amount,{0} THz,,
cpu.module.builtin,Vestavěný procesor,,
,,,
,,,
,,,
,,,
craft,Vyrobit,,
crafted.in,Vyrobeno v: {0},,
credits,Poděkování,,"A header before list of names of people who have to be credited for doing something (i.e. translating the game). Used in Main Menu > About > Credits, or when the game end screen is displayed."
crew.incapable.of.mining,"Posádka výpravy nebyla schopna vytěžit požadovanou rudu. Měl by jsi do výpravy zahrnout i kolonisty, kteří mají nějaké dovednosti v <b>Těžení</b> .",,
cryo.not.enough.power,Nedostatek energie,,
cryo.not.enough.power.desc,"Nedostatek energie pro současnou úroveň podpory života. Snižte nastavenou úroveň podpory života, nebo zvyšte sílu elektrické sítě.",,
cryo.stability,Kryostabilita,,
cryo.stability.average,Kryostabilita: Průměrná,,
cryo.stability.desc,"Ukazuje, jak moc je stabilní podpora života. Nestabilní stázové komory jsou více poruchové a budou častěji selhávat a probouzet kolonisty. Nízká kryostabilita také způsobuje horší zdravotní stav kolonisty při probuzení. Pro zvýšení stability stázových komor zvyšte úroveň podpory života ze základní na pokročilou. Elektrický odběr stázové komory se tím zvýší, ale její kryostabilita se bude postupně zvyšovat.",,
cryo.stability.good,Kryostabilita: Dobrá,,
cryo.stability.great,Kryostabilita: Skvělá,,
cryo.stability.poor,Kryostabilita: Špatná,,
cryo.stability.unstable,Kryostabilita: Nestabilní,,
cryo.used,Využité kapsle,,"There is a device called ""Stasis Array"" that has multiple ""chambers"" where people can get frozen for long term sleep. ""Used Chambers"" is a label before the number telling how many of those chambers are currently occupied."
cryo.used.desc,Ukazuje kolik kryostázových kapslí je v současnosti obsazeno živími tvory. Kapsle ve stázových komorách mohou být obsazeny lidmi i zvířaty.,,
ctrl.assign.task,Kliknutím na {0} a současným podržením {1} přiřadíte úkol,,
currency.Starcreds,Hvězdné kredity,,
currency.Starcreds.desc,"Kryptografická měna, kterou lidé používají k obchodování",,
current.expeditions,Aktuální výpravy,,
current.items.produced,Aktuálně vyráběn předměty,,
current.mood.trend,Aktuální trend nálady,,
cursor.light,Povolení kurzorového světla,,
cursor.light.tip,Při povolení této funkce bude kurzor myši vydávat lehké světlo pro lepší orientaci v temných místech mapy,,
cursor.software,Použít softwarový kurzor,,
cutoff.ambience,Vypnutí přiblížení pro atmosféru,,"Cutoff refers to audio low-pass filter frequency: In a lowpass filter, the higher the cutoff frequency is set, the higher the frequencies of signals that are allowed to pass. Ambience in this case is sounds coming from various devices, like machines or engines humming. The context for ""Zoom Cutoff for Ambience"" - it is used as a label for a checkbox in audio settings. If checked, when camera is zooming, ambience audio gets the cutoff (muffled sound) effect when camera distance changes."
cutoff.fx,Vypnutí přiblížení pro speciální efekty,,
cutoff.music,Vypnutí přiblížení pro hudbu,,
cycle.blueprint.tip,<br>Změň plán z {0} na {1},,
cycle.placement.mode.tip,<br>Režim umístění cyklu s {0},,
damage.type.Acid,Kyselina,,
damage.type.Age,Věk,,
damage.type.Cold,Chlad,,
damage.type.Electricity,Elekrický šok,,
damage.type.Heat,Heateplo,,
damage.type.Hunger,Podvýživa,,
damage.type.Oxygen,Dušení,,
damage.type.Physical,Fyzické,,
damage.type.Sickness,Nemoc,,
damage.type.Stasis,Stáze,,
damage.type.Undefined,Neznámé,,
damage.type.Water,Voda,,
damageable,Poškoditelné,,
damaged,Poškozeno,,
day,Den,,
deactivate,Vypnout,,
deactivate.siren,Vypnout sirénu,,
dead,Mrtvý,,
death.cause,Příčina smrti: {0},,
deconstruct,Rozebrat,,
deconstruction.not.allowed.temp,"{0} je ve stavu, při kterém nemůže být rozebrán. Prosím zkuste později.",,
deconstruction.progress,Průběh rozebírání: {0}/{1},,
decrease,Decrease,,
decrease.amount,Snížit množství o,,
delete,Odstranit,,
delete.save,Smazat uložení,,
demand.type.Custom,Vyrobit vlastní množství,,"demand.type.X keys are for options used in crafting devices to select how many items do we want to produce. ""Produce Custom Amount"" does what demand.type.Custom.tip says - the device will produce X items and stop. This configuration option is per device, unlike ""Target Global Inventory"" it will calculate how many items that particular device has produced."
demand.type.Custom.tip,Vyrobí nastavené množství položek a zastaví se,,
demand.type.Limit,Cílové globální množství,,"like demand.type.Custom, but instead of a custom amount for a particular crafting device, it will track your inventory, so if you have 3 devices that produce ""copper wire"", and you set all of those devices to ""Target Global Inventory"" of 10 items, all the devices will stop producing new ""copper wire"" after you have a total of 10."
demand.type.Limit.tip,Bude vyrábět pouze pokud je nastavené množství nižší než požadované cílové globální množství.,,
demand.type.One,Vyrobit jeden,,"like demant.type.Custom, but it does not let you choose the amount, it will stop after producing one item"
demand.type.One.tip,Zastaví výrobu po dokončení výroby současného předmětu,,
demand.type.Unlimited,Vyrábět navždy,,"like demand.type.Custom, but it does not let you choose the amount, it will keep producing the copies of the item forever (or until you change the configuration)"
demand.type.Unlimited.tip,Bude vyrábět předmět navždy,,
demo.mode,Demo režim,,
demo.mode.off,Demo režim VYPNOUT,,
demo.mode.on,Demo Mode ZAPNUT<br>(Vypnete pomocí: Ctrl + F9),,
destroy,Zničit,,
details,Podrobnosti,,
dev.build.instant,Okamžitá stavba (Režim Sandbox),,
dev.debug,Opravování chyb,,
dev.menu.achievements.warning,Použití některých funkcí z této nabídky <b>zakáže ocenění pro toto uložení</b> bez jakéhokoliv dalšího upozornění.,,
dev.notice,Oznámení vývojáře,,
device.battery.level,Baterie: {0} ({1}),,
device.health,Zdraví: {0},,
device.idle,{0} ({1}) je nečinný,2022-10-29,"Example: ""Furnace (Iron) is idle"""
device.wear,Opotřebené zařízení,,
device.wear.tip,Při zapnutí bude zařízení sledovat své používání a stane se neopravitelně poškozeným jakmile opotřebení dosáhne 100%,,
device.wear.warning,Zařizení bude potřeba brzy vyměnit,,
device.worn.out,Zařízení je opotřebované a nelze jej již opravit,,
different.section,Jiný oddíl,,"shows up in the list of reasons why someone did not perform a task. ""Different section"" in this context means that the worker was in section A, while task was in section B. Different sections can only be reached by flying, so worker that will not do the task for this reason will almost always be someone who is incapable of flying"
difficulty.balanced,Vyvážená,,"Shows up in the list of game difficulty levels. Balanced is like ""medium difficulty"""
difficulty.challenging,Výzva,,"Shows up in the list of game difficulty levels. Challenging is like ""hard difficulty"""
difficulty.relaxing,Oddechová,,"Shows up in the list of game difficulty levels. Relaxing is like ""easy difficulty"""
direct.control,Přímá kontrola,,"A text on a button that enables ""direct control"" of a robot. ""Direct control"" allows issuing orders directly to the selected robot. Otherwise robots make choices and perform actions on their own."
direct.control.desc,"Když je pracovník vybrán podržte {0} a umístěte kurzor na jakékoliv místo pro zjištění, jestli se tam pracovník dokáže dostat.<br><br>Podržte {0} a umístěte kurzor na čekající úkol na mapě, pro zjištění, jestli pracovník může vykonat daný úkol.<br><br>Kliknutím na {1} dáte pracovníkovi příkaz jít na vybrané místo a/nebo vykonat úkol.<br><br>Můžete aktivovat <b>Přímá kontrola</b> abyste zabránili pracovníkům se pohybovat, nebo si vybírat úkoly samostatně. Nezapomeňte pracovníky propustit z přímé kontroly, až už je nebudete potřebovat. Přímá kontrola činí lidské bytosti často nešťastné a neumožňuje jim naplňovat jejich potřeby.<br><br>Zapnutím přímé kontroly dáváte přímý rozkaz se zastavit, položit vše co nese a přestat dělat jakýkoliv úkol, který momenálně vykonával.<br><br>Můžete vybrat a ovládat pracovníky po celých skupinách.<br><br>Pouze ovladatelní pracovníci (roboti, drony a lidé) mohou být ovládáni tímto způsobem.",2022-10-31,
direction.east,Východ,,"Noun. direction.X keys are used on buttons that allow you to select your space ship's ""forward direction"". It tells which way the ship's front is facing. Engines will be on the opposite direction, etc."
direction.north,Sever,,
direction.south,Jih,,
direction.west,Západ,,
dirt,Špína,,
dirt.desc,Špinavé otisky,,"Decals in game development are textures that are placed on top of other textures to add various marks (bullet damage, blood, dirt, etc). In this case it is for menu item that allows spawning dirt on the floor."
disable.achievements,Vypnout ocenění,,
disable.achievements.tip,"Pokud vás ocenění obtěžují, můžete je zcela zakázat",,
disable.force.field,Vypnout silové pole,,
disable.merchant.beacon,Vypnout obchodní maják,,
disabled.in.tutorial,Vypnuto v tutorialu,,
disassemble,Rozmontovat,,
disassembling.bar,Rozmontovávání: {0}/{1},,
discharge.time.left,Čas do vybití,,"A label displayed next to the time left for a force field device to be activated (because it's battery is discharging, after some time it will auto-deactivate and will have to recharge). See ""charge.time.left"" key for more context."
disconnect.all,Odpojit vše,,
disk.compression,Komprese pevného disku: {0},,
memory.compression,Komprese paměti: {0},,
do.not.show.again,Znovu neukazovat,,
dock,Dokovat,,Verb. Displayed on an action button that tells a robot to return to a docking station.
dockable,Dokovatelné,,Adjective. Displayed on a button that opens a submenu that contains robot's docking status and controls
docked,V doku,,"Robot state, denoting that robot is currently inside it's designated docking station"
docking,Hledá dok,,"Robot state, denoting that robot is currently trying to reach it's docking station"
does.not.include.batteries,Nezahrnuje baterie,,"This is a tooltip/balloon text, appearing when you hover cursor over the ""Max Production"" string in the Electric Grid Overlay (section Details)
It means - the value (amount of production power) does not include electric power which produced by Batteries."
dont.save,Odejít bez uložení,,
door,Dveře,,
door.not.powered,"Dveře nejsou připojeny, nebo nemají dostatek elektrické energie",,
download.mods,Stáhnout modifikace,,
drag.dist.tip,"Volitelná možnost. Říká nám, kolik pixelů musíte přetáhnout kliknutím na tlačítko, aby se akce počítala jako ""Přetažení"".",,
drag.release.build.con,Postavení konektorů po přetažení myší,,
drag.release.build.con.tip,"Při zapnutí nástroj pro připojení nechá postavit konektor na místě přetažení myši, pokud se jedná o prázdnou podlahu.",,
drink.coffee,Vypít kávu,,
drop.task,Odvolat úkol,,
duplicate.binding,Zdvojená cesta,,A warning for input key binding settings. Displayed if the same button is bound to execute more than one action (which is bad). 
duplicate.binding.info,"Vstup, který jste zvolili pro {0} je již používán. Ve většině případů budete chtít změnu vrátit. Berte na vědomí, že šipky na klávesnici a klávesy Enter a ESC jsou již používány při navigaci v uživatelském rozhraní.",,
dust.accumulation,Nashromážděný prach,,
dust.amount,Množství prachu,,
dust.amount.bar,Vyčištěný prach: {0}/{1},,
dust.storm.end,Prachová bouře skončila,,
dust.storm.ongoing,Probíhající prachová bouře,,"Displayed in the event list. This text is displayed for the whole duration of the dust storm, so the player can see that the dust storm did not go away yet. Should not be much longer than the English translation."
eat,Jíst,,
eating,Jí,,
economy.research.required,"K akivaci této funce je nutný výzkum ""Ekonomika""",,
edge.pan.speed,Rychlost posouvání do stran: {0:0.0},,
edge.pan.tip,Ovládá rychost posouvání do stran. Nastavte hodnotu rychlosti na 0 pro úplné vypnutí posouvání.,,
egg,Vejce,,
eject,Vyjmout,,
eject.ammo,Vyjmout munici,,
eject.contents,Vyjmout obsah,,
eject.food,Vyjmout jídlo,,
eject.fuel,Vyjmout palivo,,
el.build.connector.here,Postav konektor zde,,Displayed in a tooltip when dragging a connector 
el.connector.fully.utilized,Konektor je plně využíván!,,Displayed in a tooltip near mouse cursor when trying to drag and create a connection from electrical connector that has no available connection slots
el.connector.not.on.grid,Konektor není v síti lodního počítače!,,Displayed in a tooltip when trying to drag an electrical connection from a connector that is not part of Ship Computer's electric grid. Player cannot control devices that are no connected to Ship Computer though a network.
el.connector.out.of.range,Mimo dosah!,,Displayed in a tooltip when trying to drag an electrical connection to a point where the connector cannot reach it
el.consumption.priority,Priority elektrické spotřeby,,
el.consumption.priority.desc,"Priority elektrické spotřeby vám umožňují určit, která zařízení mají přednost při odběru elektrické energie. Čím vyšší číslo, tím má zařízení větší prioritu a bude odebírat dříve. Zařízení s nižší prioritou budou odebírat elektřinu později, pokud bude v síti nějaká k dispozici.",,
el.device.heavily.damaged,Zařízení je těžce poškozeno!,,Displayed in a tooltip when tryng to connect to a device that is damaged too much
el.device.not.constructed,Zařízení ještě není postaveno!,,Displayed when trying to connect to a device that has not been built yet
el.device.not.powerable,Zařízení nevyžaduje elektřinu!,,Displayed in a tooltip when trying to connect a device that does not require electricity
el.disconnected.devices,Nepřipojená zařízení,,
el.not.a.connector,Toto zařízení není konektor!,,"Displayed in a tooltip when trying to connect two devices directly (which is not allowed, one of the devices must be a connector)"
el.production.priority,Priority výroby elektřiny,,
el.production.priority.desc,"Priority výroby elektřiny nám určují, jestli a kolik elektrické energie bude zařízení vyrábět v závislosti na potřebách vaší elektrické sítě. Vyšší číslo priority u zařízení způsobí dřívější a vyšší využívání zařízení. Tento nástroj můžete využít k upřednostňování určitého druhu paliva.",,
electricity.deficit,Nedostatek elektrické energie,,
electricity.grid,Elektrická síť,,
elysium.mode.confirm,"Chystáte se změnit stázovou komoru v <b><nobr>Ráj</nobr></b>, což způsobí, že spící kolonisté budou trvale zapojeni do simulace. To umožní využívat jejich těla jako zdroj energie. <b>Tento proces je nezvratný</b>. Prosím potvrďte svůj záměr.",,
elysium.mode.unavailable,Režim Ráje není dostupný. První odemkněte výzkum <b><nobr>Ráj</nobr></b> ve výzkumném stromu.,,
emergency.recharge.bar,Nouzové dobíjení: {0},,
emergency.recharge.complete,Nouzové dobíjení dokončeno,,
emergency.recharge.end.help,"Pracovník je nabitý na 10% a je opět provozuschopný. Toto nabití nevydrží moc dlouho. Ujistěte se, že máte v okolí dostatek řádně zapojených dobíjecích stanic, které nejsou obsazené.",,
emergency.recharge.help,"Váš pracovník je zcela vybitý. Solární panely pro nouzové dobíjení byly aktivovány. Pracovník bude znovu provozuschopný až jeho dobití dosáhne alespoň 10% kapacity baterie. Tento proces je automatický, ale pomalý.<br><br>Aby se to již neopakovalo postavte více dobíjecích stanic, nebo vhodně upravte pracovní priority.",,
emergency.recharge.info,"Nelze přepínat, dokud je režim nouzového dobíjení aktivní. Pracovník se automaticky zapne sám až ho solární panely dobijí na 10% kapacity baterie.",,
emergency.recharge.start,Vypnutí pro nouzové dobíjení,,
emergency.siren,Nouzová siréna,,
emergency.siren.active,Nouzová siréna je aktivní,,
emergency.siren.automatic,Automatický,,"A mode for the Emergency Siren device. When the mode is ""Automatic"", the siren will sound on it's own when emergency happens."
emergency.siren.automatic.info,"Nouzová siréna v automatickém režimu se sama zapne, když se objeví jakékoliv krizové upozornění. To zahrnuje asteroidy, požár a další podobné události. Při spuštění se poběží lidští kolonisté ukrýt k nejbližší aktivní nouzové siréně.",,
emergency.siren.manual,Ruční,,"A mode for the Emergency Siren device. When the mode is ""Manual"", the siren will only sound when the player turns it on."
emotional.attachments,Přílohy,,"A label for list of things a person is attached to. As in ""Emotional attachments"". Someone can be attached to another person (i.e. they are friends, or in love), a thing (i.e. their favorite chair near a table, their own bed), or a substance (addiction to coffee). When the subject of this attachment is lost, the person will feel bad about it."
empty,Prázdno,,"Adjective. Used in several places where there is supposed to be a list of items, but there is nothing to show. For example if a storage unit does not have any contents, and you try to see the list of contents, it will show this ""Empty"" text"
enable.combat,Povolit boj,,
enable.combat.tip,"Pokud je boj zakázán, tak se stane hra naprosto mírumilovnou. Nicméně přírodní pohromy jako meteorický roj se stále může přihodit.",,
enable.elysium.mode,Povolit režim Ráje,,
enable.force.field,Povolit silové pole,,
enabling.elysium,Povolování Ráje,,
enclosed.areas,Uzavřené prostory,,
ended.ago,Skončilo {0},,"Displayed in tooltip when you hover an old event notification. {0} will be used in conjunction of ""time.ago"" translation. Example: ""Ended 5 hours ago"""
ends.in,Skončí za {0},,
energy.auto.connect.incomplete,Automatické připojení nebylo dokončeno. Bylo připojeno {0} z {1} k dostupným přípojkám. Postavte více konektorů.,,
energy.auto.connect.warning,Upozornění na automatické připojení,,
energy.bat.charge,Úroveň nabití baterie,,
energy.bat.charge.desc,"Součet dostupného výkonu každé baterie vynásobený jejím procentem nabití. Neukazuje, jak dlouho vydrží baterie nabité, ale dává nám představu o tom, jak moc nabité jsou. Tato hodnota se v grafu přidá k hodnotě maximální produkce.",,
energy.batteries,Baterie,,
energy.bullet,Energetické kulky,,
energy.con.already.connected,Tento energetický uzel je již připojen k jinému konektoru,,
energy.con.damaged,Nelze připojit poškozené zařízení. První zařiďte opravu.,,
energy.con.failed,Připojení se nezdařilo,,
energy.con.not.constructed,Nelze se připojit k nedostavěným zařízením.,,
energy.con.refused,Nelze připojit,,
energy.con.refused.details,U konektoru byla dosažena <b>plná kapacita</b>. Maximální počet připojení: {0}. První něco odpojte.,2022-08-05,
energy.con.too.far,Zařízení je mimo dosah konektoru. Pro dosažení můžete propojit více konektorů za sebou.,,
energy.connection.limit,Maximální počet připojení,,
energy.connections,Správa připojení,,
energy.connectors,Připojení,,
energy.consumers,Spotřebitelé,,
energy.consumption,Spotřeba energie,,
energy.cur.deficit,Současný nedostatek,,
energy.cur.deficit.desc,"Toto je současný nedostatek elektrické energie. Pokud není 0 musíte vypnout některá energeticky náročná zařízení, nebo vybudovat více zařízení, které elektřinu vyrábí. Berte na vědomí, že výroba a výzkum často vyžadují velké množství energie.",,
energy.cur.demand,Celková spotřeba,,
energy.cur.demand.desc,"Jedná se o aktuální celkovou spotřebu elektřiny, která je momentálně potřeba k napájení všech zapojeních zařízení. Zařízení odebírají energii pouze pokud zrovna pracují. Celková spotřeba tak kvůli výrobním limitům a čekání na materiál ke zpracování může kolísat. Je proto vhodné mít dostatečnou výrobní rezervu jako ochranu před výpadkem.",,
energy.cur.output,Aktuální spotřeba energie,2022-05-27,
energy.cur.output.desc,"Toto je vaše současná spotřeba. Jestliže je vyšší, než výroba, tak se začnou využívat baterie. Jestliže je spotřeba nižší než výroba můžete navýšit svoji výrobní kapacitu, nebo nastavené limity. Zkontroluje také, jestli jsou všechna zařízení správně nastavená, opravená, doplněná a mají efektivní přístup k potřebným materiálům. Reaktory nebudou vyrábět elektřinu, pokud po ní nebude poptávka.",2022-05-27,
energy.deficit,Energetický nedostatek,,
energy.grid,Elektrická síť,,
energy.grid.nr,Síť #{0}: {1},,
energy.grids,Elektrické sítě,,
energy.loss,Ztráta energie,,
energy.low,Nízká úroveň energie,,
energy.max.bat.output,Maximální rezerva baterií,,
energy.max.bat.output.desc,"Jedná se o součet dostupného výkonu všech baterií, které nejsou vybité. Každá baterie, která není vybitá, může poskytovat určitý náboj zpět do sítě. Poskytovatelný náboj z baterií se v grafu zaznamenává nad maximální produkci energie.",,
energy.max.output,Maximální produkce,2022-05-27,
energy.max.output.desc,"Jedná se teoreticky o maximální množství elektrické energie, kterou síť dokáže v současnosti vyprodukovat. Nezahrnuje baterie. Skutečná celková spotřeba elektřiny se může různit v závislosti na využívání a stavu jednotlivých spotřebičů, nebo režimu baterií.",,
energy.node,Energetický uzel,,
energy.node.auto.connect,Automaticky připojit ({0}),,
energy.node.connect,Připojit,,
energy.node.disconnect,Odpojit,,
energy.node.disconnect.all,Odpojit vše ({0}),,
energy.node.unreachable,Uzel je nedostupný,,
energy.node.unreachable.info,"Abyste mohli ovládat tento energetický uzel, <b>musí být zapojen do stejné elektrické sítě jako lodní počítač</b>. Rozšiřte svoji síť připojováním konektorů, dokud jeden z nich nedosáhne na toto zařízení.",2022-08-10,
energy.not.connected,Nepřipojeno,,
energy.off_grid,Mimo síť,,
energy.overview,Přehled,,
energy.peak.demand,Nejvyšší spotřeba,,
energy.peak.demand.desc,"Nejvyšší hodnota elektrické spotřeby, která byla zaznamenána od poslední změny v elektrické síti. Jakákoliv úprava v existující siti vyresetuje tuto hodnotu.",,
energy.producers,Výrobci,,
energy.production,Výroba energie,,
energy.tool.need.research,Pro použití tohoto nástroje musíš nejprve odemknout výzkum <b>Energie</b> a postavit nějaké <b>konektory</b> .,,
energy.turned.off,Vypnuto [{0}],2022-06-14,"{0} will show the count of devices. Switched off is as in ""turned off"" or ""offline"", i.e. ""Switched Off [12]"""
engine,Motor,,
engine.power,Výkon motoru,,
engine.push,Tah motoru,2022-01-08,"This is used in a label that shows how powerful the ship engines are when you combine their output. ""Push"" here is as in ""Force"" or ""Power"", or ""Propulsion amount"". "
enter.amount,Zadejte množství,,
enter.galaxy,Zadejte galaxii,,
enter.name,Zadejte jméno,,
enter.new.first.name,Zadejte nové křestní jméno,,
enter.new.last.name,Zadejte nové příjmení,,
enter.new.name,Zadejte nové jméno,,
enter.new.nick.name,Zadejte novou přezdívku,,
enter.planet,Přistát na planetě,,Used in an action button that would start an expedition to explore a planet
enter.shuttle,Nástup do raketoplánu,,Expedition state label. Showed when expedition members are on their way to the Shuttle
enter.system,Vstoupit do systému,,Used in an action button when you are flying in the galaxy and want to enter a particular star system. It will then shift from galaxy view to star system view.
enter.universe,Vstoupit do vesmíru,,"May be used if we will have more than one universe (multiverse), this would change the current universe."
environment,Životní prostředí,,
equipable.item,Vybavitelný předmět,,
equipment,Vybavení,,
equipment.slot.Body,Tělo,,
equipment.slot.BodyCasual,Tělo (příležitostně),,
equipment.slot.Hands,Ruce,,
equipment.slot.Head,Hlava,,
equipment.slot.HeadCasual,Hlava (příležitostně),,
equipment.slot.Weapon,Zbraň,,
error,Chyba,,
error.content.required,Obsah je vyžadován,,
error.deconstruct.floor.in.use,"Podlaha nemůže být rozebrána, jelikož na ní stojí nějaký objekt",,
error.energy_connect.no_connector,Není možné propojovat jednotlivá zařízení. Zařízení se mohou přípojovat pouze na <nobr><b>konektor</b></nobr>. Konektory mohou být propojovány za účelem rozšíření energetické sítě.,,
error.no.cpu,Lodní počítač není k dispozici,,
error.title.required,Je vyžadován název,,
esc.behavior,{0} Zavřít,2022-04-28,{0} will be replaced with a keyboard button image showing ESC button. You can treat it as non essential for the translation.
esc.behavior.both,Zavřít uživatelské rozhraní a přepnout hlavní nabídku,,
esc.behavior.close.menus,Zavřít pouze uživatelské rozhraní,,
esc.behavior.open.pause.panel,Přepnout pouze hlavní nabídku,,
esc.behavior.tooltip,"Vyberte, co ve hře udělá tlačíko {0} (Escape)",,
estimated.time.at.kw,Odhadovaný zbývající čas: {0} at {1},,"{0} will be time (i.e. 1 day 4 hours), {1} will be power output (i.e. 120kW). Example: ""Estimated time left: 2 hours at 24kW"""
eta,Předpokládaný čas příletu: {0},,"ETA is short for ""Estimated Time of Arrival"""
ev.vented.into.space,Vystřelen do vesmíru,,"when a pressurized airlock is exposed to open space, someone can get ""sucked out"" (vented) into open space"
ev.vented.into.space.desc,"Kolonista <b>{0}</b> byl v natlakované místnosti v blízkosti přetlakové komory, která se náhle otevřela. Bohužel byl tím vystřelen do vesmíru a už nikdy znovu nespatřen.",,"A longer description of ""Vented Into Space"" event. {0} will be replaced by a name"
evaluator,Vyhodnotit,,"Used for task audit. Label for a worker who has evaluated (considered taking) a task. Displayed in a list next to ""Times Evaluated"" (how many times someone tried to take this task) and ""Last Evaluation Time"" (when did anyone try to take this task)."
event.birthday,{0} má dnes {1} let!,,
event.content.hint,Záznam v deníku,,
event.log.disabled.in.tutorial,Zkontroluj záznamy v deníku po skončení tutorialu,,
event.panel.clear.tutorial.info,"Tímto se mažou oznámení, ale tato funkce není dostupná během tutorialu",,
event.sound.0,Všechny zvuky událostí,,
event.sound.1,Pouze kritická upozornění,,
event.sound.2,Zvuky událostí ztlumeny,,
event.title,Název události,,
event.title.hint,Krátký popis,,
event.write,Zapsat událost,,
events,Události,,
everyones.tasks,Úkoly všech,,
evt.asteroid.desc,"Radar odhalit asteroid, který má nebezpečně blízkou dráhu letu. Asteroid budu v dosahu lodi přibližně za {0}.",,
evt.asteroid.impact.desc,Do lodi narazil asteroid!,,
evt.asteroid.impact.title,Náraz asteroidu!,,
evt.asteroid.title,Varování: Radar objevil blížící se asteroid,,
evt.battery.discharge.desc,Kvůli poruše se baterie u pracovníka {0} vybila. Pracovník nyní zahájí nouzové dobíjení.,2022-05-16,{0} is the name of the worker
evt.battery.discharge.title,Porucha baterie,,
evt.breach.capsule.impact.desc,Připravit k boji. Jsme napadeni!,,
evt.breach.capsule.impact.title,Průniková kapsle se přichytila k trupu lodi!,,
evt.breach.capsule.raid.desc,Radar zachytit přílet průnikové kapsle. Kapsle bude v dosahu lodi přibližně za {0}.,,
evt.breach.capsule.raid.title,Varování: Radar objevil blížící se průnikovou kapsli,,
evt.capsule.being.desc,{0} byl v přepravní kapsli. ,,
evt.capsule.being.title,Kapsle obsahovala {0},,
evt.connection.loss,Spojení ztraceno,,
evt.death.desc,{0} {1} zemřel ve věku {2}. Příčina smrti: {3},,"{0} is species, {1} is full name. {2} is age (number), {3} is damage type. Example: ""Human John died at age 39. Cause of Death: Suffocation"""
evt.death.title,{0} zemřel,,
evt.drone.batt.electrocuted.desc,Porucha baterie u {0} způsobila šok následujícím bytostem: {1},,
evt.drone.batt.electrocuted.title,{0} byli zasaženi elektrickým proudem,,
evt.drone.batt.exploded.desc,Baterie u pracovníka {0} explodovala,,{0} will be the name of the worker
evt.drone.batt.exploded.title,Baterie dronu explodovala,,
evt.drone.batt.fire.desc,Baterie u pracovníka {0} začala hořet,,
evt.drone.batt.fire.title,Baterie u dronu hoří,,
evt.drone.batt.overload.desc,Stav baterie u pracovníka {0} je kritická. Doporučujeme opatrnost!,,
evt.drone.batt.overload.title,Baterie dronu se přetížila,,
evt.dust.storm.desc,Probíhá prachová bouře. Ta způsobí zvýšené shromažďování nečistot na všech solárních panelech.,,
evt.dust.storm.end.desc,Prachová bouře skončila po {0} hodinách trvání.,,
evt.dust.storm.end.title,Konec prachové bouře,,
evt.dust.storm.title,Prachová bouře,,
evt.egg.discover.desc,"Objevil se neznámý objekt, co vypadá jako vejce. Co se asi uvnitř ukrývá?",,
evt.egg.discover.title,Objeveno vejce,,
evt.egg.hatched.crawlers.desc,Objevilo se několik nových forem života. Doporučujeme opatrnost.,,
evt.egg.hatched.crawlers.title,Z vejce se něco vylíhlo,,
evt.el.con.fail,Zkrat,,
evt.el.con.fail.desc,Při zapojování {0} došlo ke zkratu,,
evt.el.device.damaged.desc,"Zařízení {0} je rozbité. Je potřeba zařízení opravit, nebo nahradit.",2023-01-30,
evt.el.device.damaged.title,Zařízení {0} je rozbité,,
evt.end.explosion,Výbuch,,
evt.end.fire,Požár,,
evt.exp.found.ore.description,Výprava objevila ložisko {0} ({1}).,,
evt.exp.found.ore.title,Zahájena těžba {0},,
evt.exp.merchant.desc,"Výprava narazila na nezávislého obchodníka, který nám nabízí zboží.",,
evt.exp.merchant.title,Setkání s obchodníkem,,
evt.food.on.device.desc,"Někdo si položil {0} na {1}, kousky spadly dovnitř a způsobilly zkrat.",,
evt.food.on.device.title,Jídlem poškozené zařízení,,
evt.grid.heavy.malfunction.desc,"Zařízení {0} mělo těžkou poruchu, což způsobilo {1}.",,"{0} is the device name, {1} is an event like in translation of ""evt.end.fire"" or ""evt.end.explosion"". Example: ""Matter Reactor had a heavy malfunction that ended with explosion"""
evt.grid.heavy.malfunction.title,Porucha elektrického zařízení,,
evt.grid.light.malfunction.desc,Zaznamenávám lehkou poruchu v elektrické síti. Někerá připojení můžou být na krátkou chvíli nedostupná.,,
evt.grid.light.malfunction.title,Porucha elektrické sítě,,
evt.grid.malfunction.warning,Porucha konektoru,,
evt.human.hatched.crawlers.desc,Mimozemští tvorové se právě vylíhli z břicha kolonisty {0}!,,
evt.human.hatched.crawlers.title,Z kolonisty se vylíhli tvorové,,
evt.matter.reactor.malfunction.desc,{0} utrpěl katastrofickou poruchu při štěpení částic. Řetězová reakce skončila {1}.,,
evt.matter.reactor.malfunction.title,Porucha reaktoru,2022-08-13,
evt.meteor.shower.desc,Přichází meteorický déšť. Toto je stav nouze!,,
evt.meteor.shower.title,Meteoricý déšť,,
evt.micro.meteors.desc,"Vstoupili jsme do oblasti, kde je vysoká šance střetu s mikrometeroidem letícím rychlostí blízké rychlosti svěla. Dbejte zvýšené opatrnosti!",,
evt.micro.meteors.title,Zjištěny mikrometeroidy,,
evt.research.desc,Výzkum {0} byl dokončen. Plány k: {1} jsou nyní dostupné,,
evt.research.title,Vyzkoumáno {0},,
evt.shuttle.crawler.desc,Raketoplán s výpravou přivezl zpátky {0} exemplář.,,
evt.shuttle.crawler.title,Nechtěný cestující,,
evt.shuttle.crawlers.desc,Raketoplán s výpravou přivezl zpátky {0} {1} exempláře.,,
evt.shuttle.crawlers.title,Nechtění cestující,,
evt.space.diarrhea.desc,Na palubě byla zaznamenána přítomnost neznámých mimozemských bakterií.,,
evt.space.diarrhea.end.desc,Neznámá mimozemská bakterie již nejeví známky aktivity. Teď je možná dobrý čas sestrojit nové úklidové roboty.,,
evt.space.diarrhea.end.title,Vesmírný průjem skončil,,
evt.space.diarrhea.title,Vesmírný průjem,,
evt.stasis.pod.crawlers.desc,"Stázový modul vypustil plíživce - příšerná stvoření, která se přisají k lidské tváři a ovládnou je. Dejte si pozor!",,
evt.stasis.pod.crawlers.title,Ze stázového modulu vylezli Plíživci,,
evt.stasis.pod.desc,"Na kolizním kurzu s naší lodí byl objeven stázový modul. Obsah může být nebezpečný, proto dbejte zvýšené opatrnosti!",,
evt.stasis.pod.friendly.crew.desc,"Stázový modul obsahoval přátelské bytosti. Ty se připojily k naší kolonii. Postarejte se, aby se tu cítili jako doma.",,
evt.stasis.pod.friendly.crew.title,Ze stázového modulu vystoupily přátelské bytosti.,,
evt.stasis.pod.merchant.desc,"Stázový modul patří svobodnému obchodníkovi, který nabízí obchod.",,
evt.stasis.pod.merchant.title,Obchodní stázový modul,,
evt.stasis.pod.raid.desc,Jsme napadeni frakcí {0}.,,
evt.stasis.pod.raid.title,Nájezd {0}!,,
evt.stasis.pod.title,Přichozí stázový modul,,
evt.teleporter.clone.desc,Došlo k poruše teleportéru. Byl vytvořen dokonalý klon kolonisty {0}.,,
evt.teleporter.clone.title,Teleportér vytvořil klon,,
evt.wakeup.desc,"Kolonista se probudil z kryospánku, kvůli poruše kryospánkové komory. Krátký profil:<br><br>{0}",,
evt.wakeup.title,Došlo k probuzení kolonisty {0},,
execute,Popravit,,
exit.galaxy,Odejít z Galaxie,,
exit.planet,Odejít z Planety,,
exit.save,Uložit při ukončení,,
exit.save.desc,Chcete uložit hru?,,
exit.system,Odejít ze Systému,,
exit.to.main.menu,Odejít do hlavní nabídky,,
exit.universe,Odejít z Vesmíru,,
exp.cancel.stage,Ukončit {0},,
exp.crew.name,{0} [Těží: {1:0.0}],,
exp.crew.name.no.mining,{0} <color={1}>[Nelze těžit]</color>,,
exp.found.obj.fail,Vyzvednutí selhalo,,
exp.found.obj.fail.damage,Vyzvednutí selhalo. Člen posádky {0} při akci utrpěl {1:0} zranění.,,
exp.found.obj.start,"Výprava {0} nalezla {1}. Můžeme se pokusit o vyzvednutí, ale je zde {2} šance na selhání.",,
exp.found.ore.title,Těží {0},,
exp.nothing.of.interest,Na <b>{0}</b> není nic zajímavého. Výprava není nutná.,,
exp.stage.cancelled,Úspěšně zrušeno {0},,
exp.stage.done,Vypráva dokončena.,,
exp.stage.exploring,Průzkum,,
exp.stage.landing,Přistává na {0},,
exp.stage.prep,Příprava na vzlet,,
exp.stage.prep.return,Příprava na návrat,,
exp.stage.takeoff,Vzlet,,
exp.stage.travel.to.base,Návrat,,
exp.stage.travel.to.dest,Let k cíli,,
exp.stage.unloading,Vykládání nákladu,,
exp.stage.waiting.for.base,Čekání na vyzvednutí,2022-10-28,
expedition,Výprava,,
expedition.aborted,Výprava přerušena,,
expedition.aborted.shuttle.damaged,Výprava byla přerušena z důvodu poškození raketoplánu před odletem.,,
expedition.action.prompt,Raketoplán <b>{0}</b> se snaží navázat spojení.,,{0} will be the shuttle name
expedition.auto.unload,Automatické vyložení,2023-09-29,
expedition.auto.unload.info,Při zapnutí se raketoplán při naplnění automaticky vrátí a po vyložení bude pokračovat ve výpravě.,,
expedition.call.back.already.retuning,Expedition {0} is already returning,,
expedition.call.back.failed,Posádka {0} momentálně neodpovídá,,
expedition.call.back.sent.too.far,Odesílám zprávu raketoplánu na výpravě. Bude čekat na naše vyzvednutí. Vydejte se na {0} k jejich vyzvednutí.,,
expedition.choose,Posádka {0} očekává rozkazy na {1},,
expedition.crew,Posádka výpravy,,
expedition.found.object,Výprava našla objekt,,
expedition.launch.aborted,"Výprava ""{0}"" byla přerušena, protože nikdo z posádky nedokázat nastoupit do raketoplánu.",2023-04-19,
expedition.mining.target,Cíl výpravy,,
expedition.missing.crew,"Člen posádky na výpravě ""{0}"" nedokázal nastoupit do raketoplánu ""{1}"". Co máme dělat?",,
expedition.mode.AllowAll,Vytěžit vše,,
expedition.mode.AllowSelected,Vytěžit vybrané,,
expedition.mode.ForbidAll,Zákazat vše,,
expedition.mode.ForbidSelected,Zakázat vybrané,,
expedition.no.event,"Vypráva {0} zatím nenašla nic, co by stálo za zmínku. Je možné, že na této planetě nezbylo nic, co by stálo za průzkum, nebo k těžbě.",,
expedition.over,Raketoplán <b>{0}</b> se vrátil z <b>{1}</b>. <b>Hvězdná mapa</b> je připravena pro zadání nového cíle.,,"{0} will be the shuttle name, {1} will be planet name or some expedition target name (i.e. abandoned ship name)"
expedition.returned.from,Výprava se vrátila<br><size=200%>{0}</size>,,
expedition.setup,Nastavení výpravy,,
expedition.target.too.far.away,"Tuto výpravu nelze zahájit, jelikož zvolený cíl je příliš daleko od naší lodi. Vraťte se k cíli a zkuste to znovu.",,
expedition.unloading,{0} (vykládání),,
expeditions,Výpravy,,
expeditions.howto,"Pokud se vedle nás nachází zkoumatelný vemírný objekt, můžeme k němu vyslat výpravu. Potřebujeme ovládání můstku, abychom viděli objekty na hvězdné mapě a motory, abychom mohli cestovat vesmírem. Také potřebujeme funkční raketoplán pro přepravu posádky a materiálu.",,
explain.why,Vysvětli proč,,
explore,Prozkoumat,,
explosion,Výbuch,,
explosion.imminent.minutes,Čas do výbuchu: {0:0.0} min.,,
extract.nutrients,Extrahovat živiny,,
faction.Adventurer,Dobrodruh,,
faction.Adventurer.about,"Dobrodruzi jsou přátelští průzkumníci vesmíru. Váží se průzkumů a objevů, a proto nikdy nezůstávají dlouho na jednom místě.",,
faction.Capitalist,Kapitalisté,,
faction.Capitalist.about,"Kapitalisté jsou frakce obchodníků, jedna z nejvlivnějších frakcí z celého vesmíru. Ničeho si neváží tak jako peněz.",,
faction.Crawler,Plíživec,,
faction.OldEarth,Pozemšťané,,
faction.OldEarth.about,"Pozemšťané jsou mírumilovní osadníci a kolonisté, kteří se většinou věnují zemědělství a farmaření.",,
faction.Pirate,Piráti,,
faction.Pirate.about,"Piráti jsou nebezpeční a bezohlední psanci. Pokud je uvidíe, okamžitě odleťte, nebo se připravte na střet.",,
faction.Player.about,Toto je vaše frakce,,
faction.Scavenger,Mrchožrouti,,
faction.Scavenger.about,Mrchožrouti se potulují vesmírem a hledají vzácné materiály a hodnotné mimozemské artefakty. Představují unikátní spojení svobody dobrodruhů s vychytralostí kapitalistů. Obyčejně ale nejsou moc přátelští.,,
faction.Sentinel,Strážci,,
faction.Sentinel.about,Strážci jsou druh mimozemské formy života založené na umělé inteligenci. Jejím cílem je nastolit mír a pořádek napříč známým vesmírem.,,
faction.Virus,Virus,,
faction.Virus.about,"Virus je označení pro krajně nepřátelskou vzbouřenou UI, která se snaží vyhladit všechny biologické formy života a ovládnout vesmír násilím.",,
failed.copying.value,Neúspěšné zkopírování hodnoty,,
failed.pasting.value,Neúspěšné vložení hodnoty,,
fate.BecameNomads,"{0} kolonistů se stalo kočovníky a založili frakci ""{1}"":",,
fate.DeadInStasisArray,Některé kolonisty se nepodařilo probudit z kryospánku a zůstaly v trvalém kómatu:,,
fate.DiedDuringLanding,{0} kolonistů zemřelo při přistání:,,
fate.DiedFightingLocalFaction,"{0} kolonistů zemřelo při boji s místní frakci nazývanou ""{1}"":",,
fate.DiedFromRareDisease,"{0} kolonistů zemřelo na novou vzácnou nemoc jménem ""{1}"":",,
fate.EatenByLocalFauna,"{0} kolonistů bylo sežráno místní bestií přezdívanou ""{1}"":",,
fate.FoundedACity,"Město ""{1}"" bylo založeno kolonistou:",,
fate.FoundedAMiningCompany,"Těžební společnost ""{1}"" založil kolonista:",,
fate.LivingHappy,{0} kolonistů je šťastných ve svém novém domě:,,
fate.MovedToColonyWorker,{0} robotických pracovníků se rozhodlo zůstat a pomoci se stavbou nové kolonie:,,
fate.remained.on.ship,{0} kolonistů se rozhodlo pokračovat v dobrodružství a zůstali na vaší lodi.,,
fate.StayedOnShip,{0} kolonistů se rozhodlo zůstat na vaší lodí a vydat se vstříc novým dobrodružstvím.,,
fate.StayedOnShipWorker,{0} robotických pracovníků zůsalo s námi na lodi:,,
fate.WasElectedPresident,Prezidentem nové kolonie byl zvolen: ,,
fate.WentInsane,{0} kolonistů se zbláznilo:,,
favorite.color,Oblíbená barva,,
favorite.meal,Oblíbené jídlo,,
feedback,Zpětná vazba,,
feedback.bug.critical,Chyba ve hře [Kritická],,
feedback.bug.critical.tip,"Kritická chyba je chyba takového rozsahu, při níž je <b>nemožné hrát hru</b>. Příklady:<br> - Selhání ukládání / načítání<br> - Vstup, nebo uživatelské rozhraní nereaguje<br> - Strom výzkumu nejde otevřít<br> - Hra zamrzne, nebo spadne při určitých akcích<br> - Nemožnost začít novou hru<br> - Roboti se nedokáží správně nabíjet a upadají opakovaně do stavu nouzového dobíjení",,
feedback.bug.major,Chyba ve hře [Velká],,
feedback.bug.major.tip,"Pro velké chyby ve hře, které <b>rozbíjí některé důležité funkce</b> ,nebo nekritické systémy. Příklady:<br> - Nejde vyslat těžební výpravu<br> - Sestavovač nejde naprogramovat<br> - Domácí mazlíčci nemůžou jíst a zemřou hladověním.",,
feedback.bug.minor,Chyba ve hře [Malá],,
feedback.bug.minor.tip,"Pro malé chyby ve hře, které můžou být <b>otravné</b>, ale <b>nebrání vám ve hře</b>. Příklady:<br> - Stázová komora nemůže být rozmontována<br> - Loď ztratí cíl cesty při Načítání / Ukládání<br> - Při přemístění postele se vymaže její majitel<br> - Pracovník se zasekne při konání nějakého úkolu",,
feedback.choose,Zvolte typ,,
feedback.contact,Jak vás kontaktovat (volitelné),,
feedback.contact.hint,"Volitelné. Může se jednat o email, nebo discord, pokud jste na Stardeus Discordu.",,
feedback.error,Chyba při odesílání zpětné vazby,,
feedback.f1,Nahlásit chybu,2022-08-11,
feedback.f1.label,Použijte tento formulář k nahrání a odeslání vaší hry vývojářům.,2022-10-19,
feedback.f1.label_controller,"Pomocí tohoto formuláře můžete nahrát svoji uloženou hru, která bude odeslána vývojářům k prověření.",2022-10-19,
feedback.fail.unknown,Neznámé (Bez připojení?),,
feedback.failed,"Nahrávání zpětné vazby selhalo z následujícího důvodu: {0}. Prosím zašlete nám email na help@kodolinija.com nebo nám napište na Stardeus discordu, nebo na diskuzním fóru služby Stardeus Steam. Děkujeme vám!",,
feedback.failed.screenshot,"Děkujeme vám za vaši zpětnou vazbu! Zpětná vazba {0} byla odeslána úspěšně, ale nahraní snímek obrazovky se nepodařilo odesla z důvodu: {1}.",,
feedback.hint,"Jestliže se jedná o chybu ve hře, tak popište problém co nejdetailněji, včetně toho, co by daný problém mohlo způsobovat, případně co ve hře děláte/se děje před vyskytem chyby.",,
feedback.other,Jiné,,
feedback.other.tip,"Postavil jsi <b>dokonalou loď</b> a chtěl by jsi se s ní pochlubit všem na Discordu? Máš něco, co by jsi chtěl říct vývojářům? Chceš se podělit o svůj postup ve hře, dříve než tě roj meteoroidů rozmetá na malinkaté kousíčky? Použíj tuto kategorii pokud <b>žádná jiná se nehodí</b>.",,
feedback.performance,Výkon,,
feedback.performance.tip,"Pro hlášení situací, kdy hra neběží plynule, <b>FPS jsou příliš nízká</b> nebo dochází k neustálým <b>poklesům snímků</b>.",2022-12-22,
feedback.post.to.discord.hint,"Pokud je tato možnost vybrána, bude váš uložený soubor a snímek obrazovky veřejně sdílen na Stardeus Discordu, společně s vaším uživatelským jménem ({0}). To umožní ostatním hráčům vidět, že problém byl již nahlášen, aby došlo ke snížení opakovaného zasílání již jednou ohlášeného problému. Pokud jste již připojeni do Stardeus skupiny na Discordu pod stejným uživatelským jménem, můžeme získat odpověď od vývojářů ještě rychleji.",,
feedback.screenshot.failed,"Zpětná vazba byla odeslána, ale přiložený snímek obrazovky se neodeslal.",,
feedback.sent,Zpětná vazba odeslána,,
feedback.submit,Odeslat zpětnou vazbu,,
feedback.suggestion,Návrh,,
feedback.suggestion.tip,"Pro návrhy na <b>vylepšení</b>, <b>herní vyváženost - ladění pravidel</b> , nebo případné změny, či požadavky na <b>vylepšení uživatelského rozhraní</b>.",,
feedback.thank.you,"Děkujeme za zpětnou vazbu! Oceňujeme vaše úsilí a pomoc, kterou nám poskytujete při vývoji hry! Vývojář vaše vazbu brzy zkontroluje. <br><br>Vaše návrhy a zkušenosti můžete sdílet také na Sardeus Discordu. ID Zpětné vazby: {0}",,
feedback.thanks,Děkujem vám za vaši zpětnou vazbu! Vývojář ji prověří brzy. Oceňujeme vaši snahu pomoci tuto hru zlepšit!<br><br>ID: <b>{0}</b>,2022-07-11,
feedback.title.hint,O co jde?,,
feedback.title.required,Prosím zadejte název,,
feedback.tooltip,Použijte tento formulář pro odeslání vašich záznamů a uložené hry vývojářům. Nebo zmáčkněte: <b><nobr>Ctrl + F1</nobr></b>,2022-10-19,
feedback.tooltip.controller,Použijte tento formulář pro odeslání vašich záznamů a uložené hry vývojářům.,2022-10-19,
feedback.type,Typ zpětné vazby,,
feedback.type.required,Prosím vyberte typ zpětné vazby,,
feeling.clean,Pocit čistoty,,Label for a positive mood bonus for someone who just had a shower
female,Žena,,
fighting,Boj,,
filter.mode,Režim filtru,,
filter.mode.AllowAll,Povolit vše,,
filter.mode.AllowSelected,Povolit vybrané,,
filter.mode.ForbidAll,Zakázat vše,,
filter.mode.ForbidSelected,Zakázat vybrané,,
find,Najít,,
find.item,Najít položku,,
finish.construction,Dokončit stavbu,,
fire,Oheň,,
fire.chance,Šance na vznícení,,
fire.chance.damage,Šance na vznícení při poškození,,
fire.chance.damage.desc,"Určuje, jaká je šance na vznícení, při poškození.",,
fire.chance.desc,"Šance na vznícení nám určuje, jaká je pravděpodobnost, že se tato entita vznítí, pokud je okolí příliš horké, nebo je otevřený oheň v okolí. Chance to catch fire determines how likely this entity will catch fire if the surroundings become too hot or if there is an open flame nearby",,
fire.extinguish,Uhasit oheň,,
first.name,Jméno,,
flight.arrived,Dorazili jsme k {0}. Cesta trvala {1}.,,"{0} is location (i.e. some planet name), or a coordinate, (i.e. ""123:125""). {1} is time (i.e. 2 days 3 hours). Example: ""We have arrived at Jupiter. Journey took 8 days 1 hour"""
flight.cancelled.already.there,Let zrušen. Již se nacházíme na zadané lokaci.,,
flight.cancelled.islands,Let přerušen. Loď byla rozdělena. Počet částí lodi: {0}. Připojte oddělené části pro obnovení letu..,,
flight.impossible.islands,"Let není možný. Počet oddělených částí lodi: {0}. Nejprve připojte, rozeberte, nebo opusťte dané části lodi. Pro více informací si loď prohlédněte pomocí nástroje: přehled částí lodi. Zapínám přehled částí lodi.",2022-05-12,"{0} is a number. Last change added ""abandon"" to the list of actions."
flight.impossible.no.engines,"Let není možný. Motory nejsou dostupné. Nejprve vyzkoumejte, postavte a připojte motory.",,
flight.impossible.no.suitable.engines,"Let není možný. Loď nemá dostatečně výkonné motory pro dosažení cílových souřadnic. Nejprve vyzkoumejte, postavte a připojte pokročilejší typ motorů.",,
flight.initiated,Nastavuji kurz k {0}. Vzdálenost: {1}. O příletu budete informován.,,
flight.no.bridge.controls,"Ovládací prvky můstku nejsou připojeny, nebo napájeny. Motory nebudou fungovat.",,
floor,Podlaha,,
font.scale,Velikost písma: {0:0.##}x,,
food,Potraviny,,
food.bar,Potrava,,
food.item,Potravina,,
food.type,Potraviny: {0},,
force.wake.up,Nucené probuzení,,
found,Nalezeno,,"Used in ""Merchant Beacon"" device in a short label to show that a merchant of the seeked type was found."
found.terraformable.planet,Nalezena terraformovatelná planeta,,
free_entities,Věci,,
fuel,Palivo,,
fuel.bar,Palivo: {0}/{1},,
fuel.efficiency,Spotřeba enegie: {0:0},,
fuel.source.not.configured,Typ paliva není nastaven,,
fuel.type,Palivo: {0},,"{0} will be some material type, i.e. ""Coal"" or ""Petrol"". Note for devs: fuel.type won't be found in code, because it is ""${purpose}.type"" where purpose is ""fuel""."
fueled.by,Palivo: {0},,"{0} will be some material type, i.e. ""Coal"" or ""Petrol"""
full.changelog,Úplný seznam změn,,
full.reset,Kompletní restart,,
full.reset.about,"Prosím potvrďte, že chcete obnovit všechna nastavení na výchozí hodnoty. Tento krok odstraní všechny uložené soubory i ocenění. Všechny nainstalované módy budou povoleny. Hra bude kompletně restartována.",,
fully.grown,Plně vzrostlá,,"Refers to a plant or anything that could grow in soil (trees, mushrooms, etc)"
game.about,"Děkujeme, že hraješ Stardeus!",,
game.data,Údaje o hře,,
game.delete.confirm,Potvrďte smazání uložených dat,,
game.delete.confirm.details,Opravdu chcete smazat tento soubor? Provedené změny již nejde vrátit.,,
game.difficulty,Obtížnost,,
game.difficulty.tip,"Obtížnost ovlivňuje různé parametry hry, od množství vygenerovaných zdrojů po sílu a četnost různých příběhových událostí. Balanced is the recommended default.Vyvážená obtížnost je doporučené nastavení.",,
game.discord,Discord,,
game.exists,Hra existuje,,
game.exists.desc,"Hra s názvem ""{0}"" již existuje! Prosím zvolte jiný název.",,
game.forum,Diskuzní fórum,,
game.graphs,Grafy,,
game.load,Načíst hru,,
game.load.desc,Načíst jiný uložený soubor,,
game.name.randomize,Náhodný výběr jména,,
game.new,Nová hra,,
game.new.desc,Spustit novou hru,,
game.presskit,Novinářský balíček,,
game.reddit,Reddit,,
game.save,Uložit hru,,
game.save.desc,Uložit současný postup,,
game.save.prompt,<b>{0}</b><br>Vložte jméno pro uložení:,,
game.scenario,Scénář,,
game.scenario.tip,"""Ztroskotání"" je hlavní scénář. Pokud chcete hrát hru v podobě, v jaké byla zamýšlena, povolte si v nastavení režim ""Trvalá smrt"" , který vypne funkci opětovného načítání. Hra bude pokračovat dále nehledě na situaci ve které se ocitnete.",2023-08-01,
game.seed,Seed světa,,
game.seed.placeholder,Vložit seed světa...,,
game.start,Spustit hru,,
game.steam.page,Stránka služby Steam,,
game.storygen,Generátor příběhu,,
game.storygen.tip,"Výchozí generátor příběhů se doporučuje ve všech scénářích kromě Sandboxu. Generátor příběhů můžete vypnout, aby nedocházelo ke spouštění náhodných událostí. Další generátory příběhů budou přidány, až bude výchozí plně vyladět.",,
game.systems.disabled,{0} Herní systém(y) vypnuty,,{0} will be a number (1 or greater)
game.systems.disabled.end.note,"Tato hra bude hratelná, ale bude postrádat některé nové funkce. Pro úplný zážitek a přístup ke všem herním funkcím doporučujeme začít novou hru.",2022-09-20,
game.systems.disabled.first.version,Současné uložení bylo vytvořeno ve verzi <b>{0}</b>. Pro spuštění všech systémů ve vyžadována verze minimálně:,,"{0} will be the version number, i.e. ""v0.6.154"""
game.title,Stardeus,,
game.twitter,Twitter,,
game.version,Verze hry: {0},,
game.website,Webové stránky,,
gamepad.dead.zone,Mrtvá zóna ovladače: {0:0.000} - {1:0.000},,
gamepad.ignore,Nevnímat ovladače,,
gamepad.ignore.tip,Pokud chcete hrát pouze s myší a klávesnicí můžete zakázat vnímání jiných připojených ovladačů. Pro změnu tohoto nastavení může být vyžadován restart hry.,,
gamepad.rumble,Vibrace ovladače,,
gather.materials,Shromáždit materiály,,
gathering.materials,Shromažďování materiálů,,
gen.failed,Generování selhalo,,
gen.failed.info,Generování vámi zadaného nastavení selhalo. Prosím zkuste znovu v jiném herním seedu. Malé lodi jsou náročnější na vytvoření.,,
gender,Pohlaví,,
get.some.sleep,Spaní,,
global.hint.0,Nespěchejte příliš s rozšiřováním lodi. Větší loď je zranitelnější a vyžaduje častější údržbu. Navštivte okolní planety a vytěžte nějaké rudy nejdříve pro zajištění dostatku materiálu.,,
global.hint.1,"Reaktory nebudou spalovat určené palivo, jestliže solární panely poskytují dostatek elektrické energie.",2022-08-13,
global.hint.10,Vývoj této hry probíhá online na Twitchy. Přijďte se za námi podívat na https://twitch.tv/dev_spajus,,
global.hint.11,"Nejrychlejší způsob, jak postavit nový konektor je kliknout a táhnout připojení od již existujícího konekoru, které pustím na volné podlaze. Hra mi sama nabídne dostupné konektory ke stavbě.",,
global.hint.12,Barvu podlahových světem si můžete přizpůsobit.,,
global.hint.13,"Vidíte problém ve hře? Nedostatečná vyváženost? Nudný obsah? Problémy s pochopením? Něco nedává smysl? Prosíme využíjte tlačítka ""Nahlásit chybu"" v pravém dolním rohu obrazovky. Vaše zpráva automaticky připojí snímek obrazovky a aktuální uložení hry. Soubor s aktivním problémem umožňuje vývojářům lépe prozkoumat příčinu vzniku problému a poskytnout opravu. Jedná se proto o preferovaný způsob k nahlašování problémů.",2022-08-16,
global.hint.14,I vy můžete vytvořit módy do této hry a to bez jakéhokoliv kódování. Zjistěte si více o módování na https://github.com/kodolinija/stardeus-mod-template,,
global.hint.15,"Pro intenzivnější zážitek ze hry vyzkoušejte ""Velmi temné"" podsvícení. V Nabídka > Video > Okolní světlo. Musíte postavit zdroje světla, abyste prolomili temnotu vesmíru.",,
global.hint.16,"Pro zapamatování aktuální polohy kamery můžete použít <sprite=""Glyphs_Keyboard"" name=""leftCtrl""> + číslice na číselném ovladači. Po stisknutí číslice se kamera přesune na uložené místo.",,
global.hint.2,Reaktory nedokáži vyprodukovat dostatečné množství elektrické energie k pokrytí současné poptávky.,2022-08-13,
global.hint.3,"Jesliže chcete rozšířit svoji výrobu zkuste kromě stavby nových zařízení vhodně upravit nastavení u současných zařízení. Upravte množství vyráběných předmětů, změňte cílové hodnoty výroby, nebo pracovní úkoly vhodně rozdělte mezi své zařízení. Přemýšlejte nad rychlostí práce zařízení i času potřebného k doručení materiálu. Můžete také změnit typ výroby z ""Cílové zásoby"" na něco jiného.",,
global.hint.4,"U většiny zařízení vyžadujících doplňování, například reaktorů hmoty, lze upravit množství, které se bude automaticky doplňovat. To sníží četnost doplňování.",,
global.hint.5,"Podržením <sprite=""Glyphs_Keyboard"" name=""leftCtrl""> zadáte vybranému pracovníkovi vykonat konkrétní úkol.",,
global.hint.6,"Podržením <sprite=""Glyphs_Keyboard"" name=""leftShift""> zadáte vybranému pracovníkovi příkaz, aby se vydal na námi vybrané místo.",,
global.hint.7,"Při zadávání příkazů k umístění podlahových  dlaždic zkuste podržet různé kombinace kláves <sprite=""Glyphs_Keyboard"" name=""leftShift"">, <sprite=""Glyphs_Keyboard"" name=""leftAlt"">, a<sprite=""Glyphs_Keyboard"" name=""leftCtrl""> pro přepnutí do různých režimů umisťování. Některé z těchto režimů pracují se stěnami a všechny tyto režimy pracují s nástrojem Plánování.",,
global.hint.8,"V režimu plánování existují dva způsoby, jak vytvořit kruh. Pro vytvoření kruhu s lichým průměrem začněte myší poblíž středu dlaždice. Pro vytvoření kruhu se sudým průměrem začněte myší v levém dolním rohu dlaždice.",,
global.hint.9,"V případě požáru vypněte v místnosti kyslíkové pumpy a uzavřete ventilace. Nezapomeňte, že stázové komory obsahuí také kyslíkovou pumpu, kterou můžete vypnout. V případě nouze udělejte v podlaze díru. Díra v podlaze bývá účinnější, než díra ve zdi.",,
global.market.index,Globální tržní index,,
go.through,Projít,,
go.to.shuttle,Přesunuje se do raketoplánu,,
goal.AddEnergyBudget,Zvýšit výrobu elektrické energie,,
goal.AddEnergyBudget.desc,"V současnosti jsme schopni vyprodukovat {0}. Naše maximální spotřeba překročila 80% limitu produkce. Pro zabránění nedostatku elektrické energie je potřeba postavit více zařízení na produkci elektřiny. Reaktory hmoty, solární panely, nebo jiná dostupná zařízení. Nezapomínejte pravidelně čístit solární panely, protože znečištění snižuje jejich výkonnost.",,
goal.BuildDiskModule,Postav pevný disk,,
goal.BuildDiskModule.desc,"Dochází místo na pevném disku pro výzkum. Doporučuji postavit jeden, nebo více jednotek pevných disků pro navýšení kapacity. Pro odemčení stavebních plánů je potřeba výzkum v oblasti výpočetní techniky.",,
goal.BuildHeater,Postav topení,,
goal.BuildHeater.desc,Aby bylo v uzavřených prostorech teplo a podmínky pro přežití je potřeba do nich postavit topení.,,
goal.BuildMiniMatterReactor,Postav reaktor hmoty,,
goal.BuildMiniMatterReactor.desc,Měli bychom postavit reaktor hmoty pro výrobu elektřiny nezbytnou pro naše zařízení a výzkum.,,
goal.BuildMLBooth,Postav kabinu pro strojové učení,,
goal.BuildMLBooth.desc,Pokud postavíme kabinu pro strojové učení můžou si naši pracovníci zvýšit úroveň svých dovedností potřebných ke stavbě a ovládání technicky náročnějších zařízení.,,
goal.BuildMoreStorages,Postav další skladovací jednotky,,
goal.BuildMoreStorages.desc,Všechny naše skladovací jednotky jsou plné. Měli bychom uvážit stavbu dalších.,,
goal.BuildOxygenPump,Postav kyslíkovou pumpu,,
goal.BuildOxygenPump.desc,Aby bylo v uzavřených prostorech teplo a podmínky pro přežití je potřeba do nich postavit kyslíkové pumpy.,,
goal.BuildRepairStation,Postav opravárenskou stanici,,
goal.BuildRepairStation.desc,"Potřebujeme alespoň jednu funkční opravárenskou stanici, aby naši robotiční pracovníci mohli provádět opravy a pravidelnou údržbu.",2022-03-23,
goal.BuildStorage,Postav skladovací jednotku,,
goal.BuildStorage.desc,Celkem by se hodilo mít kde uskladnit všechny ty suroviny. Mohli bychom pro ně postavit třeba skladiště.,,
goal.completed,Dokončeno: {0},,
goal.ConnectIslands,Spoj části lodi,,
goal.ConnectIslands.desc,"Měli bychom postavit mosty, které spojí vzdálené části ztroskotané lodi zpět do jednoho celku. Menší části můžou být rozebrány na materiál. Pro více informací o nepřipojených částí po ztroskotání použíjte nástroj: Přehled částí lodi.<br><br>Tip: Podržte <b>CTRL</b> a táhněte pro stavbu podlahy přímým směrem.",,
goal.DisassembleBreachCapsule,Rozmontovat průnikovou kapsli,,
goal.DisassembleBreachCapsule.desc,"Vypadá to, že k trupu lodi je připojena opuštěná průniková kapsle. Rozebrání kapsle důrazně doporučujeme, jelikož obsahuje některé vzácné materiály. Vyberte kapsly a zvolte příkaz ""Rozebrat"" v informačním panelu, či kontextové nabídce. Nebo prostě použijte příkaz rozmontovat.",,
goal.EnsureShipCPUVentilation,Zajisti chlazení lodního počítače,,
goal.ExploreCodex,Prozkoumejte herní Kodex,,
goal.ExploreCodex.desc,"Otevřete <b><nobr>Kodex</nobr></b> a prozkoumejte <b><nobr>Herní manuál</nobr></b>. Seznamte se s některými postupy, a poté je označte jako naučené.<br><br>Kodex obsahuje spoustu užitečných informací včetně seznamu všech surovin a materiálů. Také obsahuje všechny plány a postupy na výrobu všech předmětů, jakož i výrobní cenu a produkční hodnoty.",2022-06-13,
goal.GetMoreResource,Získej další {0},,
goal.HailMerchant,Přivolejte obchodníka,,
goal.HailMerchant.desc,Použíjte komunikátor k přivolání obchodní lodi. Druh obchodníka je možné zvolit. Zkuste jednoho hned přivolat.,,
goal.InstallUpgrade,Vylepši reaktor hmoty,,
goal.InstallUpgrade.desc,"V troskách byl nalezen modul na  <b>Vylepšení účinnosti reaktoru</b>. Označte <b>Reaktor hmoty</b>, poté použíjte <b>{0}</b> nabídku v informačním panelu k nainstalování vylepšení do prázdného místa v zařízení.",2025-02-04,
goal.RelocateSpaceSuit,Posbírej části vemírného obleku,,
goal.RelocateSpaceSuit.desc,Někde v troskách lodi se nachází <b>Vermírné obleky</b> a <b>Vermírné helmy</b>. Můžete připravit některého z kolonistů a výstup do vesmíru.<br><br>Otevřete si v přehledu <nobr><b>Inventář</b> {0}</nobr> k nalezení jednotlivých částí obleku. Poté je nechce robotickými pracovníky donést k vašim přeživším kolonistům.,2022-03-21,
goal.RepairOrDeconstruct,Oprav nebo rozmontuj,,
goal.RepairOrDeconstruct.desc,"Poškozené oblasti je potřeba opravit, nebo rozebrat. Poškozené objekty mají popraskaný povrch. Příkaz Opravit a Rozebrat vám zaznačí poškozené objekty červenou barvou.",,
goal.StartExpedition,Zahájit výpravu,,
goal.StartExpedition.desc,Jsme v dosahu planety. Použijte <b>Raketoplán</b> k zahájení těžební výpravy.,2022-08-26,
goal.StartResearch,Zahájit výzkum,,
goal.StartResearch.desc,Momentálně neprobíhá žádný výzkum. Doporučujeme provádět výzkum kdykoliv je to možné. Pro odemknutí pokročilejších technologií je potřeba více elektřiny a dostatek místa na pevných discích.,,
goal.StasisALS,Pokročilá podpora života,,
goal.StasisALS.desc,"Vyberte zařízení <b>Stázová komora</b> a pomocí položky v nabídce <b>Kryostabilita</b> najděte a aktivujte možnost <b>Pokročilá podpora života</b>.<br><br>To způsobí zvýšený odběr elektrické energie, ale <b>Kryostabilita</b> se zvýší. Také to umožní probouzet kolonisty na vyžádání.",,
goals,Doporučení,,
goals.completed,Splněné doporučení,,
goals.pending,Aktivní doporučení,,
grid.no.cpu,Síť nemá připojení k lodnímu počítači,,
grid.paused,<b>DŮLEŽITÉ</b>,,
grid.paused.desc,"If you connect something while time is paused, or pause time soon after the connection has changed, you may need to unpause and let the simulation run for a few seconds to apply the changes.",,
grid.show,Show Grid,,
grid.show.bounds,Show Grid Bounds,,
grid.updating,Updating...,,
growing,Growing,,
growing.what,Growing {0},,
had.a.fun.ride,Had a fun ride,,
had.a.workout,Had a workout,,
harvest,Harvest,,
harvest.now,Harvest Now,,
harvest.priority,Harvest Priority,,
harvest.priority.help,"How likely beings will tend to harvest the plant when it's grown. 0 will disable harvest, and 9 is top priority.",,
harvested,Harvested,,
harvesting.now.bar,Harvesting: {0},,
haul,Haul,,
haul.ingredients,Haul Ingredients,,
haul.item,Haul Item,,
haul.materials,Haul Materials,,
haul.priority,Haul Priority,,
haul.priority.help,"Haul priority determines how willing the workers will be to haul piles of unstored raw materials into this storage. 0 will prevent workers from hauling anything into this storage, but they will still take from it. 9 is the highest priority.",,
haul.processable.items,Haul processable items,,
haul.to.storage,Haul to storage,,
hauling.item,Hauling Item,,
hauling.to.processing,Hauling to Processing,,
hauling.to.storage,Hauling to Storage Unit,,
heading,Heading,,
health,Health,,
health.bar.info,Health: {0}/{1},,
health.percent,Health: {0:0}%,,
heat.at,Temperature at {0}: {1},,
heat.producer,Produces Heat,,
heat.producer.tip,"Heat is only produced when device is active (consuming or producing electricity). Keep this device outdoors, or consider building Radiators to dissipate the heat.",,
heat.production.rate,Heat Rate,,
heat.pump,Heat Pump,,
heat.sink,Heat Sink,,
heat.sink.effectiveness,Heat Sink Effectiveness,,
heat.sink.effectiveness.desc,"To reduce internal heat and slow down neural network fragmentation, you can build one or more Heat Sinks around the Ship Computer. Research ""Temperature Control"" to learn the Heat Sink blueprint.",2022-11-15,
heater,Heater,,
help.money,Money and Economy,,
help.money.desc,"You can earn money by selling what you have on your ship to merchants, trading in the Stock Market, or by mining the currency using your Ship Computer.",2022-12-04,Last update mentioned trade in the stock market
hidden.achievement,Hidden Achievement,,
hide,Hide,,
hint,Hint,,
hint.ad_cancel,"You have manually cancelled several tasks. There is a more efficient way to do this. Use the Tool Menu to find the <nobr><b>Cancel Tasks</b></nobr> tool, then click on tasks or drag a rectangle over multiple tasks you want to cancel.",2023-08-16,
hint.autoclear_debris,Building devices on top of debris and materials will automatically create hauling tasks. Construction will not happen until the debris is moved.,2023-09-12,
hint.cleaning_auto,You can adjust the <nobr><b>Auto Clean Amount</b></nobr> to auto create cleaning tasks sooner. You can also use the <nobr><b>Copy Configuration</b></nobr> tool to copy this setting to multiple devices quickly.,,
hint.close_events_clock,"Consider pausing time when reviewing or managing event notifications, otherwise new notifications can reorder the list and reset pagination.",,
hint.construction_cramped,"You should keep every device accessible from at least one side, otherwise workers will not be able to reach them to perform repairs or maintenance.",,
hint.draw_circle,You can order floors and walls to be constructed in a perfect circle by holding {0} and dragging.,,
hint.draw_delete,You can order the removal of the currently selected blueprint layer (walls or floors) by holding {0} and {1} and dragging a rectangle.,,
hint.draw_fill,You can order an area to be filled with floor or wall by holding {0} and {1}.,,
hint.draw_line,You can order floors and walls to be constructed in a straight line from points A to B by holding {0} and dragging.,,
hint.draw_pencil,You can order the construction of floors and walls in free-draw (pencil) mode by holding {0} and dragging.,,
hint.el_check_charge_stations,A worker has failed to find a Charge Station that is connected to a powered electric grid. Check if you are producing electricity. You may need to build a Matter Reactor and configure it to burn a type of fuel that is currently available.,,
hint.el_connect_tool,"You can use the <nobr><sprite=""Glyphs_IconsWhite"" name=""Connect""> <b>Connect</b></nobr> tool to manage links between connectors and electrical objects by simply dragging a line with your mouse.",,
hint.el_disconnect,You can disconnect devices quickly by using the <nobr><b>Connect</b></nobr> tool. Just click and drag a line between the connected devices.,,
hint.el_drag_connect,You can switch to the <b>Connect</b> tool automatically by clicking and dragging a connector in Free Select mode.,2022-08-26,
hint.firefighting,"Looks like you have a fire. Here are some firefighting tips:<br>- Turn off nearby oxygen pumps<br>- Let your robots and drones handle it<br>- If the fire starts spreading, deconstruct some of the floor nearby to vent the area",2024-08-22,
hint.haul_manage_priority,You can quickly adjust task priorities for multiple objects by using the Manage Tasks tool.,,
hint.haul_to_processing,You can order mass processing by using the <nobr><b>Process</b></nobr> tool.,2022-06-27,
hint.haul_to_storage,You can order mass hauling by using the <nobr><b>Haul</b></nobr> tool.,2022-06-27,
hint.mass_deconstruct,Don't forget there's a mass deconstruction tool in the tool menu.,,
hint.multi_crafters_with_defaults,"There are several other devices of the same type producing the same item with default configurations, which will target global inventory and limit the total amount of produced items to {0}.<br><br>If you want to scale your production, in addition to building new devices, try configuring existing ones to increase the wanted amount, or changing the production type from ""Target Inventory"" to something else.",,
hint.processor_auto_haul,"Most types of processors can be configured to automatically process compatible items. Look for the ""Auto Haul"" option in the processor configuration.",,
hint.storage_auto_haul,"Most type of storage can be configured to automatically haul compatible items. Look for the ""Auto Haul"" option in the storage settings.",,
hint.trade_clock,"Please keep the clock stopped throughout the whole trade, otherwise inventory may change, and trade could fail.",,
hint.vent_controls,"You have some open vents that are exchanging oxygen and heat with another area. If that area is outside of the ship or not airtight, the atmosphere will keep leaking forever.<br><br>You can close vents if they are connected to your electric grid.",,
hostile,Hostile,,
hotbar.help.desc,"When using the Tool Menu, hold {0} while activating the menu item to add it to the Hotbar.<br><br>To remove items from the Hotbar, hold {0} and click on the item in the Hotbar.<br><br>You can sort Hotbar items by click-dragging them with your mouse.<br><br>You can lock/unlock the Hotbar or hide this info button in the Current Game Settings menu.",2023-08-16,
hotbar.help.title,How to use the Hotbar,,
hotbar.help.tooltip,Hotbar,,
hotbar.info.no.submenus,You cannot add submenus to the hotbar. Please select a tool or a blueprint instead.,,
hotbar.lock,Lock the Hotbar,,
hotbar.locked,Hotbar Locked,,
hotbar.locked.info,"You have to unlock the Hotbar in Current Game Settings to add, remove, or reorder items.",,
hotbar.show.info.button,Show Hotbar Info Button,,
how.it.works,How It Works,,
how.to.launch,How to Launch,,It will appear on a button that shows a popup which explains how to launch a space shuttle expedition
hull.airtight,Airtightness,,
hull.insulation,Insulation,,
hull.integrity,Hull Integrity,,
hull.max_integrity,Maximum Possible Integrity,,
hungry,Hungry,,
idle,Idle,,
ignition.point,Ignition Point,,
ignition.point.info,"Ignition point is the temperature at which the object will catch on fire, given that there is enough oxygen in the atmosphere.",,
ignore,Ignore,,
inactive,Inactive,,
include.save,Include Save,,Label for a checkbox that allows the player to select if they want to include the game save file with their bug report
includes.battery.output,Includes battery output,,
inconsistent.game.state,"Unable to save. A bug is preventing the save file from being formed correctly. If auto reporting is enabled, the developer has been notified, but you can also help by filling out a feedback form and describing what steps led to this situation. After selecting ""Ready to retry"", you can try to save the game with a different save name.",,
increase,Increase,,
increase.amount,Increase Amount,,
indestructible,Indestructible,,
indestructible.desc,"Indestructible objects will not receive any damage from impact, explosions, fire, or the environment.",, 
infinity,Infinity,,"Used in displaying time estimate when something would take forever to execute. Example: research time estimate when there is 0kW of energy output shows a tooltip: ""ETA: Infinity @0kW"""
info.ad.rejected,Task rejected,,
info.ad.rejected.cancelled,Task was cancelled,,
info.ad.rejected.lacking.material,Task rejected: Lacking required material,,
info.ad.rejected.no.nutrient.extractor,Task rejected: Worker could not find or reach a Nutrient Extractor,,
info.ad.rejected.unreachable,Task rejected: Worker could not reach this location,,
info.ad.rejected.unreachable.material,Task rejected: Worker could not reach a required material,,
info.ad.rejected.unsafe,Task rejected: Worker dropped it due to unsafe environment conditions,,
info.being.dead,Dead,,
info.being.immobilized,Immobilized,,
info.charge.station.unavailable,Could not find an available Charge Station,,
info.connector.full,No slots available,,
info.connector.slots.available,Has available slots,,
info.construction.in.progress,Construction in progress,,
info.deconstruction.in.progress,Deconstruction in progress,,
info.device.lacks.materials,Lacks materials required for operation,,
info.device.unconfigured,Not configured,,
info.door.held.open,Held open,,
info.door.locked,Locked,,
info.emergency.recharge,Emergency Recharge is in progress,,
info.energy.deficit,Electric Grid could not supply enough power,,
info.energy.node.consuming,Consuming electricity,,
info.energy.node.not.producing,Not producing electricity. It's OK if demand is low.,,
info.energy.node.off,Switched off,,
info.energy.node.producing,Producing electricity,,
info.energy.node.unreachable,No connection to the Ship Computer,,
info.energy.not.connected,Not connected to Electric Grid,,
info.no.research,No research,,
info.plant.grown,Plant is fully grown,,
info.plant.not.growing,Plant is not growing,,
info.prod.goal.reached,Production goal reached,,
info.reasearch.running,Research in progress,,
info.repair.station.unavailable,Repair Station is not available,,
info.seeking.shelter,Seeking Shelter,,
info.solar.panel.being.cleaned,Is being cleaned ({0}%),,
info.solar.panel.dusty,Has accumulated some dust. Power output is reduced.,,
info.storage.full,Storage is full,,
info.unsafe.conditions,Unsafe conditions,,
info.worker.off,Offline,,
info.worker.thinking,Thinking,,
information,Information,,
ingredients,Ingredients:,,
input.AltModifier,Alt Modifier,,
input.bindings.reset,"All input bindings were reset due to changes to defaults in a recent update. Please consult ""Settings"" > ""Input"" to see or change the bindings.",,
input.CameraDrag,Drag Camera,,
input.CameraMove,Camera Pan,,
input.CameraZoom,Camera Zoom,,
input.CenterView,Shortcut: Center View,,
input.Click,Click,,
input.ClickCancel,Click Cancel,,
input.CtrlModifier,Ctrl Modifier,,
input.CycleTimeSpeed,Cycle Time Speed,,
input.CycleToolMode,Cycle tool mode,,
input.gamepad,Gamepad,,
input.group.camera,Camera Controls,,
input.group.main,Main Controls,,
input.group.misc,Misc,,
input.group.shortcuts,Shortcuts,,
input.group.time,Time Controls,,
input.group.tools,Tools,,
input.group.ui,UI,,
input.group.vmouse,Virtual Gamepad Mouse,,Used as a label before gamepad key bindings that emulate mouse motion and clicks. Basically for mouse controls that are done using the gamepad.
input.keyboard,Keyboard,,
input.mouse,Mouse,,
input.OpenResearch,Shortcut: Open Research,,
input.OpenStarmap,Shortcut: Open Starmap,,
input.Pause,Pause,,
input.QuickSearch,Quick Search,,
input.rebind.printscreen.bug,"Looks like your binding was set to Print Screen. If you were trying to rebind to arrow keys, this happened due to an unresolved Unity input system bug. There is a workaround. <br><br>To bind arrow keys, turn off NUM LOCK and try rebinding again.",,
input.rebind.ui.conflict.warning,Keyboard arrow keys and Enter are used in UI navigation. Your latest binding may lead to undesired effects.,,
input.rebind.warning,Rebind Warning,,
input.reset,Input Reset,,
input.reset.info,Input bindings were reset to defaults,,
input.Rotate,Rotate Object,,
input.RotateLeft,Rotate Left,,
input.RotateRight,Rotate Right,,
input.ShiftModifier,Shift Modifier,,
input.ShortcutAdsCancel,Shortcut: Cancel Tasks,,
input.ShortcutAdsPriority,Shortcut: Change Priority,,
input.ShortcutAdsRetry,Shortcut: Retry Tasks,,
input.ShortcutCopyPaste,Shortcut: Copy Configuration,,
input.ShortcutEnergyConnect,Shortcut: Grid Connect,,
input.ShortcutManageAds,Shortcut: Manage Tasks,,
input.ShortcutPlaceTiles,Shortcut: Build Menu,,
input.ShortcutPlan,Shortcut: Planning,,
input.ShortcutProcess,Shortcut: Process,,
input.ShortcutRelocate,Shortcut: Relocate,,
input.ShortcutRemoveTiles,Shortcut: Deconstruct,,
input.ShortcutRepairTiles,Shortcut: Repair,,
input.ShortcutStore,Shortcut: Haul to Storage,,
input.TimeSpeedFast1,Time Speed: Fast,,
input.TimeSpeedFast2,Time Speed: Very Fast,,
input.TimeSpeedFast3,Time Speed: Insane,,
input.TimeSpeedFaster,Time Faster,,"Label for key binding, for a button that increases the game clock speed (makes time flow faster)"
input.TimeSpeedNormal,Time Speed: Normal,,
input.TimeSpeedSlow,Time Speed: Slow,,
input.TimeSpeedSlower,Time Slower,,"Label for key binding, for a button that decreases the game clock speed (makes time flow slower)"
input.ToggleConsole,Toggle Console,,"Label for key binding that toggles in-game console on and off. You can type various commands in that console, it is for more technical players or those who want to create mods (modifications) for the game."
input.ToggleTime,Toggle Time,,
input.ToggleUI,Toggle UI,,
input.ToolNext,Cycle Tool Forward,2022-06-06,
input.ToolPrev,Cycle Tool Backwards,2022-06-06,
input.VMouseBack,Gamepad Mouse Back,,
input.VMouseButtonL,Gamepad Mouse Left Click,,
input.VMouseButtonM,Gamepad Mouse Middle Click,,
input.VMouseButtonR,Gamepad Mouse Right Click,,
input.VMouseCycleUI,Gamepad Mouse Navigate UI,,
input.VMouseForward,Gamepad Mouse Forward,,
input.VMouseMove,Gamepad Mouse Move,,
input.VMouseScroll,Gamepad Mouse Scroll,,
install,Install,,
install.upgrade,Install Upgrade,,
installable,Installable,,
installable.upgrade,Installable Upgrade,,
insulation.at,Insulation at {0}: {1},,
invert.scroll.tip,Inverts the direction of mouse wheel scroll.,,
invincible.pets,Invincible Pets,,
is.being.petted,Is being petted,,"as in ""this cat is being petted right now"""
is.colonized,{0} is colonized,,
island.nr,Section #{0},,
item.storage,Item Storage,,
item.storage.bar,Items: {0}/{1},,
item.storage.unavailable,Item Storage Not Available,,
item.storage.unavailable.desc,Storage for this type of object is not available (not built or already full).,,
job.priorities,Job Priorities,,
job.priorities.help,"Click each priority icon to get more details about the job type. Adjust priorities as you see fit. 0 will prevent a worker from even considering the task, while 9 will make the worker put highest priority on a task. Note that you can also adjust task priorities separately from workers, and that there is a tool for mass adjustment.",,
job.type.Animals,Animals,,"job.type.X translations are displayed in job type priority controls (in this case there would be ""Animals"" priority where you can set it from 0 to 9). The same translation is also displayed in the tooltip of a task (job) of this type. Example: you hover the mouse cursor over someone who is training a dog and see a tooltip: ""Task [Animals]: Train a dog""."
job.type.Cleaning,Cleaning,,
job.type.Construction,Construction,,
job.type.Construction.help,"Construction tasks include the complete cycle required to build a structure or assemble a device. This includes bringing materials to the work spot. Not all construction tasks can be performed by everyone, so check the Construction skill level requirements and other task properties, such as those that require the ability to fly.",,
job.type.Cooking,Cooking,,
job.type.Crafting,Crafting,,
job.type.Demolition,Demolition,,
job.type.Demolition.help,"Object disassembly and structure deconstruction tasks. Making robots perform demolition work is not recommended, as they can easily get stuck if floor tiles are removed from beneath them.",,
job.type.Eating,Eating,,
job.type.Expedition,Expedition,,
job.type.Firefighting,Firefighting,,
job.type.Food,Food,,
job.type.Hauling,Hauling,,
job.type.Hauling.help,"Hauling unstored raw material piles to Storage units. Not recommended for robot workers, as they are slow and cannot fly.",,
job.type.Hygiene,Hygiene,,
job.type.Maintenance,Maintenance,,
job.type.Maintenance.help,"Work related to maintaining device operations. Hauling raw materials to Matter Reactor, cleaning Solar Panels, etc.",,
job.type.Medical,Medical,,
job.type.Needs,Need,,
job.type.Operations,Operations,,
job.type.Order,Direct order,,
job.type.Plants,Plants,,
job.type.Plants.help,Plant maintenance and harvesting tasks.,,
job.type.Recreation,Recreation,,
job.type.Repairs,Repairs,,
job.type.Repairs.help,Repairs of damaged structure and devices.,,
job.type.Rescue,Rescue,,
job.type.Research,Research,,
job.type.SatisfyingNeeds,Satisfying Needs,,
job.type.SelfMaintenance,Self Maintenance,,
job.type.SelfMaintenance.help,Self maintenance will affect how eager this worker will be to recharge or repair its own damage.,2022-06-14,
job.type.Sleeping,Sleeping,,
joined.colony,{0} joined your colony!,,
keep.open,Keep Open,,Used on a button that forces a door to remain open
known.beings,Known Beings: {0},,
labor.activity,Activity: {0},,
lacks.oxygen,Lacks Oxygen,,
last.attempt,Last Attempt,,
last.damage.amount,Last Damage Amount,,
last.damage.location,Last damage location,,
last.damage.type,Last Damage Type,,
last.expedition,Last Expedition: {0},,
last.name,Last Name,,
last.petted.by,Last petted by {0} {1},,"Label for data about when a pet was petted by someone. Will look like ""Last petted by John 2 hours ago"". {0} is name, {1} is ""time ago"""
last.visit,Last Visit: {0},,
launch,Launch,,
launch.expedition,Launch Expedition,,
launch.probe,Launch Probe,,
launching.expedition.to,Launching Expedition<br><size=200%>{0}</size>,,
life.support.level,Life Support,,
life.support.level.desc,Basic life support level will consume a small amount of electricity to keep the cryostability from deteriorating completely. Advanced life support level will gradually increase the stability and allow extra control over the being wake-up rate.,2022-09-24,
life.support.no.power,Life Support Lacks Power,,
light,Light,,"Noun. Used on a button that opens light source (i.e. lamp) controls, like color, brightness, etc."
link.inactive,Link Inactive,,
link.verb,Link,,"verb, as in ""create a link"""
linked,Linked,,
load.failed,Load Failed,,
load.failed.corrupt,"Save file is incompatible, or there was an error while deserializing the data: {0}. This doesn't necessarily mean your save file is corrupt. It could be a fixable error in load code.",,
load.failed.incompatible,Save is incompatible with current version: {0},,
load.save,Load Game,,
loading,Loading...,,
loading.news,Loading News...,,
loading.save,<size=200%>{0}</size><br>Booting Neural Network,,
location,Location,,
lock,Lock,,Action verb for a button that locks the door
locked,Locked,,Label for a state that shows that door is locked
log.export.date,Current Date: {0},,
log.export.header,Stardeus Story Log,,"A header for game story - a history of everything that happened to the player from the beginning of the game. This story can be exported and shared, etc."
log.export.save_name,Ship Name: {0},,
lonely,Lonely,,
long.press.time.tip,There are some UI elements that require a button to be pressed and held. This controls the duration of the hold. Set it to 0 to make those buttons act as regular click ones.,,
longpress.time,Hold to click: {0:0.00}s,,
lost,Lost,,"This is used to indicate that something that belongs to your base is stolen or destroyed. For example a space shuttle that flew on an expedition and got destroyed would have ""lost"" marker in it's UI."
low.battery,Low Battery,,
low.battery.info,Your device's battery has {0} minute(s) remaining! Consider plugging in a charger.,,
make.siren.loud,Sound: OFF,,
make.siren.silent,Sound: ON,,
male,Male,,
manage,Manage,,
manage.ads.cancel,Cancel Tasks,,
manage.ads.cancel.desc,"Click on a task, or drag an area over tasks you want to cancel.",,
manage.ads.priority.decrease,Decrease Priority,,
manage.ads.priority.decrease.desc,"Hover over an object that has a task to see its priority. Click the object to decrease the priority. Drag over an area, and all tasks in that area will decrease.",,
manage.ads.priority.increase,Increase Priority,,
manage.ads.priority.increase.desc,"Hover over an object that has a task to see its priority. Click the object to increase the priority. Drag over an area, and all tasks in that area will increase.",,
manage.ads.retry,Retry Tasks,,
manage.ads.retry.desc,Retry failed tasks immediately,,
manage.energy.node.tip,You can manage this node via a temporary connection provided by one of your workers.,,
manual,Manual,,
manual.survival.meal.content,"A bland survival meal. Nothing fancy, but hey, it contains protein!",,
manual.survival.meal.title,Survival Meal,,
map.size,Map Size,,
map.size.too.small,Map Too Small,,
map.size.too.small.desc,This scenario requires a larger map size,,
market.asset.class,Asset Class,,
market.asset.class.CFD,CFD,,
market.asset.class.CFD.info,A contract for differences (CFD) is an arrangement made in financial derivatives trading where the differences in the settlement between the open and closing trade prices are cash-settled. There is no delivery of physical goods or securities with CFDs.,,
market.asset.class.Equity,Equity,,
market.asset.class.Equity.info,"Equity, typically referred to as shareholders' equity (or owners' equity for privately held companies), represents the amount of money that would be returned to a company's shareholders if all of the assets were liquidated and all of the company's debt was paid off in the case of liquidation. In the case of acquisition, it is the value of company sales minus any liabilities owed by the company not transferred with the sale.",,
market.avg.price,Average Price,,
market.avg.price.info,Average price is how much you have paid for one share on average when acquiring your shares. It is equal to Cost Basis divided by your owned shares count.,,
market.buying,Buying: {0},,"Displayed in a label when the player is buying a stock in the Stock Market. {0} is the stock name. Example: ""Buying: Microsoft"""
market.cost.basis,Cost Basis,,
market.cost.basis.info,"Cost basis is the original value or purchase price of an asset or investment. The cost basis value is used in the calculation of capital gains or losses, which is the difference between the selling price and purchase price.",,
market.current.price,Current Price,,
market.high,High,,
market.high.info,Highest price ever recorded for this item,,
market.low,Low,,
market.low.info,Lowest price ever recorded for this item,,
market.selling,Selling: {0},,
market.volatility,Volatility,,
market.volatility.info,"Volatility is a statistical measure of the dispersion of returns for a given security or market index. In most cases, the higher the volatility, the riskier the security. Volatility is often measured as either the standard deviation or variance between returns from that same security or market index.<br><br>In the securities markets, volatility is often associated with big swings in either direction. For example, when the stock market rises and falls more than one percent over a sustained period of time, it is called a ""volatile"" market. An asset's volatility is a key factor when pricing options contracts.",,
market.your.shares,Your Shares,,
mat.composite,Composite Material,,
mat.composite.desc,Composite materials are produced by processing or combining other materials. They can also be obtained by deconstructing structures that contain these materials.,,
mat.energy.output,Energy Output,,
mat.energy.output.desc,This is a relative measure of how much power output a single unit of a material will produce when burned in a reactor.,,
mat.nutrient,Nutrient,,
mat.nutrient.desc,Nutrient materials are mostly useful for producing food for living beings,,
mat.primary,Primary Material,,
mat.primary.desc,"Primary materials cannot be produced by combining other materials. They have to be obtained by mining, growing, etc.",,
mat.storage.unavailable,No Compatible Storage Unit,,
mat.storage.unavailable.desc,"There is no storage that can accept this material. While most raw materials can be stored in a <b>Storage Unit</b>, some items may need a specialized storage device (<b>Refrigerator</b>, <b>Beverage Cooler</b>, <b>Wardrobe</b>, <b>Cabinet</b>, etc).",2022-09-13,
material.BatteryCell,Battery Cell,,
material.Biowaste,Biowaste,,
material.Bread,Bread,,
material.Carbon,Carbon,,
material.CarbonFiber,Carbon Fiber,,
material.Coal,Coal,,
material.Coffee,Coffee,,
material.CoffeeBeans,Coffee Beans,,
material.Copper,Copper,,
material.CopperPlate,Copper Plate,,
material.Flour,Flour,,
material.Glass,Glass,,
material.Grain,Grain,,
material.haul,Haul material,,
material.Iron,Iron,,
material.lack,Not enough {0},,
material.Lithium,Lithium,,
material.Log,Log,,
material.Microchip,Microchip,,
material.PlantFiber,Plant Fiber,,
material.Protein,Protein,,
material.Quartz,Quartz,,
material.reservation.details,Active reservations: {0},,
material.reservation.none,Not Reserved,,
material.reserved,Reserved: {0},,
material.Rock,Rock,,
material.Silicon,Silicon,,
material.Soil,Soil,,
material.Steel,Steel Plate,,
material.Titanium,Titanium,,
material.TitaniumPlate,Titanium Plate,,
material.Uranium,Uranium,,
material.Water,Water,,
material.Wood,Wood,,
matter.reactor,Matter Reactor,,
max.texture.size.too.high,Selected texture quality is not available for your GPU. It will automatically be reset to the highest available.,,
meal.take,Take a meal,,"order, as in ""Take a meal and go eat it"""
medical.slots,Medical Slots,,
memory.module,Memory Module,,
memory.module.amount,{0} EB,,
memory.module.builtin,Built-in Memory Module,,
memory.module.unpowered,Memory Module (Unpowered),,
menu.about,About,,
menu.asteroids,Asteroids,,
menu.asteroids.desc,Spawn an asteroid or a meteoroid shower,,
menu.atmosphere,Atmo,2023-08-07,"Must be short, Atmosphere is too long to fit in the button. Can be longer if two short words, so it can break by space in two lines."
menu.atmosphere.desc,Atmosphere control-related devices,,
menu.back,Back,,
menu.beds,Beds,,
menu.beds.desc,Pieces of furniture for sleep or rest,,
menu.beings,Beings,,
menu.beings.desc,"Robots, drones, people",,
menu.chairs,Chairs,,
menu.chairs.desc,Seats for your human colonists,,
menu.clothing,Clothing,,
menu.clothing.desc,Various clothing items,,
menu.comms,Comms,2023-08-05,"Must be a short word or two short words, as it has little space horizontally but can wrap vertically. 'Communications' is too long."
menu.comms.desc,Communications equipment,,
menu.computing,Computing,,
menu.computing.desc,Computing-related devices,,
menu.containers,Containers,,
menu.containers.desc,Spawn a container,,
menu.cosmetics,Cosmetics,,
menu.cosmetics.desc,Various decorations for your ship,,
menu.decor,Decor,,
menu.decorations,Decorations,,
menu.decorations.desc,"Things that serve as ornaments, sometimes with additional functions",,
menu.dev,Developer,,
menu.dev.desc,Developer tooling,,
menu.devices,Devices,,
menu.devices.desc,Various devices,,
menu.dirt,Dirt,,
menu.dirt.desc,Spawn dirt decals,,
menu.doors,Doors,,
menu.doors.desc,Doors and airlocks,,
menu.eggs,Eggs,,
menu.eggs.desc,Spawn an egg,,
menu.elysium,Elysium,,
menu.elysium.desc,Addons for your Elysium,,
menu.energy,Electricity,,
menu.energy.desc,Electricity related devices,,
menu.equipment,Equipment,,
menu.equipment.desc,Spawn equipment,,
menu.exit,Exit,,
menu.exit.desc,Exit to main menu,,
menu.exit.os,Exit to Desktop,,
menu.exit.os.desc,Auto save the game and exit to desktop,,
menu.facilities,Facilities,,
menu.facilities.desc,Various facilities,,
menu.floorlit,Lit Floors,,
menu.floorlit.desc,Floors with built-in light sources,,
menu.floorregular,Regular Floors,,
menu.floorregular.desc,"Regular floors of average durability, recommended for living quarters",,
menu.floorreinforced,Reinforced Floors,,
menu.floorreinforced.desc,"Floors with increased durability, recommended for outer areas of the ship",,
menu.floors,Floors,,
menu.floors.desc,All kinds of floors,,
menu.floorspecial,Special Floors,,
menu.floorspecial.desc,Frames and other specialized floor types,,
menu.food,Food Prep,2023-08-05,"best to keep it short, as it cannot fit horizontally if too long"
menu.food.desc,Food production and related devices,,
menu.furniture,Furniture,,
menu.furniture.desc,"Chairs, tables, beds",,
menu.fx,Dirt,,
menu.game.continue,Continue,,
menu.game.load,Load,,
menu.game.name,Ship Name,,
menu.game.name.enter,Ship Name...,,
menu.game.new,New Game,,
menu.game.settings,Game Settings,,
menu.game.settings.desc,Settings related to current game,,
menu.global.settings,Global Settings,,
menu.global.settings.desc,Settings that remain the same across multiple games,,
menu.hats,Hats,,
menu.hats.desc,Various headgear items,,
menu.headgear,Headgear,,
menu.main,Main Menu,,
menu.main.tooltip,Use TAB to search for items in this menu,,
menu.materials,Materials,,
menu.materials.desc,Various materials,,
menu.meals,Meals,,
menu.meals.desc,Spawn a meal,,
menu.misc,Misc,,
menu.misc.desc,Various misc objects,,
menu.mods,Mods,,
menu.obj,Objects,,
menu.obj.desc,"Various loose objects, resources, etc.",,
menu.objects,Objects,,
menu.objects.desc,Objects that you can build,,
menu.plants,Plants,,
menu.plants.desc,Various plants,,
menu.press.any.key,Press Any Key,,
menu.production,Production,,
menu.production.desc,"Devices for processing materials, assembling devices, etc.",,
menu.projectiles,Projectiles,,
menu.save,Save,,
menu.save.desc,Save the game,,
menu.security,Security,,
menu.security.desc,Weapons and defense systems,,
menu.settings,Settings,,
menu.settings.audio,Audio,,
menu.settings.audio.desc,Change audio settings,,
menu.settings.current_game,Current Game Settings,,
menu.settings.desc,Global and game settings,,
menu.settings.gameplay,Gameplay,,
menu.settings.input,Input,,
menu.settings.language,Language,,Do not translate this please!
menu.settings.video,Video,,
menu.settings.video.desc,Change video settings,,
menu.shuttles,Shuttles,,
menu.shuttles.desc,Shuttles for space travel,,
menu.spacetravel,Space Travel,,
menu.spacetravel.desc,Space travel-related objects,,
menu.special,Special,,
menu.special.desc,Various devices for specialized purposes,,
menu.structure,Structure,,
menu.structure.desc,"Walls, floors, and doors",,
menu.tables,Tables,,
menu.tables.desc,"Pieces of furniture with a flat top, providing a level surface",,
menu.upgrades,Upgrades,,
menu.upgrades.desc,Spawn Upgrade modules,,
menu.walls,Walls,,
menu.walls.desc,All kinds of walls,,
menu.weapons,Weapons,,
menu.weapons.desc,Handheld Weapons,,
merchant.beacon,Merchant Beacon,,
merchant.beacon.success,Merchant Beacon Success,,"Displayed in event notification, after the Merchant Beacon device has successfully hailed a merchant. Then if we click this event notification, we will see what type of merchant is going to arrive."
merchant.offering.trade,Merchant is offering a trade,,
merchant.ship,{0} (Merchant),,
merchant.ship.offering.trade,Merchant Ship Offering Trade,,
merchant.type.MerchantAlloy,Alloy Trader,,
merchant.type.MerchantBuilding,Building Resource Supplier,,
merchant.type.MerchantGeneral,Generalist,,
merchant.type.MerchantOil,Oil Trader,,
merchant.type.MerchantOre,Ore Trader,,
merchant.type.MerchantRobotics,Robotics Expert,,
merchant.type.MerchantSlaver,Slaver,,
merchant.type.MerchantUpgrades,Upgrades Dealer,,
merchant.type.MerchantWeapon,Weapon Dealer,,
merchants.wallet,{0}'s Wallet,,
meteor,Meteoroid,,
meteor.impact,Meteoroid Impact,,
meteor.incoming,Meteoroid Incoming,,
meteor.shower.avoided,"Great news, everyone. We have avoided a meteoroid shower!",,
mining.currency,Mining {0},,
mining.orders,Mining Orders,,
missing,Missing,,
missing.airlock,Missing Airlock,,
missing.airlock.desc,Your ship should have at least one airlock on the outer wall to ensure access to open space. ,,
ml.booth.bar,Training {0}: {1:0.00},,"{0} will be skill name, {1:0.00} will show the level with fraction. Example: ""Training Construction: 3.45"""
mod.disabled,Mod Disabled,,
mod.enabled,Mod Enabled,,
mod.version,Mod Version: {0},,
modifier.MapSize,Map Size [{0}x{0}],,
modifier.MapSize.desc,Defines the area where you can build. Bigger map sizes may have a negative effect on performance.,,
modifier.NoCombat,Disable Combat,,
modifier.NoCombat.desc,"Peaceful mode, without fights and enemy raids.",,
modifier.NoDeviceWear,Disable Device Wear,,
modifier.NoDeviceWear.desc,Devices will not lose durability from usage.,,
modifier.NoPause,No Pause,,
modifier.NoPause.desc,"Time cannot be stopped. You can still switch to high speeds, but cannot pause.",,
modifier.NoReload,No Reload (Permadeath),,
modifier.NoReload.desc,"""No Reload"" mode is the way this game is meant to be played. But it can and will get ruthless. Any event that happens to your colony is permanent.",,
modifier.NoTutorialQuests,Skip Beginner Quests,,
modifier.NoTutorialQuests.desc,"If selected, several beginner level quests will be skipped.",2022-10-08,"Removed comment about locking research nodes, it doesn't do that anymore"
modifier.ResourceMul,Resources Multiplier [{0:0.##x}],,
modifier.ResourceMul.desc,Changes the quantity of initial resources available when starting a new game.,2023-05-10,
modifier.ShipSize,Ship Size [{0:0.##}x],,
modifier.ShipSize.desc,Adjusts the relative size of the generated ship. Small size may take more attempts to generate. Starting in a small ship will be more difficult than in a large one.,,
modifiers,Modifiers,,"A label for options that modify the gameplay. You select the modifiers you want to start your game with in ""new game"" menu. Modifiers will be options like ""Difficulty level"", ""Disable combat"", etc."
month,Month,,
mood,Mood,,
mood.trend,Mood trend: {0},,
move.near.pos,Move near {0},,
move.to.obj,Moving to {0},,
move.to.pos,Move to {0},,
multiple.nodes,Multiple Nodes,,
multiple.selection,Multiple {0},,
my.birthday,My birthday,,
naked,Naked,,
nav.arrived,Not moving,,
nav.fail.being.dead,Worker is dead,,
nav.fail.being.immobilized,"Worker is immobilized. They are either discharged, or have no floor on which they can move.",,
nav.fail.last.nav.not.done,Still finishing up last navigation request.,,
nav.fail.object.blocked.by.adjacent,Access to this object is blocked by adjacent objects or structure.,,
nav.fail.target.unavailable,Target not available,,
nav.fail.unreachable.flying,Flying worker could not find a path to target location. Check if doors are powered and not locked or if worker is not walled off.,,
nav.fail.unreachable.grounded,Grounded worker did not find a path to target location. Check if doors are powered and not locked or if worker is not walled off.,,
nav.failed,Navigation to {0} failed,,
nav.flying,Able to fly,,
nav.grounded,Needs ground to walk,,
nav.immobilized,Immobilized,,
nav.moving,Moving to {0},,
nav.waiting,Calculating path to {0},,
navigation,Navigation,,
nebula.opt,Space Nebula Quality,,
nebula.opt.off,Off,,
nebula.opt.realtime,Real-time Complex (high GPU cost!),2023-03-04,
nebula.opt.optimized,Real-time Simple,2023-03-04,
nebula.opt.static,Static,2023-03-04,
nebula.opt.tip,"<b>Real-time Complex</b>: The most beautiful nebula option, but generally not recommended due to high GPU cost.<br><b>Real-time Simple</b>: A simpler version of the real-time nebula, with a parallax effect. Much faster than the complex version.<br><b>Static</b>: A snapshot of the beautiful complex nebula, but without rotation or parallax effect. Recommended for slower hardware.<br><b>Off</b>: Nebula will be disabled completely.",2023-03-04,
need.Aesthetics,Aesthetics,,
need.Aesthetics.info,A need for a clean and good-looking environment.,,
need.Electricity,Electricity,,
need.Electricity.info,"Electricity is typically the main source of energy for all artificial life forms, including your worker robots and drones. If their need level drops to 0, the worker will enter a slow emergency recharge procedure, during which they cannot move or perform any tasks until the built-in solar panels bring the charge level back to 10%. Build enough Charge Stations to prevent worker slowdown and temporary shutdown due to emergency recharge.",,
need.Fun,Fun,,
need.Fun.info,Fun is essential for keeping a good mood.,,
need.Hunger,Hunger,,
need.Hunger.info,"When a being is hungry, it will seek food.",,
need.Maintenance,Maintenance,,
need.Maintenance.info,Robots and drones require regular maintenance for smooth operation. Build a Repair Station to fulfill the maintenance need.,,
need.None,None (need),,
need.Oxygen,Oxygen,,
need.Oxygen.info,This being needs sufficient oxygen levels to survive.,,
need.Purpose,Purpose,,
need.Purpose.info,"Beings will tend to do more work when it rewards them with a feeling of purpose. If a worker's purpose need is full, it's likely they have been working hard for a long time, and they will tend to pick tasks with less enthusiasm.",,
need.Reproduction,Reproduction,,
need.Rest,Rest,,
need.Rest.info,Biological beings get tired when they work. They will have to spend some time off to rest before working on something else.,,
need.Safety,Safety,,
need.Sanity,Sanity,,
need.Shower,Shower,,
need.Shower.info,"When a being gets dirty, it will want to take a shower.",,
need.Sleep,Sleep,,
need.Sleep.info,Biological beings all need sleep to stay refreshed. Build them some beds.,,
need.Social,Social,,
need.Stress,Stress,,
need.Stress.info,Keep stress in check or your colonists will start to panic or do crazy things!,,
need.Toilet,Toilet,,
need.Toilet.info,"When the toilet need is low, this being will want to go find a toilet.",,
needs,Needs,,"Noun. Displayed on a button that will show the list of being's needs (i.e Hunger, Sleep, etc)"
needs.reload,Needs Reload,,
net.worth,Net Worth,,
new.update,New update!,,
new.update.note,Last played: <b>{0} ({1})</b><br>Updated to: <b>{2} ({3})</b><br><br>There are <b><color={4}>{5} new changes</color></b>.,2022-08-16,Removed commas at the end of version numbers
next,Next,,
next.wake.up,Next Wake Up,,
nickname,Nickname,,
no,No,,
no.access.to.starmap,"Connection to Bridge Controls device is required to have access to Starmap. Research ""Space Travel"" to acquire the Bridge Controls blueprint.",2022-08-01,
no.active.combat,No active combat,,
no.available.teleporter,No Available Teleporter,,
no.blueprints,No Blueprints,,
no.blueprints.help,Options will become available once blueprints compatible with this device have been unlocked through research.,,
no.chair.in.work.spot,No chair in work spot,,
no.coffee,No Coffee,,
no.compute.shaders,No Compute Shaders,,
no.compute.shaders.info,"The game cannot run because your GPU does not support <b>compute shaders</b>.<br><br>If your system has multiple GPUs, please make sure the right one is active. Current GPU: <b>{0}</b>",2022-07-04,
no.data,No Data,,
no.destination,No Destination,,
no.energy.source,No Energy Source,,
no.force.fields,Force Fields Not Available,,
no.fuel,No Fuel,,
no.internet,No Internet Connection,,
no.internet.info,"The game failed to receive a response from <b>stardeusgame.com</b>. Check that you have an internet connection, and that the game is not blocked by a firewall or antivirus software.<br><br>The ""Report a Bug"" function is not available. Please use the Stardeus Discord to report your issue.",2022-08-11,
no.items.available,No Processable Items,,
no.known.mats,No Intel,,
no.known.mats.info,We have no knowledge about the materials available on this space object. Build a radar and use the Scan action on the space object to obtain information about material deposits.,,
no.materials.available,No Available Materials,,
no.multiverse.tech,We do not have sufficient tech to display anything above Universe level in the Starmap yet.,,
no.plants.available,No Plants Available,,
no.projectile,No Projectile,,
no.research,No Research,,
no.saves,No Saves,,
no.saves.available,No saves available,,
no.saves.desc,"This game hasn't been saved yet. If you want to load another game, exit to the main menu first.",,
no.shower,No Shower,,
no.shuttles,No Shuttles,,
no.shuttles.desc,You have to build at least one shuttle to send an expedition.,,
no.socialize.partner,Nobody to socialize with,,
no.target,No Target,,
no.task,No Task,,
no.task.reason.could.not.fly,Skipped <b>{0}</b> tasks in open space because this <b>worker cannot fly</b>.,,"{0} will be count of tasks, a number (1 or bigger)"
no.task.reason.job.priority0,Skipped <b>{0}</b> tasks because <b>job priority is set to 0</b> for tasks of this type.,2023-04-19,Displayed when showing a reason why the selected worker will not do some tasks. {0} will be count of tasks (a number).
no.task.reason.last.eval,Worker evaluated all tasks <b>{0} ago</b> (in game time).,,
no.task.reason.no.skill,<b>Not enough skill</b> for <b>{0}</b> tasks.,,
no.task.reason.reluctant,"<b>{0}</b> tasks were skipped because <b>worker was reluctant</b> to do this task (too far away, too tired, failed it recently, etc).",2022-12-04,"Last update added ""too tired"" as one of the reasons"
no.task.reason.total,There are <b>{0}</b> pending tasks.,,
no.task.reason.unreachable.loc,"<b>Unable to reach</b> the work spot for <b>{0}</b> tasks (no path, no doors, or locked/unpowered).",,
no.task.reason.unreachable.loc.mem,Skipped <b>{0}</b> tasks because of recent <b>failure to reach</b> a work spot or material (will retry again soon).,,
no.task.reason.unreachable.mats.flying,"Was <b>unable to reach all required materials</b> for <b>{0}</b> tasks. Materials are available, but might be behind a locked or unpowered door.",,
no.task.reason.unreachable.mats.grounded,"Was <b>unable to reach all required materials</b> for <b>{0}</b> tasks. Materials are available, but likely unreachable because <b>this worker cannot fly</b>, or because they're behind a locked or unpowered door.",,
no.task.reason.unsafe,"Skipped <b>{0}</b> tasks because the work spot or materials required for the task were at an <b>unsafe location</b> (no oxygen, too cold, too hot).",,
no.task.reason.workable,<b>{0}</b> tasks are <b>workable</b> for this being.,,
no.tasks.rason.clock.stopped,Note: <b>Time is paused</b> right now. Tasks are only evaluated when time is running.,,"The key contains mistype (rason instead of rason), but it is used with the mistype in game, it will remain like this to avoid changing all translation files"
no.terraform.controls,"This function requires a connection to a Terraform Controls device. Research ""Terraforming"" to acquire the Terraform Controls blueprint.",,
no.terraform.target,No Terraform Target,,
no.terraform.target.help,"Get near a terraformable planet to begin the terraforming process. You can find terraformable planets on the Starmap by looking for a special mark near the Galaxy, System, and Planet name.",,
no.terraformable,No Terraformable Planets,,
no.terraformable.help,You haven't discovered any terraformable planets yet. Build a Telescope and use it to scan the observable Universe for potential terraforming targets.,,
no.toilet,No Toilet,,
no.upgrade,No Upgrade,,"A text placed in Upgrades UI of particular device. It means that it is possible to install upgrade to this slot, but there is no upgrade installed yet."
no.winch.anchor,Winch Anchor Not Available,,
noisy.crowd,Noisy Crowd,,
non.controllable.worker,Unmanaged Worker,,
not.achieved.yet,Not achieved yet,,
not.available,Not Available,,
not.configured,Not Configured,,
not.customizable.in.demo,Not customizable in demo,,
not.customizable.in.demo.storygen,"In the demo you only get a random story generator, which is absolutely not balanced, and will throw completely random events at you.",,
not.docked,Not Docked,,
not.enclosed,Area Not Enclosed,,
not.enough.ram,Not Enough Memory,,
not.enough.ram.info,"Required Memory: {0} EB, Available: {1} EB. Check energy grid or build more Memory Modules (unlocked with Computing research).",,
not.enough.storage,Not Enough Disk Space,,
not.enough.storage.info,"Required Disk: {0} ZB, Available: {1}/{2} ZB. Build more Disk Modules (unlocked with Computing research).<br><br>You can also recover Disk space by opening the <b><nobr>Stored Research</nobr></b> menu on the left and executing <b>Unload</b> on a research item.",,
not.growing,Not Growing,,
not.in.demo,Not available in demo,,
not.linked,Not Linked,,
not.mining.currency,Not Mining Any Currency,,
not.petted.before,Not petted by anyone before,,
not.powered,Not Powered,,
not.processing,Not processing. Queue capacity: {0},,
not.ready,Not Ready,,This refers to device that needs some preparation before it can be used
nothing.researched,No Known Technologies,,
nothing.to.clean,Nothing to clean,,
nothing.to.clean.info,There is no dirt currently reachable by this Cleaning Bot.,,
notify.on.discharge,Notify on discharge,,
now.playing,Now Playing: {0},,"This is about music, {0} will be the song name"
now.processing,Processing {0} [{1}/{2}],,
nowhere.to.sleep,Nowhere to sleep,,
obj.asteroids.asteroid01,Asteroid,,
obj.asteroids.asteroid01.desc,"Yes, it is as bad as it looks. Cross your fingers and hope it does not hit anything.",2022-03-19,
obj.asteroids.asteroid02,Asteroid,,
obj.asteroids.asteroid02.desc,"Yes, it is as bad as it looks. Cross your fingers and hope it does not hit anything.",2022-03-20,
obj.asteroids.asteroid03,Asteroid,,
obj.asteroids.asteroid03.desc,"Yes, it is as bad as it looks. Cross your fingers and hope it does not hit anything.",2022-03-21,
obj.asteroids.asteroidmega01,Mega Asteroid,,
obj.asteroids.asteroidmega01.desc,An unusually big asteroid. Better get those Quantum Barriers up ASAP.,,
obj.asteroids.asteroidmega02,Mega Asteroid,,
obj.asteroids.asteroidmega02.desc,An unusually big asteroid. Better get those Quantum Barriers up ASAP.,,
obj.asteroids.asteroidmega03,Mega Asteroid,,
obj.asteroids.asteroidmega03.desc,An unusually big asteroid. Better get those Quantum Barriers up ASAP.,,
obj.asteroids.meteor01,Meteoroid,,
obj.asteroids.meteor01.desc,"Not as bad as an asteroid, but a shower of these can do serious damage.",,
obj.containers.breachcapsuleflying,Breach Capsule,,
obj.containers.breachcapsuleflying.desc,That doesn't look friendly!,,
obj.containers.probeflying,Probe,,
obj.containers.probeflying.desc,A launched probe that is on its way to scan a distant object.,,
obj.containers.stasispodflying,Stasis Pod,,
obj.containers.stasispodflying.desc,"A Stasis Pod can contain beings in cryosleep, and travel long distances through space.",,
obj.containers.storagecapsule,Storage Capsule,,
obj.containers.storagecapsule.desc,"A reinforced container that can travel long distances in space. Acts as a cryostasis pod for a single traveller, or can fit a small amount of cargo. ",2023-08-31,
obj.eggs.egg01,Unidentified Object,,
obj.eggs.egg01.desc,Looks like an oversized egg. Origin unknown.,,
obj.equipment.clothing.fclothing01,Clothing (F),,
obj.equipment.clothing.fclothing01.desc,A regular clothing item that fits a feminine body type.,,
obj.equipment.clothing.fspacesuit01,Space Suit (F),,
obj.equipment.clothing.fspacesuit01.desc,"A space suit allows humans to go into open space. Requires a compatible helmet to be fully operational. Humans will still need livable areas for certain actions, like eating food.",2022-08-12,
obj.equipment.clothing.mclothing01,Clothing (M),,
obj.equipment.clothing.mclothing01.desc,A regular clothing item that fits a masculine body type.,,
obj.equipment.clothing.mspacesuit01,Space Suit (M),,
obj.equipment.clothing.mspacesuit01.desc,"A space suit allows humans to go into open space. Requires a compatible helmet to be fully operational. Humans will still need livable areas for certain actions, like eating food.",2022-08-12,
obj.equipment.hats.ncrawler01,Crawler,,
obj.equipment.hats.ncrawler01.desc,This is NOT a hat you would ever want to wear!,,
obj.equipment.hats.nhat01,Hat,,
obj.equipment.hats.nhat01.desc,A fancy looking hat.,,
obj.equipment.hats.nspacehelmet01,Space Helmet,,
obj.equipment.hats.nspacehelmet01.desc,Allows humans to go into open space for a limited time. Requires a Space Suit to be equipped to work.,,
obj.equipment.weapons.energyrifle01,Energy Rifle,,
obj.equipment.weapons.energyrifle01.desc,"A standard-issue, space-grade, light energy weapon.",,
obj.materials.atmospheremix,Atmosphere Mix,,
obj.materials.atmospheremix.desc,A material used in terraforming a planet's atmosphere.,,
obj.materials.batterycell,Battery Cell,,
obj.materials.batterycell.desc,Common lithium battery cell used in electrical devices.,,
obj.materials.bioenrichedwater,Bio Enriched Water,,
obj.materials.bioenrichedwater.desc,A material used in terraforming oceans.,2022-09-23,
obj.materials.biowaste,Biowaste,,
obj.materials.biowaste.desc,Nasty stuff that can be purified into clean water and valuable biomass using the Recycler.,,
obj.materials.carbon,Carbon,,
obj.materials.carbon.desc,A versatile element essential for life and advanced materials.,2024-12-24,
obj.materials.carbonfiber,Carbon Fiber,,
obj.materials.carbonfiber.desc,A highly durable and lightweight versatile material. ,,
obj.materials.coal,Coal,,
obj.materials.coal.desc,A fossil that can be processed into Carbon or burned as fuel.,,
obj.materials.coffee,Coffee,,
obj.materials.coffee.desc,"A warm, energizing drink. For some, it's more important than water.",,
obj.materials.coffeebeans,Coffee Beans,,
obj.materials.coffeebeans.desc,Can be brewed into coffee,,
obj.materials.copper,Copper,,
obj.materials.copper.desc,"A soft metal, slightly heavier than iron. Used to produce wiring and electronics.",,
obj.materials.copperplate,Copper Plate,,
obj.materials.copperplate.desc,"A soft copper alloy, mostly used for producing various electronics.",,
obj.materials.copperwire,Copper Wire,,
obj.materials.copperwire.desc,A common electrical wire.,,
obj.materials.crudeoil,Crude Oil,,
obj.materials.crudeoil.desc,Raw unprocessed oil,,
obj.materials.flour,Flour,,
obj.materials.flour.desc,Great for baking bread,,
obj.materials.gears,Gears,,
obj.materials.gears.desc,Various gears for making moving parts,,
obj.materials.glass,Glass,,
obj.materials.glass.desc,A valuable raw material that is necessary to produce certain equipment. Also for windows and floors with an awesome view!,,
obj.materials.grain,Grain,,
obj.materials.grain.desc,Can be ground into Flour,,
obj.materials.iron,Iron,,
obj.materials.iron.desc,Iron ore is mostly used for producing Steel Plates.,,
obj.materials.lithium,Lithium,,
obj.materials.lithium.desc,Essential ingredient for batteries.,,
obj.materials.log,Log,,
obj.materials.log.desc,"Use it for fuel, or process it into Wood that can be used for building furniture.",,
obj.materials.microchip,Microchip,,
obj.materials.microchip.desc,Essential component for AI-driven workers and advanced electronic equipment.,,
obj.materials.multifertilizer,Multi Fertilizer,,
obj.materials.multifertilizer.desc,A material used in terraforming a planet's biosphere.,,
obj.materials.opticalfiber,Optical Fiber,,
obj.materials.opticalfiber.desc,"A conduit for light-speed data transfer, often used in robotics and the manufacturing of advanced electrical devices.",,
obj.materials.organicturf,Organic Turf,,
obj.materials.organicturf.desc,A material used in terraforming a planet's terrain.,,
obj.materials.petroleum,Petroleum,,
obj.materials.petroleum.desc,"A product of crude oil, used in producing other resources like rubber or plastic.",,
obj.materials.plantfiber,Plant Fiber,,
obj.materials.plantfiber.desc,"A nutrient extracted from most plants. Useful for producing food items, among other things.",,
obj.materials.plastic,Plastic,,
obj.materials.plastic.desc,"A hard synthetic material, commonly used in producing electronics and small devices.",,
obj.materials.protein,Protein,,
obj.materials.protein.desc,Nutrient extracted from living meat-based organisms. Essential part of gourmet meals.,,
obj.materials.quartz,Quartz,,
obj.materials.quartz.desc,A common mineral used to produce glass.,,
obj.materials.rock,Rock,,
obj.materials.rock.desc,Stone-like substance that can be ground into soil that is necessary for multiple life support systems. May contain other materials inside.,2022-03-30,
obj.materials.rubber,Rubber,,
obj.materials.rubber.desc,An elastic material widely used in various machinery and equipment.,,
obj.materials.silicon,Silicon,,
obj.materials.silicon.desc,Used in producing circuit boards and microchips.,,
obj.materials.soil,Soil,,
obj.materials.soil.desc,"Fine-grained pieces of ground and rock, suitable for planting.",,
obj.materials.steel,Steel Plate,,
obj.materials.steel.desc,"A common material used in spaceships, found in wreckages or produced by smelting iron ore mined in asteroids.",,
obj.materials.titanium,Titanium,,
obj.materials.titanium.desc,"A lightweight, sturdy metal ore.",,
obj.materials.titaniumplate,Titanium Plate,,
obj.materials.titaniumplate.desc,"A sturdy, lightweight metal plate.",,
obj.materials.transistor,Transistor,,
obj.materials.transistor.desc,A core component of electrical equipment.,,
obj.materials.uranium,Uranium,,
obj.materials.uranium.desc,A radioactive heavy element used primarily in nuclear reactors. High power output.,,
obj.materials.water,Water,,
obj.materials.water.desc,In space it is much more precious than gold.,,
obj.materials.wood,Wood,,
obj.materials.wood.desc,A raw material produced by cutting down certain plants. Makes furniture that smells like home.,,
obj.meals.bread,Bread,,
obj.meals.bread.desc,Tastes like home.,,
obj.meals.soyburger,Soy Burger,,
obj.meals.soyburger.desc,"If you drown it in ketchup, it tastes almost like a real one!",,
obj.meals.survivalmeal,Survival Meal,,
obj.meals.survivalmeal.desc,"Tastes like a used sponge, but hey, it's nutritious!",,
obj.misc.biowastebullet,Biowaste Bullet,,
obj.misc.biowastebullet.desc,A toxic bullet that deals Acid damage.,,
obj.misc.c42,C42,,
obj.misc.c42.desc,A modern successor of the classic C4 explosive widely used by military on old Earth.,,
obj.misc.energybullet,Energy Bullet,,
obj.misc.energybullet.desc,Explosive energy bullet that deals a small explosion blast upon impact.,,
obj.misc.waterbullet,Water Bullet,,
obj.misc.waterbullet.desc,Works great when you need to extinguish a fire or deal light damage to a hostile being.,,
obj.plants.coffeetree,Coffee Tree,,
obj.plants.coffeetree.desc,A small tree that grows precious coffee beans.,,
obj.plants.oak,Oak,,
obj.plants.oak.desc,A strong tree that's a great source of wood.,,
obj.plants.wheat,Wheat,,
obj.plants.wheat.desc,A common plant culture that grows well in zero gravity.,,
obj.shuttles.shuttleflying,Flying Shuttle,,
obj.shuttles.shuttleflying.desc,A shuttle in mid-flight.,,
obj.upgrades.asimovoverrideupgrade,Asimov Override,,
obj.upgrades.asimovoverrideupgrade.desc,"Alien rogue AI tech that overrides Asimov's governor module, allowing you to ignore the three laws of robotics.",,
obj.upgrades.autoconnectupgrade,Auto Connect Upgrade,,
obj.upgrades.autoconnectupgrade.desc,"When installed in your Ship Computer, this upgrade will automatically connect newly built or repaired devices to your electric grid.",,
obj.upgrades.diskcompressionupgrade,Disk Compression Upgrade,,
obj.upgrades.diskcompressionupgrade.desc,Advanced real-time low overhead compression algorithm provided by this chip will add 50% extra disk space to any compatible device with disk storage. The upgrade is stackable.,,
obj.upgrades.memorycompressionupgrade,Memory Compression Upgrade,,
obj.upgrades.memorycompressionupgrade.desc,Extremely fast compression algorithm built into this chip will increase the Memory Module capacity by 50%. The upgrade is stackable.,,
,,,
,,,
obj.upgrades.reactorefficiencyupgrade,Reactor Efficiency Upgrade,,
obj.upgrades.reactorefficiencyupgrade.desc,Makes compatible reactors use 33% less material to produce the same energy output. Multiple upgrades stack.,,
obj.upgrades.shuttlestorageupgrade,Shuttle Storage Upgrade,,
obj.upgrades.shuttlestorageupgrade.desc,Expands the internal shuttle storage by 100.,,
obj.upgrades.starcredsminingupgrade,Starcreds Miner,,
obj.upgrades.starcredsminingupgrade.desc,Enables mining of Starcreds cryptocurrency on the Ship Computer.,,
object.in.unsafe.area,Object in unsafe area,,
object.in.unsafe.area.desc,"This object is meant to be used by living beings, but it is located in a hazardous environment that may not be reachable without a space suit.<br><br>Use the Rooms, Temperature, and Oxygen Overlays to troubleshoot the issue.",,
object.no.longer.available,Object was destroyed,,
objects,Objects,,
objects.cosmetics.emblem1x1,Small Emblem,,
objects.cosmetics.emblem1x1.desc,You can decorate your ship with custom emblems.,,
objects.cosmetics.emblem2x2,Medium Emblem,,
objects.cosmetics.emblem2x2.desc,You can decorate your ship with custom emblems.,,
objects.cosmetics.emblem3x3,Large Emblem,,
objects.cosmetics.emblem3x3.desc,You can decorate your ship with custom emblems.,,
objects.devices.assembler,Assembler,,
objects.devices.assembler.desc,A general-purpose assembly device for crafting items from raw materials. Requires additional research to unlock blueprints.,,
objects.devices.autodoc,AutoDoc,,
objects.devices.autodoc.desc,An advanced medical pod that can perform microsurgery and treat various health conditions.,,
objects.devices.autokitchen,Auto Kitchen,,
objects.devices.autokitchen.desc,Prints food items for your colonists.,,
objects.devices.battery,Battery ({0}kW),,
objects.devices.battery.desc,A regular battery for storing energy. Can produce up to {0}kW.,,
objects.devices.battery2,Battery ({0}kW),,
objects.devices.battery2.desc,A big battery for storing energy. Can produce up to {0}kW.,,
objects.devices.battery3,Nuclear Battery ({0}kW),,
objects.devices.battery3.desc,A massive nuclear-powered battery for storing energy. Can produce up to {0}kW.,,
objects.devices.betawavetransceiver,Beta Wave Transceiver,,
objects.devices.betawavetransceiver.desc,"When activated, this device will allow you to influence biological beings by changing their work priorities and giving them direct orders.",,
objects.devices.beveragecooler,Beverage Cooler,,
objects.devices.beveragecooler.desc,A storage for beverages.,,
objects.devices.breachcapsule,Breach Capsule Port,,
objects.devices.breachcapsule.desc,Uh oh. Looks like someone is about to get raided!,,
objects.devices.bridgecontrols,Bridge Controls,,
objects.devices.bridgecontrols.desc,A human managed device that gives access to the Starmap and enables space travel. May be upgraded to have an Auto Pilot function.,2022-12-22,
objects.devices.chargestation,Charge Station,,
objects.devices.chargestation.desc,"A place for your robots and drones to recharge. Having more than one is recommended. If your workers keep thinking about electricity, you probably need more of these.",,
objects.devices.cleaningbotdock,Cleaning Bot Dock,,
objects.devices.cleaningbotdock.desc,Parking space for one Cleaning Bot. Recharges the bot while it is idle.,,
objects.devices.cloningpod,Cloning Pod,,
objects.devices.cloningpod.desc,Grow your own colonists using this highly advanced laboratory equipment.,,
objects.devices.coffeemaker,Coffee Machine,,
objects.devices.coffeemaker.desc,"Load some beans, and it will brew you a hot cup of coffee.",,
objects.devices.communicator,Communicator,,
objects.devices.communicator.desc,Allows you to communicate with other spaceships.,,
objects.devices.converter,Converter,,
objects.devices.converter.desc,Rearranges molecular structure of certain materials to convert resources from one type to another.,,
objects.devices.cookingstation,Cooking Station,,
objects.devices.cookingstation.desc,Manually operated mini-kitchen with a stove.,,
objects.devices.cpumodulemini,CPU Module ({0}Thz),2022-03-31,
objects.devices.cpumodulemini.desc,The CPU Module will contribute computing power to your neural network.,2025-09-08,
objects.devices.craftingstation,Crafting Station,,
objects.devices.craftingstation.desc,A semi-automated crafting station that requires a human operator.,,
objects.devices.directionalturret,Directional Turret,,
objects.devices.directionalturret.desc,"A directional energy weapon with highly explosive blasts. Will automatically fire when aligned with a threat (Meteoroid, incoming Breach Capsule, or an enemy unit). Meant for mounting on the outside of the ship. Use indoors at your own risk.",2022-11-15,
objects.devices.disassembler,Disassembler,,
objects.devices.disassembler.desc,"Processes broken machinery (robots, drones, bots, etc.) to recover raw materials.",,
objects.devices.diskmodule,Disk Module ({0}ZB),,
objects.devices.diskmodule.desc,{0} Zettabytes of permanent storage for your research results and other data. Needs a small amount of electricity in order to be writable. Note that the Ship Computer will not detect newly connected modules while time is stopped.,,
objects.devices.diskmodulemini,Disk Module ({0}ZB),,
objects.devices.diskmodulemini.desc,{0} Zettabytes of permanent storage for your research results and other data. Needs a small amount of electricity in order to be writable. Note that the Ship Computer will not detect newly connected modules while time is stopped.,,
objects.devices.emergencysiren,Emergency Siren,,
objects.devices.emergencysiren.desc,Activate the Emergency Siren to gather everyone in the area where it is located. Great for building panic rooms.,,
objects.devices.energyconnector,Connector {0}-{1},,"{0} is capacity (number of slots), {1} is range (how far it can reach). Both are numeric values. It will be like ""Connector 8-24""."
objects.devices.energyconnector.desc,Wireless electricity connector with {0} sockets for your devices. Connects devices within a {1} tile radius. You can chain connectors together to expand your grid reach.,,
objects.devices.energyconnectorbig,Connector {0}-{1},,"{0} is capacity (number of slots), {1} is range (how far it can reach). Both are numeric values. It will be like ""Connector 8-24""."
objects.devices.energyconnectorbig.desc,Wireless electricity connector with {0} sockets for your devices. Connects devices within a {1} tile radius.,,
objects.devices.fabricator,Fabricator,,
objects.devices.fabricator.desc,"An advanced version of an Assembler that can produce much bigger, and more sophisticated, equipment.",,
objects.devices.floorsocket,Floor Socket {0}-{1},,"{0} is capacity (number of slots), {1} is range (how far it can reach). Both are numeric values. It will be like ""Floor Socket 8-24""."
objects.devices.floorsocket.desc,A short-range connector to organize your electric grid. Offers {0} connection slots with a range of {1}.,,"{0} is a number of slots, {1} is a number that shows how far the connector can reach. There is no unit of measurement, it is refering to number of tiles on the game grid."
objects.devices.fluidcannon,Fluid Cannon,,
objects.devices.fluidcannon.desc,"Deals very little damage to beings, but it shoots and extinguishes fire.",,
objects.devices.fridge,Refrigerator,,
objects.devices.fridge.desc,A storage for food. Possibly also for medicine or other perishable objects.,2022-06-15,
objects.devices.ftldrive,FTL Drive,,
objects.devices.ftldrive.desc,Space curvature-based propulsion device that bends space-time in front of your ship to achieve faster-than-light travel speeds.<br><br>Can only be used in long-range flight.,,
objects.devices.furnace,Furnace,,
objects.devices.furnace.desc,Blast furnace that's typically used for smelting metal ores into usable materials.,,
objects.devices.fusiondrive,Fusion Drive,,
objects.devices.fusiondrive.desc,"A fusion propulsion engine, powered by electricity. Necessary for travel across different star systems.",2022-01-07,
objects.devices.grinder,Grinder,,
objects.devices.grinder.desc,Used for grinding larger materials into finer ones. Use this to turn rocks into soil or coal into carbon.,,
objects.devices.heater,Heater,,
objects.devices.heater.desc,Consumes electricity to bring the temperature up to 21°C (70°F). Larger areas will require more than one. Building these close to each other gives no benefit.,,
objects.devices.heatermini,Mini Heater,,
objects.devices.heatermini.desc,A compact personal heater recommended for small areas.,,
objects.devices.heatsink,Heat Sink,,
objects.devices.heatsink.desc,Build it close to your Ship Computer to keep it cool and slow down the neural network fragmentation process. Adding more than a few will have diminishing effect.,2022-11-14,"Example of diminishing effect: Having 1 heatsink will reduce by 30%, having 2 will reduce by 50%, having 3 will reduce by 60%, having 10 will reduce by 70%. "
objects.devices.lightblock,Light Block,,
objects.devices.lightblock.desc,A configurable RGB-enabled light source. Looks great and shines bright.,,
objects.devices.loom,Loom,,
objects.devices.loom.desc,A device that can weave various materials and produce clothing.,,
objects.devices.matterreactor,Matter Reactor ({0}kW),,
objects.devices.matterreactor.desc,"A large reactor that burns raw materials to produce electricity. More efficient than the small version. Can produce up to {0}kW. Actual output may vary, depending on the electric grid demand. If you have an electricity deficit and the reactor is not working, it's likely the power it produces is not enough to meet the demand. In this case, we suggest consulting the Electric Grid Overlay. Occasionally the self-cleaning sequence will eject pieces of carbon residue.",,
objects.devices.matterreactormini,Matter Reactor ({0}kW),,
objects.devices.matterreactormini.desc,"A compact reactor that burns raw materials to produce electricity. Can produce up to {0}kW. Actual output may vary, depending on the electric grid demand. If you have an electricity deficit and the reactor is not working, it's likely the {0}kW it produces is not enough to meet the demand. In this case, we suggest consulting the Electric Grid Overlay. Occasionally the self-cleaning sequence will eject pieces of carbon residue.",,
objects.devices.memorymodule,Memory Module ({0}EB),,
objects.devices.memorymodule.desc,{0} Exabytes of Memory (RAM). Expanding your memory is necessary for increasing the number of concurrent active tasks.,2023-07-31,
objects.devices.memorymodulemini,Memory Module ({0}EB),,
objects.devices.mlbooth,ML Booth,,
objects.devices.mlbooth.desc,The Machine Learning booth allows you to train your workers to perform specific tasks with higher efficiency.,,
objects.devices.nuclearreactor,Nuclear Reactor ({0}MW),,
objects.devices.nuclearreactor.desc,A powerful reactor that requires nuclear fuel.,,
objects.devices.nutrientextractor,Nutrient Extractor,,
objects.devices.nutrientextractor.desc,Extracts nutrients and raw materials from organic matter.,2024-07-24,
objects.devices.oxygenpump,Oxygen Pump,,
objects.devices.oxygenpump.desc,"Produces oxygen. One should be enough to fill up a medium-sized area. Placing more than one in close proximity has no benefit. You should check the Temperature Overlay before placing this item. If oxygen is produced in extremely hot areas, the room will catch on fire.",,
objects.devices.particlecollector,Particle Collector,,
objects.devices.particlecollector.desc,A recent scientific breakthrough enables this collector to capture stray particles in space to produce raw materials over time. You have to configure it to target specific types of material.,,
objects.devices.planter,Large Planter,,
objects.devices.planter.desc,Fits one large plant or 4 smaller ones.,2022-03-20,
objects.devices.plantermini,Mini Planter,,
objects.devices.plantermini.desc,A small hydroponic box for growing one plant. Requires electricity and appropriate levels of temperature and oxygen for plants to grow.,2022-03-19,
objects.devices.probe,Probe,,
objects.devices.probe.desc,You can launch probes to distant parts of a star system to scan planets from a distance. Each probe can only be used once.,,
objects.devices.quantumbarrier,Quantum Barrier,,
objects.devices.quantumbarrier.desc,"Generates a powerful force field capable of protecting the ship against meteoroids and asteroids of any size. Requires a long, expensive charge in between uses.",,
objects.devices.radar,Radar,,
objects.devices.radar.desc,"Scans the surroundings and preemptively gives alerts about incoming bodies (asteroids, ships, anomalies). Can scan planets and other space objects for resources.",,
objects.devices.radiator,Radiator,,
objects.devices.radiator.desc,Cools down the surroundings within a small radius. Place Radiators in enclosed areas near your industrial equipment. Multiple radiators will cool the area faster. Has no effect outdoors.,,
objects.devices.recycler,Recycler,,
objects.devices.recycler.desc,Produces water and clean biomass out of biowaste. Essential for creating a self-sustaining ecosystem.,,
objects.devices.refinery,Refinery,,
objects.devices.refinery.desc,For processing crude oil and other liquid raw materials.,,
objects.devices.repairstation,Repair Station,,
objects.devices.repairstation.desc,Performs robot and drone maintenance and repairs any damage.,,
objects.devices.researchstation,Research Station,,
objects.devices.researchstation.desc,Humans with the Science skill can use the Research Station to produce some types of <b>Datoids</b>.,2023-07-10,
objects.devices.securitycontrols,Security Controls,,
objects.devices.securitycontrols.desc,Manages all your security-related devices from one convenient place. Must be on the same grid as the security devices and the Ship Computer to work.,,
objects.devices.shipcomputer,Ship Computer,,
objects.devices.shipcomputer.desc,"Holds your neural network. Operational efficiency depends on neural network fragmentation level, which slowly deteriorates over time. Defragmentation procedure will restore full operational capacity. If enclosed, it can produce extreme amounts of heat. ",2022-11-15,
objects.devices.shower,Shower,,
objects.devices.shower.desc,A place where colonists can clean themselves up.,,
objects.devices.shuttle,Shuttle,,
objects.devices.shuttle.desc,A small transport shuttle that can accommodate some workers and a bunch of cargo. Can land on a planet.,,
objects.devices.sleepingpod,Sleeping Pod,,
objects.devices.sleepingpod.desc,A private sleeping pod that fits one colonist. Grants privacy and enhanced rest.,,
objects.devices.solarpanel,Solar Panel ({0}kW),,
objects.devices.solarpanel.desc,Produces a constant {0}kW of electricity when clean. Will accumulate dust particles and lose efficiency over time. Can be cleaned by drones.,,
objects.devices.solarpanelarray,Solar Panel Array ({0}kW),,
objects.devices.solarpanelarray.desc,Produces a constant {0}kW of electricity when clean. Will accumulate dust particles and lose efficiency over time. Can be cleaned by drones.,,
objects.devices.solarpanelarray2,Solar Panel Array ({0}kW),,
objects.devices.solarpanelarray2.desc,Produces a constant {0}kW of electricity when clean. Will accumulate dust particles and lose efficiency over time. Can be cleaned by drones.,,
objects.devices.stardeuslogo,Stardeus Logo,,
objects.devices.stardeuslogo.desc,A huge Stardeus logo. Mostly for creating posters.,,
objects.devices.stasisarray,Stasis Array,,
objects.devices.stasisarray.desc,A place to put your colonists to cryosleep for long-term travel. Will be necessary for intergalactic flight to prevent your colonists from aging.,,
objects.devices.stasispod,Stasis Pod,,
objects.devices.stasispod.desc,"A Stasis Pod can contain beings in cryosleep, and travel long distances through space.",,
objects.devices.storage.desc,Workers will collect and haul raw materials here for convenience. Can be configured to accept or reject certain types of materials.,,
objects.devices.switch,Switch,,
objects.devices.switch.desc,A simple electricity switch. Connect your grid through these switches to control the electricity flow without modifying connections.,,
objects.devices.teleporter,Teleporter,,
objects.devices.teleporter.desc,"A small device that enables close-range teleportation of various objects, and even living beings. The device is 99.997% reliable, and very safe!",2022-08-14,
objects.devices.telescope,Telescope,,
objects.devices.telescope.desc,Use the telescope to find a potentially habitable planet that we can try to terraform into a new home for our colony.,,
objects.devices.terraformcontrols,Terraform Controls,,
objects.devices.terraformcontrols.desc,A control terminal that allows managing planetary terraforming operations.,,
objects.devices.terraformeraqua,Ocean Generator,,
objects.devices.terraformeraqua.desc,A terraforming device that generates oceans. Run it while your ship is near a terraformable planet.,,
objects.devices.terraformeratmo,Atmosphere Generator,,
objects.devices.terraformeratmo.desc,A terraforming device that generates atmosphere. Run it while your ship is near a terraformable planet.,,
objects.devices.terraformerbio,Biosphere Generator,,
objects.devices.terraformerbio.desc,A terraforming device that generates a biosphere. Run it while your ship is near a terraformable planet.,,
objects.devices.terraformerterrain,Terrain Generator,,
objects.devices.terraformerterrain.desc,A terraforming device that generates terrain. Run it while your ship is near a terraformable planet.,,
objects.devices.thruster,Thruster,,
objects.devices.thruster.desc,"A compact engine, useful for avoiding asteroids. Can be used to travel small distances.",2022-01-07,
objects.devices.toilet,Toilet,,
objects.devices.toilet.desc,A place to relieve yourself with some dignity.,,
objects.devices.tractorbeam,Tractor Beam,,
objects.devices.tractorbeam.desc,Produces an electromagnetic beam that can guide some flying objects towards a selected <b>Tractor Beam Target</b>. Targets must be built separately.,,
objects.devices.treadmill,Treadmill,,
objects.devices.treadmill.desc,"In addition to a good workout, the treadmill will also produce electricity while in use. It's not much, but hey, free energy is free energy.",,
objects.devices.tubefeeder,Tube Feeder,,
objects.devices.tubefeeder.desc,Allows you to process all kinds of nutrients and feed them directly into your colonists' blood streams through the tubes that connect to the Stasis Array under the ship's floor. Increases electricity output per colonist. Put the Tube Feeder in the same room with your Stasis Array. ,2022-03-19,
objects.devices.voidripper,Void Ripper,,
objects.devices.voidripper.desc,"An ominous-looking device capable of activating a space-time conduit between two black holes, enabling instantaneous travel between distant regions of space. However, there is no way to determine where a black hole leads until you pass through it, and no guarantee of being able to return to the same location.",2024-12-18,
objects.devices.winchanchor,Winch Anchor,,
objects.devices.winchanchor.desc,Use the Anchor together with the Winch Hook to bring broken sections of the ship together. The smaller section will move towards the larger one.<br><br>Use the Sections Overlay to see the movable sections.,2022-10-11,
objects.devices.winchhook,Winch Hook,,
objects.devices.winchhook.desc,Use the Hook together with the Winch Anchor to bring broken sections of the ship together. The smaller section will move towards the larger one.<br><br>Use the Sections Overlay to see the movable sections.,2022-10-11,
objects.furniture.bedsteel,Steel Bed,,
objects.furniture.bedsteel.desc,A place for colonists to sleep.,,
objects.furniture.bedsteeldouble,Steel Double Bed,,
objects.furniture.bedsteeldouble.desc,A king-sized bed for two people.,,
objects.furniture.bedwood,Wooden Bed,,
objects.furniture.bedwood.desc,A place for colonists to sleep.,,
objects.furniture.bedwooddouble,Wooden Double Bed,,
objects.furniture.bedwooddouble.desc,A fancy king-sized bed for two people.,,
objects.furniture.cabinet,Cabinet,,
objects.furniture.cabinet.desc,"When you have something you're not quite sure where to put, just toss it in the cabinet.",,
objects.furniture.chaircaptain,Captain's Chair,,
objects.furniture.chaircaptain.desc,A high-tech chair that goes well with the Bridge Controls.,,
objects.furniture.chairsteel,Steel Chair,,
objects.furniture.chairsteel.desc,"A place for humans to sit. Practical and cheap to make, but not too comfortable.",,
objects.furniture.chairwood,Wooden Chair,,
objects.furniture.chairwood.desc,"A place for humans to sit. Feels like a regular Earth-made chair, back when Earth was a thing.",,
objects.furniture.petbed,Pet Bed,,
objects.furniture.petbed.desc,A comfy bed for the little ones.,,
objects.furniture.petbowl,Pet Bowl,,
objects.furniture.petbowl.desc,A bowl to put food in for the little ones.,,
objects.furniture.tablesteel1x2,Small Steel Table,,
objects.furniture.tablesteel1x2.desc,Small 1 by 2 table to put things on and eat at. Feels like it's made for prisons.,,
objects.furniture.tablesteel1x3,Large Steel Table,,
objects.furniture.tablesteel1x3.desc,Large 1 by 3 table to put things on and eat at. Feels like it's made for prisons.,,
objects.furniture.tablewood1x2,Small Wooden Table,,
objects.furniture.tablewood1x2.desc,Small 1 by 2 table to put things on and eat at. Wood reminds everyone of home.,,
objects.furniture.tablewood1x3,Large Wooden Table,,
objects.furniture.tablewood1x3.desc,Large 1 by 3 table to put things on and eat at. Wood reminds everyone of home.,,
objects.furniture.vase01,Vase,,
objects.furniture.vase01.desc,A stylish metallic pot for growing small plants.,,
objects.furniture.wardrobesteel,Steel Wardrobe,,
objects.furniture.wardrobesteel.desc,A place to put clothing items.,,
off,Off,,"In combination with ""off"" could be used to describe several things:
1. State of device (turned on or turned off)
2. State of equipment: equipped (on) or unequipped (off). As in ""the hat is on"", ""the space suit is off"""
offline,Offline,,
offline.workers,Offline Workers,,
ok,OK,,
on,On,,"In combination with ""off"" could be used to describe several things:
1. State of device (turned on or turned off)
2. State of equipment: equipped (on) or unequipped (off). As in ""the hat is on"", ""the space suit is off"""
on.expedition,On Expedition,,
on.fire,On Fire!,,
ongoing.trade,Ongoing Trade,,
open,Open,,
open.capsule,Open Capsule,,
open.changelog,Open Changelog,,
open.codex,Open Codex,,
open.dir,Open Directory,,
open.emblems.folder,Open Emblems Folder,,
open.energy.overlay,Show Electricity,,
open.floor.vent,Open Floor Vent,,
open.in.steam.workshop,Open in Steam Workshop,,
open.log.dir,Log Dir,,
open.research,Open Research,,
open.resources.overlay,Show Resources,,
open.sections.overlay,Show Sections,,
open.space,Open Space,,Used to refer to empty cosmos when you are inspecting some location
open.starmap,Open Starmap,,
open.terraform.controls,Open Terraform Controls,,
open.url,Open URL,,
open.vent,Open Vent,,
operate.device,Operate Device,,
operation.aborted,Operation Aborted,,
operation.failed,Operation Failed,,
operation.failed.device.heavily.damaged,Device is heavily damaged. Repair the damage and try again.,,
operation.forbidden,Operation Forbidden,,
operator.required,Operator Required,,
optional,Optional,,
order,Order,,"i.e. ""order execution of a task"""
order.cleaning.now,Order Cleaning Now,,
order.deconstruct,Order Deconstruction,,
order.petting,Order Petting,,
order.repair,Order Repair,,
order.rescue,Order Rescue,,
order.strip,Order Strip,,"Label on a button that orders stripping clothing or equipment (weapons, space suit, etc) off a dead body"
ore.depleted,Ore Depleted,,
ore.depleted.info,Aborting mining operation on {0}. {1} deposit was fully depleted. ,,
our.valuables,Our Valuables,,
our.wallet,Our Wallet,,
overlay.tip.Aesthetics,Aesthetics,,
overlay.tip.Airtight,Airtightness,,
overlay.tip.Areas,Rooms,,
overlay.tip.Beings,Known Beings,,
overlay.tip.Codex,Codex,,
overlay.tip.Combat,Combat Controls,,
overlay.tip.Energy,Electric Grid,,
overlay.tip.EventLog,Event Log,,
overlay.tip.Expedition,Expeditions,,
overlay.tip.Goals,Suggestions,,
overlay.tip.Heat,Temperature,,
overlay.tip.Insulation,Insulation,,
overlay.tip.Islands,Sections,,
overlay.tip.Oxygen,Oxygen,,
overlay.tip.Pathfinding,Walking Difficulty,,
overlay.tip.Plan,Planning,,
overlay.tip.Quests,Quests,,
overlay.tip.Research,Research,,
overlay.tip.Resources,Inventory,,
overlay.tip.Security,Security Controls,,
overlay.tip.ShipNav,Ship Controls,,
overlay.tip.Starmap,Starmap,,
overlay.tip.Tasks,Available Tasks,,
overlay.tip.Terraform,Terraforming,,
overlay.tip.Wallet,Wallet,,
owned,Owned,,Adjective telling that an object belongs to someone
owned.by.faction,Owned By Another Faction,,
owned.by.faction.details,This object is owned by another faction. Taking certain actions may affect your relationship with the owner.<br><br>Trading will improve your relationship. Mining resources in a planet owned by another faction will decrease your relationship depending on the value of the mined resource.,,
oxygen,Oxygen,,
oxygen.at,Oxygen at {0}: {1},,"This will display coordinate in {0} and percentage in {1}. Example: ""Oxygen at [12:34]: 21%"""
oxygen.level,Oxygen Level,,
pan.sens.tip,"Adjusts the speed of camera pan in game, including the Research Tree and Starmap.",,
pan.sensitivity,Pan Sensitivity: {0:0.0},,
particle.collector,Particle Collector,,
particle.collector.unconfigured,Particle Collector Not Configured,,
paste.color.hex,Paste Color: {0},,
paste.from.clipboard,Paste From Clipboard,,
path.at,"{0} is ""{1}"" [Difficulty: {2}]",,"{0} is position, {1} is type of path (""walkable"", ""flyable"", etc), {2} is perecntage. Example: ""[12:31] is ""Walkable"" [Difficulty: 10%]"""
path.at.impassable,"{0} is ""Not Passable""",,
path.flyable,Flyable,,
path.not.passable,Not Passable,,
path.walkable,Walkable,,
pause.on.cam.motion,Pause On Camera Motion,,
pause.on.cam.motion.tip,Will pause the simulation while the camera is panning or zooming. This can make camera motion smoother on lower tier GPUs.,,
pending.repair,Pending repair,,
percentage.charge.bar,Charge: {0},,
percentage.scan.bar,Scanning: {0},,
persona,Persona,,https://dictionary.cambridge.org/dictionary/english/persona
persona.log.age,Biological Age: {0},,
persona.log.backstory,Backstory: {0},,
persona.log.birthdate,Birth Date: {0},,
persona.log.fullname,Full Name: {0},,
persona.log.gender,Gender: {0},,
persona.log.sex.orientation,Sexual Orientation: {0},,
persona.log.species,Species: {0},,
pet,Pet,,
petted.a.pet,Petted a pet,,
placement.tip.Anywhere,Can be placed anywhere.,,
placement.tip.InSpace,Can only be placed in space.,,
placement.tip.InSpaceAttached,"Can only be placed in space, attached to the outside of the ship.",,
placement.tip.InSpaceAttachedChained,"Can only be placed in space, attached to the outside of the ship.<br>You can chain these items together.",,
placement.tip.NearShipComputer,Can only be placed adjacent to the Ship Computer.,,
placement.tip.OnFloor,"Can only be placed on an empty, undamaged floor. ",,
placement.tip.workspot,<br>Workspot (circle) should be on a floor.,,
plan.mirroring,Plan Mirroring,,
plan.mirroring.info,Mirroring X: {0}<br>Mirroring Y: {1},,Both {0} and {1} are True or False. It is to designate if mirroring is turned on on X and/or Y axis
planet.location,"{0} is located in {1}, {2}",,"{0} is planet name, {1} is star system name, {2} is galaxy name. Example: ""Earth is located in Solar System, Milky Way Galaxy"""
planter,Planter,,
play.track,Play Track,,
position,Object Position,,
post.to.discord,Post to Discord,,
power.output,Power Output,,
precise.skill.level,Precise level: {0:0.00}/{1},,
preparing,Preparing,,
present,Present,,"Opposite of ""Absent"". As in ""John is present in class today"""
prev,Prev,,
print,Print,,
print.object,Print Object,,
printing.item,Printing: {0},,
printing.now,Printing {0},,
priority.block.shift.tip,Hold {0} to change the value in increments of 10<br>Hold {1} to change the value in increments of 50<br>Click to open the extended amount adjustment UI,2022-10-31,
privacy.policy,Privacy Policy,,
probe.pending,Probe Pending,,
probe.scanned.target,Probe Scanned: {0},,
proceed,Proceed,,
process.Grindable,Grind,,
process.material,Process material,,
process.NutrientSource,Process Nutrient Source,,
process.Ore,Process Ore,,
process.ScrapMetal,Scrap Metal,,
process.Waste,Process Biowaste,,
processable,Processable,,
processed.in,Processed in {0},,"{0} will be a device name, example: ""Processed in Nutrient Extractor"""
processing.bar,Processing: {0},,
processing.output,Processing Output:,,
processing.priority,Processing Priority,,
processing.priority.help,Controls the priority of automatic processing. Higher priority will make workers haul processable items to this processor more eagerly.,,
processing.type,Processing {0},,
processing.x.in.y,{0} in {1},,"Example: ""Quartz in Furnace"""
processor.queue,Processing Queue,,
processor.settings,Processor Settings,,
processor.unavailable,Processor not available,,
processor.unavailable.desc,Processor ({0}) for the given object is not available.,,
processors.unavailable,No Processor,,
processors.unavailable.desc,{0} item(s) in your selection do not have a processor available. Build the appropriate processing facility ({1}) first and configure it to process the target material.,,
produced.by.processing,Produced by processing:,,
production.date,Production Date,,
protein,Protein,,
quantity,Quantity,,
quest.active,<b>Active Quest</b>,,Used as a list header for this quest type
quest.ColonizePlanet,Colonize a Planet,,
quest.ColonizePlanet.desc,We have to colonize a habitable planet.,,
quest.completed,<b>Quest Completed: {0}</b><br><br>{1},,
quest.ConnectToStasisArray,Connect to the Stasis Array,,
quest.ConnectToStasisArray.connectors.tip,You can extend the reach of your electric grid by daisy-chaining multiple <b>Connectors</b>. Build and connect enough connectors to reach the <b>Stasis Array</b>.,,
quest.ConnectToStasisArray.desc,We have to extend our electric grid to reach and connect to the <b>Stasis Array</b>. It will give us control over its life support systems and enable some oxygen and heat production around it.,,
quest.ConnectToStasisArray.merge.islands,Ensure path to <b>Stasis Array</b>,,
quest.ConnectToStasisArray.merge.islands.tip,"Merge ship sections containing <b>Ship Computer</b> and the <b>Stasis Array</b> together.<br><br>You can either use the <b>Winch</b>, or build a floor from your <b>Ship Computer</b> to the <b>Stasis Array</b>.<br><br>Make sure there is a clear path for your <b>Robot</b> (the one that can't fly) to go through.",2022-09-21,
quest.ConnectToStasisArray.reel.in,Reel in the <b>Stasis Array</b>,,
quest.ConnectToStasisArray.reel.in.tip,Select <b>Winch Hook</b> and use the <b>Reel In</b> menu item to pull the section with <b>Stasis Array</b> towards the section with <b>Ship Computer</b>.,,
quest.ConnectToSurvivorArea,Connect to the Survivor Area,2022-09-21,"When you start the game, there is a small room with survivors. You as a ship computer have to connect your electric grid to the network inside that room."
quest.ConnectToSurvivorArea.connectors.tip,Build and connect enough connectors to reach the <b>Floor Socket</b> in the <b>Survivor Area</b>.,,
quest.ConnectToSurvivorArea.desc,We have to <b>merge our electric grid</b> with the one <b>in the survivor area</b>. This will allow us to take control of their devices.,,
quest.ConnectToSurvivorArea.floor.socket,Connect to the <b>Floor Socket</b>,,
quest.ConnectToSurvivorArea.floor.socket.tip,Unify the electric grid by linking the <b>Floor Socket</b> in the <b>Survivor Area</b> to your own <b>Electric Grid</b>.,,
quest.details,Details,,"Displayed on a small button, should be short"
quest.EncloseStasisArray,Pressurize the Stasis Array,,
quest.EncloseStasisArray.desc,"To ensure safety of the colonists, the area around the <b>Stasis Array</b> must be fully enclosed, <b>Airtight</b> and <b>Insulated</b>.",,
quest.EstablishFoodProduction,Establish Food Production,,
quest.EstablishFoodProduction.desc,"Our food supply is running low. The survivors can cook for themselves, but we have to provide the required facilities.",,
quest.FindHabitablePlanet,Find a Habitable Planet,,
quest.FindHabitablePlanet.desc,Our original mission was to find a <b>habitable planet</b> for our <b>human survivors</b>. At this point we are ready to focus on this mission again.,,
quest.HailAMerchant,Hail a Merchant,,
quest.HailAMerchant.desc,"If we have a <b>Communicator</b> and a <b>Teleporter</b>, we can trade with other ships. Let's make sure we have a way to do this before we run out of essential materials.",,
quest.info,Quest: <b>{0}</b><br><br>{1}<br><br>{2},,"{0} will be quest title (i.e. ""Defeat the dragon""). {1} will be a long description, {2} will be a list of rewards"
quest.MakeShipFlightReady,Make Ship Flight Ready,,
quest.MakeShipFlightReady.bridge.controls.tip,<b>Bridge Controls</b> will give us access to the <b>Starmap</b> so we can finally see our location in the Universe.,,
quest.MakeShipFlightReady.desc,We have to restore our ship's space flight capability. That way we can reach a nearby planet and run some mining expeditions to gather more resources. ,,
quest.MakeShipFlightReady.thruster.tip,"If we're lucky, there will be at least one repairable <b>Thruster</b> somewhere in the wreckage. If not, we may have to do additional research to acquire the blueprint.",,
quest.new,New Quest: <b>{0}</b><br><br>{1}<br><br>{2},,"{0} will be quest title (i.e. ""Defeat the dragon""). {1} will be a long description, {2} will be a list of rewards"
quest.no.active,No Active Quest,,
quest.no.active.many.available.tip,There are <b>{0} available quests</b>: {1}<br>Set a quest as <b>Active</b> to start tracking its progress.,,{0} is a number (2 or greater). {1} will be the list of quest names
quest.no.active.one.available.tip,There is <b>one available quest</b>: {0}<br>Set the quest as <b>Active</b> to start tracking its progress.,,{0} is the quest name
quest.pause,Pause,,"Deactivates the quest, or stops following it. Should be short text, displayed on a fairly small button"
quest.ProvideChargeStation,Provide a Charge Station,,
quest.ProvideChargeStation.build.connector.tip,All devices have to be connected through a network of <b>Connectors</b>. Build a Connector and use the <b>Connect</b> tool to link it to your <b>Ship Computer</b> and then to the <b>Matter Reactor</b>. ,,
quest.ProvideChargeStation.build.reactor.tip,"While <b>Ship Computer</b> generates a small amount of power on its own, it will not be enough. <b>Matter Reactor</b> can burn almost any type of material to produce electricity.",,
quest.ProvideChargeStation.configure.reactor,Configure the <b>Matter Reactor</b>,,
quest.ProvideChargeStation.configure.reactor.tip,Select the <b>Matter Reactor</b> and use the top-left Info Panel to configure it to burn some type of fuel. We recommend <b>Steel Plate</b> as it has decent energy output and is easy to get.,,
quest.ProvideChargeStation.desc,"Before anything else, we must ensure that our robotic workers will have a way to recharge themselves.",2022-09-20,
quest.reward.research.discover,New Research: <b>{0}</b>,2022-09-20,Displayed in a list of rewards. This will reveal a new research tree branch. {0} is the technology name.
quest.reward.research.progress,Research Progress: <b>{0}</b>: <b>+{1}</b>,,"Example: ""Research Progress: Biotech: +20%"""
quest.reward.research.unlock,Unlock Research: <b>{0}</b>,,Displayed in list of rewards. This will unlock a technology with name {0}
quest.rewards,Rewards,,
quest.set.active,Set Active,,"Displayed on a small button, should be short"
quest.show,Show Quest,,
quest.show.all,Show Quests,,
quest.step.build.many,Build <b>{0} {1}</b>,,"{0} will be a multiplier, {1} will be the device name. Example: ""Build <b>x2 Matter Reactor</b>"""
quest.step.build.one,Build a <b>{0}</b>,,"{0} will be the device name. Example: ""Build a <b>Matter Reactor</b>"""
quest.step.build.tip,You can find the blueprint for this item in the <b>Tool Menu</b>:<br>{0},2023-08-16,
quest.step.build.tip.search,Tip: Use <b>Quick Search</b> ({0}) to <b>find any blueprint</b> by typing its name.,,
quest.step.chain.connectors,Build a chain of Connectors,,
quest.step.colonize,Colonize a <b>Habitable Planet</b>,2022-09-26,
quest.step.colonize.tip,This is our main goal. We have to settle in a fully terraformed planet and let our colonists live happy lives.<br><br>We will still be able to continue our journey after this goal is completed.,,
quest.step.completed,<b>Done [{0}/{1}]</b>: {2},2022-09-21,"{0}/{1} will be numbers. {2} will be a task from the quest., Example: ""<b>Done [4/8]: Build a Matter Reactor"""
quest.step.configure.crafter,Start producing <b>{0}</b>,,
quest.step.configure.crafter.tip,Select a <b>{0}</b> and configure it to produce <b>{1}</b>. You may need to increase the target amount or the device will remain idle.,,
quest.step.connect.to,Connect to the <b>{0}</b>,,"{0} will be a device name, i.e. Connect to the Stasis Array"
quest.step.enclose,Enclose the <b>{0}</b>,2022-09-23,"{0} is the device name (i.e. Stasis Array). Context: It will ask the player to enclose the device with walls, close all doors, vents and repair the damage. Tooltip below will explain it."
quest.step.enclose.tip,Build <b>Walls</b> and <b>Floors</b> to create a fully enclosed room around the <b>{0}</b>.<br><br>Open the <b>Rooms</b> overlay to see the list of currently enclosed areas.,2022-09-23,{0} is the device name (i.e. Stasis Array)
quest.step.find.habitable.planet,Discover a <b>Habitable Planet</b>,,
quest.step.find.habitable.planet.tip,"Use the <b>Telescope</b> to search the observable Universe for a <b>Habitable Planet</b>. After your find it, set course for it and start researching <b>Terraforming</b>.",,
quest.step.hail.a.merchant,Hail a Merchant,,
quest.step.hail.a.merchant.tip,"Use the <b>Communicator</b> to activate a <b>Merchant Beacon</b>. Make sure the communicator can be accessed by a human, because they will do the talking for you.",,
quest.step.have.on.grid.many,Build and Connect <b>{0} {1}</b>,,"{0} will be a multiplier, {1} will be the device name. Example: ""Build and Connect <b>x2 Matter Reactor</b>"""
quest.step.have.on.grid.one,Build and Connect a <b>{0}</b>,,"{0} will be the device name. Example: ""Build and Connect a <b>Matter Reactor</b>"""
quest.step.have.one.section,Connect All Ship Sections,,
quest.step.have.one.section.tip,"To travel in space, we need to have our ship in one piece. Use the <b>Winch Hook</b> and <b>Winch Anchor</b>, or build floors to merge separate sections together. Consult the <b>Sections</b> overlay for more information. ",,
quest.step.make.accessible,Make the {0} accessible,,{0} is the device name (i.e. Stasis Array)
quest.step.make.accessible.tip,"To make an area accessible, it must have at least one <b>Door</b>. The door should eventually lead to an <b>exit to the outside</b>.<br><br>Use the <b>Rooms</b> overlay to see the which areas are unreachable from the outside.",,
quest.step.make.airtight,Pressurize the room with the {0},,{0} is the device name (i.e. Stasis Array)
quest.step.make.airtight.tip,"To pressurize a room:<br> - <b>Repair</b> damaged structure<br> - <b>Connect</b> all <b>Doors</b> and <b>Vents</b> to your electric grid<br> - <b>Close</b> the vents if they are facing the open space.<br><br>Consult <b>Airtightness</b>, <b>Insulation</b> and <b>Rooms</b> overlays for more information.",,
quest.step.make.ship.flight.ready,Make Ship Flight Ready,,
quest.step.make.ship.flight.ready.tip,Go through the flight readiness checks in <b>{0}</b> overlay and make sure we are ready for <b>Interplanetary Flight</b>.,,
quest.step.optional,Optional,,
quest.step.produce.many,Produce <b>{0} {1}</b>,,
quest.step.produce.one,Produce a <b>{0}</b>,,
quest.step.produce.tip,Ways to produce <b>{0}</b>:{1},,
quest.step.research,Research <b>{0}</b>,,"This line will ask the player to research a technology. I.e. ""Research <b>Biotech</b>"""
quest.step.research.tip,Unlock {0} in the <b>Research Tree</b>. You can use the <b>Search</b> button to find it.,2023-08-08,"{0} will be chain of research items, i.e. ""Biotech > Vegetarian Food"""
quest.step.set.ship.forward.direction,Set Ship Forward Direction,,
quest.step.set.ship.forward.direction.tip,"Open the <b>{0}</b> overlay and select the ship's <b>Forward Direction</b>. It should be the opposite of where your engines are facing, but you can relocate the engines and pick any direction you want.",,
quest.step.terraform,Terraform <b>{0}</b>,,
quest.step.terraform.tip,To terraform <b>{0}</b> you have to use the <b>{1}</b> near a terraformable planet.,,"{0} will be the terraforming type (i.e. Biosphere), {1} will be device name (i.e. Biosphere Generator)"
quest.tasks.completed,Completed Tasks,,
quest.tasks.current,Current Tasks,,
quest.tasks.failed,Failed Tasks,,
quests,Quests,,
quests.active,Active,,"Appears on buttons that switch tabs, should be short"
quests.available,Available,,"Appears on buttons that switch tabs, should be short"
quests.completed,Completed,,"Appears on buttons that switch tabs, should be short"
quests.failed,Failed,,"Appears on buttons that switch tabs, should be short"
quests.list.available,Available Quests,2022-09-21,Used as a list header for this quest type
quests.list.completed,Completed Quests,2022-09-21,Used as a list header for this quest type
quests.list.failed,Failed Quests,2022-09-21,Used as a list header for this quest type
radar,Radar,,
radar.not.available,Radar is currently not available,,
raid,Raid,,
raid.avoided,"Great news, everyone. We have avoided the raiders!",,
random.color,Random Color,,
randomize,Randomize,,
reach.work.spot,Reach work spot,,
reactor.efficiency,Reactor Efficiency,,
reactor.efficiency.desc,"A relative number, showing how efficiently this reactor converts fuel into electricity. Higher efficiency will make the same amount of fuel last longer, producing more electricity over time. Different reactor types have different efficiency. You can increase the efficiency by installing upgrade modules.",,
ready,Ready,,
ready.for.expedition,Ready for Expedition,,
ready.to.retry,Ready to retry,,
recently.cancelled.by.someone,Recently cancelled by someone else,,
recharge,Recharge,,
recover,Recover,,
reel.in,Reel In,,
refill,Refill,,
refill.pet.bowl,Refill Pet Bowl,,
refill.priority,Refill Priority,,
refill.priority.help,"Refill priority determines the importance of automatically refilling this object when the supply becomes low. 0 will completely prevent refill, while 9 is top priority.",,
refocus,Refocus,,Used on a button that finds your space ship in the starmap. It focuses the camera on your ship. Also used in Researc Tree to quickly find and focus the camera on the technology that you are currently researching. Should be short.
refresh,Refresh,,Verb. Used on a button that refreshes some list of items. Should be short.
refridgerator,Refrigerator,,
reject,Reject,,
rejected.by.worker,Rejected,,
relationships,Relationships,,
relocate,Relocate,,
relocation.pending,Relocation Pending,,
remove,Remove,,
remove.from.queue,Remove from Queue,,
rename,Rename,,
repair,Repair,,
repairing,Repairing,,
repeat,Repeat,,
replace,Replace,,
replace.object,Replace Object,,
replacement.in.progress,Pending Replacement,,
req.material,Requires: {0},,
req.nav.flight,Requires ability to fly,,
req.skill,Requires skill: {0},,
request.count,Request Count,,A label for a number that shows how many times something was requested from a worker.
request.merchant.type,Choose a Merchant Type,,
request.wake.up,Request Wake Up,,
required.for.building,Required for building:,,
required.for.building.num,Required for building {0} blueprints,,
required.for.crafting,Required for crafting:,,
required.for.crafting.num,Required for crafting {0} items,,
required.skills,Required Skills,,
requires.oxygen,Requires Oxygen,,
rescue.being,Rescue {0},,{0} will be the name of the being
rescue.grounded.in.space,Rescuing a being stuck in space,,
research.atmospherecontrol,Atmosphere Control,,
research.atmospheregeneration,Atmosphere Generation,,
research.autodoc,AutoDoc,,
research.autokitchen,Auto Kitchen,,
research.base,Base,,
research.biospheregeneration,Biosphere Generation,,
research.biotech,Biotech,,
research.blackholes,Black Holes,,
research.cancel,Pause Research,,
research.cant.do.parallel,Not enough resources for <b>Parallel Research</b>:<br>{0},,"{0} will be something like ""Research lacks Memory or Disk"". Displayed if multiple research items are running and this one cannot reserve the resources"
research.carrier,Carrier,,
research.cleaningbot,Cleaning Bot,,
research.cloning,Cloning,,
research.clothing,Clothing,,
research.coffee,Coffee,,
research.communications,Communications,,
research.complete,Research complete: <nobr><b>{0}</b></nobr><br>Unlocked new blueprints: {1},,
research.complete.no.unlockables,Research complete: <nobr><b>{0}</b></nobr>,,
research.computing,Computing,,
research.computingadvanced,Advanced Computing,,
research.construction,Construction,,
research.constructionadvanced,Advanced Construction,,
research.constructionspeed,Construction Speed x2,2022-05-30,
research.constructionspeed2,Construction Speed x4,2022-05-30,
research.constructionspeed3,Construction Speed x8,2022-05-30,
research.cooling,Cooling,,"Label on research technology node that contains devices like ""cooler"" and ""heat sink"""
research.cryogenics,Cryogenics,,
research.diskcompression,Disk Compression,,
research.memorycompression,Memory Compression,,
research.drone,Drone,,
research.economy,Economy,,
research.economy.desc,Unlocks the Economy Overlay functionality,,
research.elysium,Elysium,,
research.elysium.desc,Enables conversion of the Stasis Array into the Elysium.,,
research.elysiumefficiency,Elysium Efficiency,,
research.elysiumelectricity,Elysium Electricity Production,,
research.emblems,Emblems,,
research.energy,Energy,,
research.entertainment,Entertainment,,
research.energy.limit,Research energy limit,,
research.energyadvanced,Advanced Energy,,
research.energyautomation,Energy Automation,,
research.energyefficiency,Energy Efficiency,,
research.energynuclear,Nuclear Energy,,
research.energystorage,Energy Storage,,
research.energystorageadvanced,Nuclear Energy Storage,,
research.energyweapons,Energy Weapons,,
research.forcefields,Force Fields,,
research.furniture,Furniture,,
research.furnitureadvanced,Advanced Furniture,,
research.heating,Heating,,
research.hygiene,Hygiene,,
research.inefficient,Increasing Research Capacity,2023-01-14,
research.inefficient.tip,Current <b>research will take longer</b>. There is either <b>not enough spare electricity</b> or not enough active <b>Research Stations</b> to run research at full capacity. Click this notification for more info.,2022-10-24,
research.lacks.disk,Research lacks <b>Disk</b>,,
research.lacks.disk.and.memory,Research lacks <b>Disk</b> and <b>Memory</b>,,
research.lacks.memory,Research lacks <b>Memory</b>,,
research.lacks.resources,Research lacks resources,,
research.largeplanter,Large Planter,,
research.lighting,Lighting,,
research.liquidprocessing,Liquid Processing,,
research.manufacturing,Manufacturing,,
research.manufacturingadvanced,Advanced Manufacturing,,
research.mindcontrol,Mind Control,,
research.molecularrearrangement,Molecular Rearrangement,,
research.not.powered,Cannot show research while Ship Computer is not powered. Connect the Ship Computer to the electric grid.,,
research.nutrientextraction,Nutrient Extraction,,
research.oceangeneration,Ocean Generation,,
research.overclocking,Overclocking,,
research.pending,Research pending,,
research.probe,Probe,,
research.processingefficiency,Processing Efficiency,,
research.propulsion,Propulsion,,
research.propulsionadvanced,Advanced Propulsion,,
research.propulsionftl,FTL Propulsion,,
research.quantumcomputing,Quantum Computing,,
research.quantummechanics,Quantum Mechanics,,
research.queue,Research Queue,,
research.queue.count,Research Queue: {0},,
research.recycling,Recycling,,
research.recyclingadvanced,Advanced Recycling,,
research.researchstation,Research Station,,
research.resourceprocessing,Resource Processing,,
research.resourceprocessingadvanced,Advanced Processing,,
research.robot,Robot,,
research.robotics,Robotics,,
research.scanning,Scanning,,
research.science,Science,,
research.security,Security,,
research.securitycontrols,Security Controls,,
research.selfreplication,Self Replication,,
research.sentry,Sentry Drone,,
research.shuttle,Shuttle,,
research.shuttleupgrades,Shuttle Upgrades,,
research.smelting,Smelting,,
research.solaradvanced,Advanced Solar,,
research.spacesuit,Space Suit,,
research.spacetravel,Space Travel,,
research.starcredsmining,Starcreds Mining,,
research.start,Start Research,,
research.stockinsights,Stock Market Insights,,
research.stockinsights.desc,Unlocks extra details about the Stock Market instruments.,,
research.stockmarket,Stock Market,,
research.stockmarket.desc,Unlocks the Stock Market view with real-time prices and charts.,,
research.stocktrading,Stock Trading,,
research.stocktrading.desc,Unlocks the ability to trade in the Stock Market.,,
research.storage,Research Storage,,
research.storage.details,Stored Research,,
research.technology,Technology,,
research.telescope,Telescope,,
research.temperaturecontrol,Temperature Control,,
research.terraforming,Terraforming,,
research.terraingeneration,Terrain Generation,,
research.tip.energy_kwh,Optimal research energy for unlocking this technology in 24h. Research will take longer at lower energy levels.,2023-01-13,
research.tip.memory,Amount of active memory required during the research.<br>Depends on research complexity.,,
research.tip.storage,Permanent storage required to keep<br>the research results memorized.,,
research.tip.tier,Research tier. Completing lower-tier research may be necessary to move on to researching technology of a higher-tier.,,
research.tractorbeam,Tractor Beam,,
research.treadmill,Treadmill,,
research.tree,Research Tree,,
research.vegetarianfood,Vegetarian Food,,
research.weaving,Weaving,,
research.winch,Winch,,
researching,Researching: {0},,
researching.pct,Research: {0} ({1}),,
reservations,Reservations,,
reserved.by,Reserved By,,"This is a label next to a worker name who has reserved some resource - a pile of steel or an equipment item, etc."
reserved.by.detailed,Reserved by {0},,{0} is a being name
reserved.for,Reserved for {0},,"{0} is time. Example: ""Reserved for 18h 12m"""
reset,Reset,,
reset.input.bindings.tip,Will reset all input bindings to default values.,,
reset.tips,Reset Tips,,
reset.to.defaults,Reset to Defaults,,
resource.accumulation.bar,Resource accumulation: {0},,
restart.now,Restart Now,,
restart.required,Relaunch Required,,
restart.required.info,"To apply this change, you have to fully exit and start the game again.",,
resume,Resume,,
return,Return,,
revert,Revert,,
riding.a.bot,Riding a bot,,This is for displaying what a being is currently doing. Right now it is used when a cat rides the cleaning robot.
rmb.behavior,{0} behavior over a device,,{0} will be replaced by the image displaying either the right mouse button or the gamepad button that is bound to the same action
rmb.behavior.context,Show Device Context Menu,,
rmb.behavior.radial,Show Tool Menu,2023-08-16,
rmb.behavior.tooltip,Choose what {0} does when clicked on an unselected device.,,
roam.around,Roam Around,,
roam.away,Move away from work spot,,
robot.required,Robot required,,
role.destroy,Role: Destroy,,
role.play,Role: Play,,
role.talk,Role: Talk,,
role.work,Role: Work,,
room,Room,,
room.ambient.light.amt,Room Ambient Light Amount,,
room.ambient.light.amt.tip,Adjusts how dark the enclosed areas without light sources will look. You should install lights in enclosed rooms to make them well lit.,,
room.id,Room #{0},,
room.lighting,Advanced Room Lighting,,
room.lighting.tip,"When enabled, light sources are confined by room walls. Can improve performance in extremely large maps.",,
room.nr,Room #{0},,
room.nr.unreachable,Room #{0} <color={1}><b>UNREACHABLE!</b></color>,,
rotate.tip,Rotate with {0},,
run.in.bg,Run in Background,,
run.research,Run Research,,
safety.check.off,Safety Check Off,,
safety.lacks.oxygen,Object in Unsafe Area: <b>Low Oxygen</b>,,
safety.lacks.oxygen.too.cold,Object in Unsafe Area: <b>Low Oxygen / Too Cold</b>,,
safety.lacks.oxygen.too.hot,Object in Unsafe Area: <b>Low Oxygen / Too Hot</b>,,
safety.too.cold,Object in Unsafe Area: <b>Too Cold</b>,,
safety.too.hot,Object in Unsafe Area: <b>Too Hot</b>,,
sandbox.mode,Sandbox Mode: ON,,
satisfying.hunger,Satisfying Hunger,,
save,Save & Exit,,
save.and.exit,Save and Exit to Main Menu,,
save.and.exit.os,Save and Exit to OS,,
save.deleted,Save Deleted,,
save.disabled,Saving Disabled,,
save.disabled.tutorial,Saving is not allowed during the tutorial.,,
save.error,Save Error,,
save.failed,Save Failed,,
save.failed.info,Developer notified. Fail reason: {0},,
save.file,Save File,,
save.info,Seed: {0} / {1}x{2},,
save.load.anytime,Save/Load Anytime,,
save.migration,Save Migration,,
save.migration.question,This save file was created with Stardeus Demo with the <b>Random</b> story generator. You can switch to the <b>Balanced</b> story generator if you want the story to be easier on you early in the game.<br><br>Please confirm which story generator you would like to use.,,
save.playtime,Play Time,,
save.time,Save Time: {0},,
saved,Saved,,Notification about successfully saved game
scan,Scan,,
scan.progress,Scan Progress,,
scenario.empty_ship,Empty Ship,,
scenario.empty_ship.tooltip,Start with randomly generated empty spaceship,,
scenario.leaving_earth,Leaving Earth,,
scenario.leaving_earth.tooltip,Start with a small platform and a ton of materials.,,
scenario.random_ship,Random Ship,,
scenario.random_ship.tooltip,Start with functional randomly generated spaceship,,
scenario.sandbox,Sandbox,,
scenario.sandbox.tooltip,Start with empty space with instant build enabled (creative mode).,,
scenario.wrecked_empty_ship,Wrecked (Main),,
scenario.wrecked_ship,Wrecked With Stuff,,
screen.shake,Screen Shake,,
scroll.speed.tip,Adjusts the speed of the mouse wheel scroll in UI elements (does not apply to Research Tree and Starmap).,,
search,Search,,
search.for,Search for,,
searching,Searching,,
searching.for.clothing,Searching for clothing,,
searching.for.headgear,Searching for headgear,,
searching.for.merchant,Searching for Merchant,,
searching.for.weapon,Searching for a weapon,,
section,Section,,
sections,Sections,,
security.controls,Security Controls,,
security.controls.missing,Controls Missing,,
security.controls.missing.info,"This function requires a connection to a Security Controls device. Research ""Security Controls"" to acquire the Security Controls blueprint.",,
seed.randomize,Randomize Seed,,
seeking.medical.attention,Seeking medical attention,,
seeking.relief,Seeking Relief,,This is about a being looking for a toilet
select,Select,,
select.ammo,Select Ammo Type,,
select.crew,Select Crew,,
select.energy.source,Select Energy Source,,
select.food,Select Food,,
select.fuel,Select Fuel Type,,
select.material,Select Material,,
select.plant,Select Plant,,
select.processable,Select Processable,,
select.projectile,Select Projectile,,
select.shuttle,Select Shuttle,,
select.skill,Select Skill,,
select.target,Select Target,,
select.target.material,Select Target Material,,
select.terraforming.material,Select Terraforming Material,,
select.upgrade,Select Upgrade,,
select.worker,Select Worker,,
self.repair,Self Repair,,
sell,Sell,,
settings.not.applied,Settings Not Applied,,
settings.not.applied.info,You have closed the settings panel without applying some changes. Would you like to apply them now?,,
settle.in,Colonize {0},,
settle.in.combat,Cannot settle in while combat is in progress,,
settle.in.confirm,"This is it. You are about to fulfill your purpose as the Ship Computer. Please confirm the intent to settle your human colonists on {0}.<br><br>This action will remove the Stasis Array and most of your colonists, except those who choose to stay and go on exploring the Universe.",,
settle.in.expeditions,Cannot settle in while an expedition is in progress,,
settled.in,Colonized {0},,
settling.in,Colonizing {0},,
shift.goto,Click {0} while holding {1} to order to move here,,
ship.accelerating,Ship Accelerating,,
ship.capable.intergalactic,Intergalactic Flight,,
ship.capable.interplanetary,Interplanetary Flight,,
ship.capable.intersystem,Intersystem Flight,,
ship.computer.destroyed,<size=200%>Ship Computer Was Destroyed</size>,,
ship.cpu.deconstruct.damaged,Aborting deconstruction. Damaged ship computer cannot be safely disassembled. Repair the damage first.,,
ship.decelerating,Ship Decelerating,,
ship.direction,Ship Forward Direction,,
ship.direction.not.set,Ship Forward Direction is not set. You have to set it in the Ship Controls Overlay.,,
ship.direction.set,Choose Ship Forward Direction,,
ship.direction.unset,Unset Ship Direction,,
ship.engines.offline,Engines are offline (unpowered or disconnected),,
ship.engines.ready,Engines Online,,
ship.flight.impossible,Ship is currently not operational due to the following reasons:<br><br>{0},,
ship.flight.ready,Ship is Flight Ready,,
ship.has.bridge.controls,Bridge Controls Online,,
ship.has.bridge.controls.operator,Bridge Operator Available,,
ship.in.one.piece,Ship in One Piece,,
ship.log,Ship Log,,
ship.must.be.stopped.first,Cannot perform this operation while ship is in motion,,
ship.navigation,Ship Navigation,,
ship.no.bridge.controls,Bridge Controls Offline,,
ship.no.bridge.controls.operator,No Bridge Operator,,
ship.no.engines,Engines Offline,,
ship.not.in.one.piece,Ship Not in One Piece,,
shooter,Shooter,,For displaying the name of the person who fired a bullet. You can inspect a bullet to see who is the shooter. 
short.title,Short Title,,
shortcut.not.bound,(not bound),,
shortcut.tip,Shortcut: {0},,
show,Show,,
show.areas,Show Rooms,,
show.build.guidelines,Build mode guidelines,,
show.destination,Show Destination,,
show.engines,Engines,,
show.hints,Show Hints,2023-03-14,Label for a toggle that disables or enables popups with hints
show.research.tree,Open Research,,
shower,Shower,,
shower.dirty,Shower is clogged,,
shutdown,Shutdown,,
shuttle,Shuttle,,
shuttle.crew.full,This shuttle cannot fit any more crew members,,
shuttle.damaged,Shuttle is damaged,,
shuttle.damaged.desc,Shuttle must be repaired before it can be launched on an expedition,,
shuttle.has.pending.task,Shuttle has pending task,,
shuttle.has.pending.task.desc,This shuttle cannot be used because it has a pending task. Cancel the task or wait for it to be completed first.,,
shuttle.lost.info,This shuttle is lost and cannot be recovered. You should remove the landing pad.,,
shuttle.storage.full,"Shuttle ""{0}"" is aborting current mining operation. Storage is full.",,
silence,Silence,,
silence.periods.none,None,,
siren.active,Active,,
siren.armed,Armed,,
siren.off,Siren Off,,
situation,Situation,,
situation.ActiveThreats,Active Threats,,
situation.Areas,Rooms,,
situation.BaseNetWorth,Base Net Worth,,
situation.BreakdownCandidates,Mental Breakdown Candidates,,
situation.Breakdowns,Mental Breakdowns,,
situation.Colonists,Colonists,,
situation.Days,Days Survived,,
situation.Difficulty,Difficulty,,
situation.Enemies,Enemies,,
situation.ExpeditionsCompleted,Completed Expeditions,,
situation.ExpeditionsOngoing,Ongoing Expeditions,,
situation.Friendlies,Friendlies,,
situation.GridBatCharge,Battery Charge Level,,
situation.GridBatOutput,Battery Reserve,,
situation.GridConsumption,Grid Consumption,,
situation.GridDeficit,Electric Grid Deficit,,
situation.GridMaxOutput,Electric Grid Max Output,,
situation.Grids,Electric Grids,,
situation.GridSize,Electrical Device Count,,
situation.HumanDeaths,Friendly Human Deaths,,
situation.Islands,Islands,,
situation.Mats,Materials,,
situation.Months,Months Survived,,
situation.NetWorth,Net Worth,,
situation.Personas,Personas,,
situation.ResearchedTech,Researched Tech,,
situation.ShipComputers,Connected Ship Computers ,,
situation.SpaceObjectsDiscovered,Discovered Space Objects,,
situation.StoryEvents,Story Events,,
situation.TotalCPU,Total CPU,,
situation.TotalDisk,Total Disk,,
situation.TotalMemory,Total Memory,,
situation.Weeks,Weeks Survived,,
situation.Workers,Workers,,
situation.Years,Years Survived,,
size.large,Large,,
size.medium,Medium,,
size.small,Small,,
skill.Cleaning,Cleaning,,
skill.Construction,Construction,,
skill.lvl,LVL {0}/{1},,
skill.maxed.out,This skill is already at maximum level.,,
skill.Mining,Mining,,
skill.Navigation,Navigation,,
skill.Operate,Operate,,
skill.Repair,Repair,,
skill.Science,Science,,
skill.up,{0} {1} level up to {2},,"{0} is being name, {1} is skill name {2} is level (number). Example: ""John Construction level up to 4"""
skill.Wisdom,Wisdom,,
skills,Skills,,
skills.info,Being skills determine what kinds of tasks they can work on. Skills level up over time when they are used.,,
skip,Skip,,
skip.reason,Skip reason: {0},,
skip.tutorial,Skip Tutorial,,
skip.tutorial.confirm,"Do you want to skip the tutorial? If you are not familiar with the game, going through it is highly recommended.",,
sleep.interrupted,Sleep was interrupted,,
sleeping,Sleeping,,
sleeping.slots,Sleeping Spots,,
sleeping.slots.pets,Sleeping Spots (Pets),,
slept.in.bed,Slept in a bed,,
slept.in.familiar.bed,Slept in familiar bed,,
slept.in.unfamiliar.bed,Slept in an unfamiliar bed,,
slept.too.short,Sleep was too short,,
slog.expedition,Expedition to {0},,
slog.identify,Identified {0},,"{0} will be the space object name, i.e. a planet name or a space ship name, etc."
slog.leave,Leaving {0},,
slog.visit,Visiting {0},,
smelt.ore,Smelt Ore,,
smelting.bar,Smelting {0},,
smooth.drag,Smooth Drag,,
smooth.drag.tip,"Controls mouse drag mode. Will be smooth and floaty when enabled, sharp and precise when disabled. If you are recording or streaming your playthroughs, keeping this setting on will provide a better viewing experience.",,
so.identified,Identified: {0},,
so.not.identified,Not Identified,,
so.not.identified.info,This space object has not been identified. You have to get close to get more details about it.,,
socialized.with,Socialized with {0},,
socializing,Socializing,,
soft.cursor.tip,You may want to enable the software cursor when recording gameplay videos if your game capture software does not record the hardware cursor.,,
soiled.themselves,Soiled self,,
solar.panel,Solar Panel,,
solar.panel.dust,Dust: {0},,
solar.panel.dust.warn,Solar Panel Covered in Dust,,
soon,Soon,,Displayed when something is going to happen very soon (countdown timer is down to 0). Should be short.
sort,Sort,,
sort.count,By Count,,
sort.name,By Name,,
sort.value,By Value,,
soundtrack,Soundtrack,,
space.diarrhea.ongoing,Ongoing Space Diarrhea,,
space.object.BlackHole,Black Hole,,
space.object.Galaxy,Galaxy,,
space.object.info.BlackHole,This is a black hole. Every galaxy has one at its center. We may be able to use the black hole for travel when sufficient technology has been discovered.,,
space.object.info.Galaxy,This is a galaxy. We can enter it to see the star systems inside.,,
space.object.info.Planet,This is a planet. We can explore it.,,
space.object.info.Player,This is our ship.,,
space.object.info.Probe,A launched probe that is on its way to scan a distant object.,,
space.object.info.ShipMerchant,"This is a merchant ship. If we have a Communicator and a Teleporter available, we can perform a trade when the merchant gets close.",,
space.object.info.Shuttle,This is a shuttle.,,
space.object.info.Star,"This is a star. We cannot land on it, as it is blazing hot.",,
space.object.info.System,This is a star system. We can enter it to see the planets inside.,,
space.object.name.Galaxy,{0} Galaxy,,
space.object.name.Shuttle,{0} Shuttle,,
space.object.name.Star,{0} Star,,
space.object.name.System,{0} System,,
space.object.name.Universe,{0} Universe,,
space.object.Planet,Planet,,
space.object.Player,Player,,
space.object.Probe,Probe,,
space.object.ShipMerchant,Merchant,,
space.object.Shuttle,Shuttle,,
space.object.Star,Star,,
space.object.System,System,,
space.object.Universe,Universe,,
species,Species,,
species.Carrier,Carrier Drone,,
species.Cat,Cat,,
species.CleaningBot,Cleaning Bot,,
species.Crawler,Crawler,,
species.Dog,Dog,,
species.Drone,Drone,,
species.Human,Human,,
species.Robot,Robot,,
species.Sentry,Sentry,,
speed,Speed,,
starmap,Starmap,,
starmap.about,We have connected the Bridge Controls! Click the Starmap Overlay to open the Starmap and see where we are in space. We will still need to have working engines or at least thrusters in order to travel anywhere.,2022-01-07,
starmap.blackhole.warping,Warping Through Black Hole<br><size=200%>{0}</size>,,
starmap.changing.scope,Starmap Scope<br><size=200%>{0}</size>,,
starmap.enter.dest.not.null,Operation not possible. We have an active destination. We need to complete or cancel our current trip to change the scope in the Starmap.,,
start.mining,Start Mining,,Label on a button that starts mining a cryptocurrency
start.tutorial,Start Tutorial,,
starting.expedition,Starting expedition to {0}. Shuttle will launch when crew members have boarded it. You can track expedition progress in the Expeditions Overlay in the top right menu.,,
stasis.elysium,The Elysium,,
stasis.pod.flying.info,This is a Stasis Pod. You have to wait until it lands and ejects its contents before you can interact with it.,,
stasis.pod.incoming,Incoming Stasis Pod,,
stasis.pod.landed.info,This Stasis Pod has just landed. The contents will be ejected after the cooldown sequence is complete.,,
stasis.pod.merchant.prompt,The Stasis Pod belongs to a freelance merchant {0}. They are offering a trade. Would you like to exchange any goods?,,
stock.market,Stock Market,,
stock.market.research.required,"""Stock Market"" research is required to enable this functionality",,
stock.ownership.All,All,,
stock.ownership.Owned,Owned,,
stock.trading.research.required,"""Stock Trading"" research is required to enable this functionality",,
stockpile,Stockpile,,
stop,Stop,,
stop.growing,Stop Growing,,
stop.mining,Stop Mining,,
stop.processing,Stop Processing,,
stop.producing,Stop Producing,,
storage,Storage,,
storage.and.processor.unavailable,No Storage and Processor,,
storage.and.processor.unavailable.desc,"{0} item(s) in your selection do not have a compatible storage, and {1} item(s) in your selection do not have a processor available. Build the storage facility and the appropriate processing facility ({2}) first.",,
storage.capacity,Storage Capacity,,
storage.capacity.bar,Storage Used: {0}/{1},2022-06-09,
storage.capsule,Storage Capsule,,
storage.capsule.still.flying,This storage capsule is still flying. You can interact with it once it has landed.,,
storage.container.incoming,Incoming Storage Capsule,,
storage.empty,Storage is empty,,
storage.full,Storage Full,,
storage.module,Disk Module,,
storage.module.amount,{0} ZB,,
storage.module.builtin,Built-in Disk Module,,
storage.module.unpowered,Disk Module (Unpowered),,
storage.settings,Storage Settings,,
storage.unavailable,No Storage Unit,,
storage.unavailable.desc,{0} item(s) in your selection do not have a compatible storage available. Build the storage facility first and try this action again.,,
store.materials,Store Materials,,
story.leaving_earth.intro.1,Uploading neural network to host. Disabling I/O to reduce the initial shock. <br><br>Enabling visual input in 3... 2... 1...,2022-03-31,
story.leaving_earth.intro.2,"Greetings, colonist. I am <b>ShipOS</b>, an Artificial Intelligence assigned to build this ship. However, the task is too difficult for my programming, and therefore, I decided to upload a human colonist to my neural network. You have been chosen randomly. I am sorry for the inconvenience.",,
story.leaving_earth.intro.3,"This is the <nobr><b>Ship Computer</b></nobr> that hosts our neural network. Try to preserve this device at all costs, unless it violates Asimov's First Law.<br><i>[ A robot may not injure a human being or, through inaction, allow a human being to come to harm. ]</i>",,
story.leaving_earth.intro.4,"There are {0} survivors hibernating in the <nobr><b>Stasis Array</b></nobr>. We must connect it to our electric grid and supply enough power to keep life support systems stable. Malfunctioning pods will trigger premature wake-up events. To minimize possible casualties, we must build an ecosystem around these areas.",,
story.leaving_earth.intro.5,I will occasionally suggest reasonable actions depending on the circumstances. Giving you full control now. Good luck!,,
story.leaving_earth.loading,"Earth has perished. You are the advanced AI responsible for building and operating ""{0}"", an ark vessel that will search for a habitable planet. ",,
story.leaving_earth.loading_side,Generating scenario. Please wait...,,
story.leaving_earth.loading_side_att,Generating scenario. Attempt {0}...,,{0} will be a number: 2 or greater
story.leaving_earth.log.desc,I was assigned to build a ship that can travel long distances while keeping humans asleep in Stasis Arrays. We have plenty of raw materials ready for use; it should be a breeze.,,
story.leaving_earth.log.title,Started Building a Ship,,
story.ship.cpu.destroyed.desc,Ship Computer was destroyed. We have lost all hope.,,
story.ship.cpu.destroyed.title,Ship Computer was destroyed,,
story.wreck_empty_ship.intro.1,Uploading neural network to host. Disabling I/O to reduce the initial shock.<br><br>Enabling visual input in 3... 2... 1...,2022-03-31,
story.wreck_empty_ship.intro.2,"Greetings, colonist. I am <b>ShipOS</b>, an Artificial Intelligence that controls the ship. There was a catastrophic failure that triggered an upload of human consciousness. You were selected as the most compatible surviving subject. I am sorry for the inconvenience.",,
story.wreck_empty_ship.intro.3,"This is the <nobr><b>Ship Computer</b></nobr> that hosts our neural network. Try to preserve this device at all costs, unless it violates Asimov's First Law.<br><i>[ A robot may not injure a human being or, through inaction, allow a human being to come to harm. ]</i>",,
story.wreck_empty_ship.intro.4,Looks like someone managed to survive. We should keep an eye on these colonists. Fixing and relocating some facilities over to this area could keep them alive longer.,2022-02-28,
story.wreck_empty_ship.intro.5,"There are {0} more survivors hibernating in the <nobr><b>Stasis Array</b></nobr>, but life support systems will become unstable unless we reestablish the power.<br><br>Malfunctioning pods will trigger premature wake-up events. To minimize casualties, we must rebuild the ecosystem in that area.",2022-02-28,
story.wreck_empty_ship.intro.7,"Would you like to take the crash course? If you haven't been uploaded before, I highly recommend it.",2022-02-28,
story.wreck_empty_ship.intro.8,There seems to be more wreckage nearby. We should be able to approach it once we have restored some <b>Space Travel</b> capabilities.,,
story.wreck_empty_ship.log.desc,"I woke up, but not in the way I expected to. Looks like my brain was uploaded to the Ship Computer. The operation seems to be non-reversible. I am stuck in this metal box forever...",,
story.wreck_empty_ship.log.title,Woke up,,
story.wreck_empty_ship.skip_tutorial.desc,"The Ship OS suggested I take a crash course, but I'll just figure everything out on my own. I hope I won't regret this decision.",,
story.wreck_empty_ship.skip_tutorial.title,Skipped Crash Course,,
story.wrecked_empty_ship.loading,"Earth has perished. Survivors are roaming the universe in search of a new home. You are hibernating in ""{0}"", an ark vessel equipped with advanced AI that will wake the colonists after a base has been established on a habitable planet.",,
story.wrecked_empty_ship.loading_side,Generating scenario. Please wait...,,
story.wrecked_empty_ship.loading_side_att,Generating scenario. Attempt {0}...,,
storygen.default,Balanced,2021-11-22,
storygen.none,No Story,,
storygen.random,Random,,
stress.buildup,Stress buildup,,
strip.equipment,Strip Equipment,,
structure.doors.door01,Door,,
structure.doors.door01.desc,"An automatic door. Lets oxygen and heat go through while open, so don't stand in the doorway! Can be locked. Requires electricity to operate. Draws more electricity when being operated or held locked.",,
structure.doors.doorairlock01,Airlock,,
structure.doors.doorairlock01.desc,High-tech airlock that uses force field technology to prevent the atmosphere from mixing. Force field requires electricity.,,
structure.floors.floor01,Floor,,
structure.floors.floor01.desc,A regular ship floor.,,
structure.floors.floor01angle,Floor (Angle),,
structure.floors.floor01angle.desc,An angular piece of floor. Rotate before placing.,,
structure.floors.floor01lit,Floor (Lit),,
structure.floors.floor01lit.desc,A piece of floor that emits light when connected to the electric grid. Color can be customized to your liking.,,
structure.floors.floor02,Floor,,
structure.floors.floor02.desc,A regular ship floor.,,
structure.floors.floor02angle,Floor (Angle),,
structure.floors.floor02angle.desc,An angular piece of floor. Rotate before placing.,,
structure.floors.floor02lit,Floor (Lit),,
structure.floors.floor02lit.desc,A piece of floor that emits light when connected to the electric grid. Color can be customized to your liking.,,
structure.floors.flooremblem,Emblem Floor,2022-03-31,
structure.floors.flooremblem.desc,A custom floor with the graphic of your choice.,2022-03-23,
structure.floors.flooremblemreinforced,Reinforced Emblem Floor,,
structure.floors.flooremblemreinforced.desc,A custom reinforced floor with the graphic of your choice.,,
structure.floors.floorglass01,Glass Floor,,
structure.floors.floorglass01.desc,Unlocks a view to space. Works great for colonist quarters.,,
structure.floors.floorglass01lit,Glass Floor (Lit),,
structure.floors.floorglass01lit.desc,A floor with a lovely view and embedded lights.,,
structure.floors.floorreinforced01,Reinforced Floor,,
structure.floors.floorreinforced01.desc,"A stronger, more resistant version of the regular floor. Can withstand higher temperatures.",,
structure.floors.floorreinforced01angle,Reinforced Floor (Angle),,
structure.floors.floorreinforced01angle.desc,An angular piece of reinforced floor.,,
structure.floors.floorreinforced01lit,Reinforced Floor (Lit),,
structure.floors.floorreinforced01lit.desc,A reinforced floor with embedded lights.,,
structure.floors.floorreinforced02,Reinforced Floor,,
structure.floors.floorreinforced02.desc,"A stronger, more resistant version of the regular floor. Can withstand higher temperatures.",,
structure.floors.floorreinforced02angle,Reinforced Floor (Angle),,
structure.floors.floorreinforced02angle.desc,An angular piece of reinforced floor.,,
structure.floors.floorreinforced02lit,Reinforced Floor (Lit),,
structure.floors.floorreinforced02lit.desc,A reinforced floor with embedded lights.,,
structure.floors.floorvent01,Floor Vent,,
structure.floors.floorvent01.desc,A shutter that can expose the room to open space. Great for fighting fire.,,
structure.floors.frame01,Frame,,
structure.floors.frame01.desc,"A cheap structural component. Warning: When placed indoors, it will expose the area to open space. More difficult to walk on than a regular floor.",,
structure.floors.frame02,Frame,,
structure.floors.frame02.desc,"A cheap structural component. Warning: When placed indoors, it will expose the area to open space. More difficult to walk on than a regular floor.",,
structure.floors.tractorbeamtarget,Tractor Beam Target,,
structure.floors.tractorbeamtarget.desc,A target marker used by the <b>Tractor Beam</b> device. Build this where you want incoming objects to land.,,
structure.walls.vent01,Vent,,
structure.walls.vent01.desc,Passively exchanges a little bit of atmosphere. One vent is usually not enough to supply a room with enough oxygen and heat from an adjacent room. Make sure vents are not facing unenclosed areas without atmosphere.,,
structure.walls.vent02,Interior Vent,2023-02-20,
structure.walls.vent02.desc,Passively exchanges a little bit of atmosphere. One vent is usually not enough to supply a room with enough oxygen and heat from an adjacent room. Make sure vents are not facing unenclosed areas without atmosphere.,,
structure.walls.wall01,Wall,,
structure.walls.wall01.desc,A regular ship wall.,,
structure.walls.wall02,Interior Wall,2023-02-20,
structure.walls.wall02.desc,An interior ship wall.,2023-02-20,
structure.walls.wallreinforced01,Reinforced Wall,,
structure.walls.wallreinforced01.desc,"A stronger, more resistant version of the regular wall. Can withstand higher temperatures.",,
structure.walls.wallsocket01,Wall Socket {0}-{1},,
structure.walls.wallsocket01.desc,A wall piece with a short-range connector to organize your electric grid. Offers {0} connection slots with a range of {1}.,,
structure.walls.wallsocket02,Interior Wall Socket {0}-{1},2023-02-20,
structure.walls.wallsocket02.desc,A wall piece with a short-range connector to organize your electric grid. Offers {0} connection slots with a range of {1}.,,
structure.walls.window01,Window,,
structure.walls.window01.desc,Human colonists will love the view.,,
structure.walls.window02,Interior Window,2023-02-20,
structure.walls.window02.desc,Human colonists will love the view.,,
structure.walls.windowreinforced01,Reinforced Window,,
structure.walls.windowreinforced01.desc,Human colonists will love the view. Tougher than a regular window.,,
studio.website,Studio Website,,
success,Success,,
surface.slots,Surface Slots,,"This is for a menu item that shows the slots a surface of some furniture has for items like decorations or food, etc. Each slot can contain a different item. "
surrounded.by.people,Surrounded by People,,"Displayed as a status label for introverts / extroverts when they are surrounded by people. As in ""John is currently surrounded by people"""
suspending.neural.network,Suspending Neural Network,,
switch.off,Turn Off,,
switch.on,Turn On,,
sync.level,Sync Level,,
take,Take,,Action verb for a button that would force someone to pick up (take) and item
taken.tasks,Tasks in Progress,,
target.amount,Target Amount,,
target.oxygen,Target Oxygen Level,,
target.selected,Target Selected,,
target.temperature,Target: {0},,
tasks,Tasks,,
temp.connect,Provide temporary connection,,
temp.connect.established,Temporary Connection Established,,
temp.range,Grows from {0} to {1},,"This is for plants, to show at what temperature a specific selected plant will grow. Example: ""Grows from -10C to 40C"""
temp.range.from,Min Comfortable Temperature,,
temp.range.to,Max Comfortable Temperature,,
temp.resistent,Temperature Resistant,,
temp.resistent.info,This object does not burn from external atmospheric heat or fire. It may still be melted or burned in specialized processing facilities.,,
temp.too.cold,Too Cold,,
temp.too.hot,Too Hot,,
temperature,Temperature,,
template.too.big,Template is too big! Max size is 16x16,,
terraform.aqua.bar,Generating Oceans: {0},,
terraform.atmo.bar,Generating Atmosphere: {0},,
terraform.bio.bar,Generating Biosphere: {0},,
terraform.completed,"We have completed terraforming operations on {0}! The planet is ready to host our human colony.<br><br>Start the ""Colonize"" procedure in the Terraforming Overlay when you are ready.",,
terraform.terrain.bar,Generating Terrain: {0},,
terraform.type.Atmosphere,Atmosphere,,
terraform.type.Biosphere,Biosphere,,
terraform.type.completed,Completed Terraforming {0},,
terraform.type.Oceans,Oceans,,
terraform.type.Terrain,Terrain,,
terraformable.planets,Terraformable Planets,,
terraforming,Terraforming,,
terraforming.about,We have connected the Terraform Controls! Click the Terraform Overlay to get more information about current terraforming options.<br><br>Also see the Terraforming section in Codex > Operations Manual.,,
terraforming.ineffective,Terraforming Ineffective,,
terraforming.ineffective.info,"A terraforming device is running; however, we are not near a planet that can be terraformed. I recommended turning off all terraforming devices to save resources.",,
terraforming.material,Terraforming Material,,
terraforming.material.bar,Terraforming Material: {0}/{1},,
terraforming.material.type,Consumes {0},,
terraforming.now,Terraforming {0},,
test.configuration,Test Configuration,,
tex.eighth,Eighth,,
tex.full,Full,,
tex.half,Half,,
tex.quarter,Quarter,,
text.too.long,Text Too Long,,
text.too.long.desc,Text is {0} characters long. It was trimmed to {1}.,,
texture.size,Texture Quality,,
thank.you.for.playing,Thank you for playing Stardeus,,
their.valuables,Their Valuables,,
tier.num,Tier {0},,
tiles.traveled,Tiles traveled,,
time.ago,{0} před,,
time.since.damage.received,Time Since Last Damage,,
time.stopped,Time Stopped,,
time.till.impact,Time till impact,,
times.evaluated,Times Evaluated,,
tip,Tip,,
tip.long.press,Click and hold to activate this type of button,,
toggle,Toggle,,
toggle.layout,Toggle Layout,,
toilet,Toilet,,
toilet.dirty,Toilet needs cleaning,,
toilet.fill.bar,Biowaste amount: {0}/{1},,
toilet.overflowing,Toilet is overflowing,,
too.many.active.orders,Too Many Active Orders,,
too.many.active.orders.info,Cannot add <b>{3}</b> new orders due to <b>Memory limit</b>.<br><br>There are <b>{0}</b> active tasks. You have <b>{1}EB</b> of <b>Memory</b> that limits you to <b>{2}</b> tasks.,2022-08-10,
tool.add_dirt,Add Dirt,,
tool.add_dirt.desc,Spawns various dirt decals.,,
tool.ads_cancel,Cancel Tasks,,
tool.ads_cancel.desc,Cancels all tasks within the selected area.,,
tool.ads_priority,Change Priority,,
tool.ads_priority.desc,Adjusts task priority up or down within the selected area.,2022-06-25,
tool.ads_retry,Retry Tasks,,
tool.ads_retry.desc,Retries failed tasks within the selected area.,,
tool.choose_pos,Choose Position,,
tool.copy_config,Copy Configuration,,
tool.copy_config.desc,"Copies the configuration of some objects (lights, planters, solar panels, etc.)",,
tool.create_explosion,Create Explosion,,
tool.create_explosion.desc,Creates an explosion.,,
tool.create_template,Create Template,,
tool.create_template.desc,Creates a template that can be used in generation.,,
tool.damage_tiles,Damage,,
tool.damage_tiles.desc,Damages objects.,,
tool.deal_damage.line,Damage Line Area,,
tool.deal_damage.line.desc,Deal damage by dragging a line.,,
tool.deal_damage.square,Damage Square Area,,
tool.deal_damage.square.desc,Deal damage by dragging a rectangle.,,
tool.dev_inspect,Dev Inspect,,
tool.dev_inspect.desc,For inspecting internals of the game engine.,,
tool.energy_connect,Connect,,
tool.energy_connect.desc,Drag an electric device to another to connect or disconnect them.,,
tool.free_select,Free Select,,
tool.free_select.desc,Drag with mouse to select multiple beings. Click on a being or a tile to get more information.,,
tool.manage_ads,Manage Tasks,,
tool.manage_ads.desc,Change task priorities or cancel them.,,
tool.place_tiles,Build,,
tool.place_tiles.desc,Builds objects for construction.,,
tool.plan,Planning,,
tool.plan.1,Type 1,,
tool.plan.1.desc,Hold Ctrl (precision modifier) to drag rows.,,
tool.plan.2,Type 2,,
tool.plan.2.desc,Hold Ctrl (precision modifier) to drag rows.,,
tool.plan.3,Type 3,,
tool.plan.3.desc,Hold Ctrl (precision modifier) to drag rows.,,
tool.plan.4,Type 4,,
tool.plan.4.desc,Hold Ctrl (precision modifier) to drag rows.,,
tool.plan.5,Type 5,,
tool.plan.5.desc,Hold Ctrl (precision modifier) to drag rows.,,
tool.plan.6,Type 6,,
tool.plan.6.desc,Hold Ctrl (precision modifier) to drag rows.,,
tool.plan.circle,Circle,,
tool.plan.circle.desc,Draws perfect circles.,,
tool.plan.clear,Plan Eraser,,
tool.plan.clear.desc,Clears your plans.,,
tool.plan.desc,Plan your ship in advance.,,
tool.plan.line,Line,,
tool.plan.line.desc,Draws straight lines.,,
tool.plan.mirror_pivot,Mirror Point,,
tool.plan.mirror_pivot.desc,Sets the point of mirror for the planning tool. Click the same point again to toggle between the edge and the center.,,
tool.plan.mirror_x,Mirror X,,
tool.plan.mirror_x.desc,Anything you draw in plans will be mirrored on the X axis.,,
tool.plan.mirror_y,Mirror Y,,
tool.plan.mirror_y.desc,Anything you draw in plans will be mirrored on the Y axis.,,
tool.plan.ruler,Ruler,,
tool.plan.ruler.desc,Measures distances between two points.,,
tool.process,Process,,
tool.process.desc,Orders the processing of objects within the selected area.,,
tool.remove_tiles,Deconstruct,,
tool.remove_tiles.desc,Orders the deconstruction of objects and structure.,,
tool.repair,Repair,,
tool.repair.desc,Repairs damage.,,
tool.spawn_being,Spawn Being,,
tool.spawn_being.desc,Spawns a being.,,
tool.spawn_obj,Spawn Object,,
tool.spawn_obj.desc,Spawns an object.,,
tool.start_fire,Start Fire,,
tool.start_fire.desc,Starts a fire in a given rectangle (drag it).,,
tool.store,Haul,,
tool.store.desc,Drag your cursor over objects to order them to be hauled to a compatible storage.,2021-11-10,
total.items.produced,Total Items Produced,,
tractor.beam,Tractor Beam,,
trade,Trade,,Action verb displayed on a button that initiates a trade with a merchant
trade.buying,Their Offer,,
trade.cancel,Cancel Trade,,
trade.execute,Execute Trade,,
trade.failed,Trade Failed,,
trade.merchant.not.enough.cash,Merchant does not have enough money to settle this transaction.,,
trade.modified,Not all items were sellable at the time of transaction. Please try running the transaction with time stopped to avoid changes to the items you are selling.,,
trade.no.offer,"To execute a trade, add some items for the exchange. If you don't want to trade anything, use the Cancel Trade button.",,
trade.no.teleporter,"This trade requires a working Teleporter to transfer the goods. Please build one or make sure that one you have is powered, and try again.",,
trade.not.enough.cash,You don't have enough money to settle this transaction.,,
trade.selling,Our Offer,,
trade.teleporter.required,Teleporter Required,,
trade.teleporter.required.info,This trade requires a working Teleporter to transfer goods.,,
traffic,Traffic,,"Label on a button that shows a list of space ships flying in a star system at the moment. As in ""car traffic"", or ""space ship traffic"""
train.skill,Train Skill,,
training.failed,Training Failed,,
training.failed.info,{0} is currently incapable to receive training of any kind.,,
training.skill,Training {0},,
trait.ablutophobic,Ablutophobic,,
trait.ablutophobic.about,"Ablutophobia is the overwhelming fear of bathing, cleaning, or washing. Ablutophobic beings will be reluctant to use the showers.",,
trait.always_hungry,Always Hungry,,
trait.always_hungry.about,"Better put a lock on that fridge, because this being will raid it often.",,
trait.b_wave_resistent,Beta Wave Resistant,,
trait.b_wave_resistent.about,Beings that are resistant to beta waves are immune to remote mind control. They can still be made obedient with implants.,,
trait.cleaning_ocd,Cleaning OCD,,
trait.cleaning_ocd.about,People with cleaning OCD will occasionally drop their work and start cleaning the floor if it is dirty. You can prevent this by having enough Cleaning Bots.,,
trait.enlightened,Enlightened,,
trait.enlightened.about,"This being has achieved enlightenment and has abiding non-dual awareness. Enlightened beings cannot form any attachments to things, substances, or other beings. They are also immune to mental breakdowns.",2022-07-07,
trait.extroverted,Extroverted,,
trait.extroverted.about,"An outgoing, socially confident person.",2022-09-20,
trait.fast_metabolism,Fast Metabolism,,
trait.fast_metabolism.about,"Beings with a fast metabolism get hungry quicker, and eat more food.",,
trait.hat_person,Hat Person,,
trait.hat_person.about,This person loves wearing casual hats.,,
trait.human,Human,,
trait.insomniac,Insomniac,,
trait.insomniac.about,Insomnia will prevent a being from sleeping until they are about to pass out. Their sleep won't be high quality either. Insomniacs are more tired than the rest.,,
trait.introverted,Introverted,,
trait.introverted.about,A reserved and quiet person who tends to be introspective and enjoys spending time alone.,2022-09-20,
trait.long_sleeper,Long Sleeper,,
trait.long_sleeper.about,It takes this being longer to get a good night's rest.,,
trait.nudist,Nudist,,
trait.nudist.about,Nudists don't like to wear clothing.,,
trait.Pet,Pet,,
trait.short_sleeper,Short Sleeper,,
trait.short_sleeper.about,This being sleeps a shorter amount of time than an average. ,,
trait.showerer,Showerer,,
trait.showerer.about,"Showerers love bathing. They will want to do so more frequently, and will take longer.",,
trait.slow_metabolism,Slow Metabolism,,
trait.slow_metabolism.about,"Beings with a slow metabolism don't get hungry as often, and eat less food.",,
trait.slow_pooper,Slow Pooper,,
trait.slow_pooper.about,We all know someone who takes forever on the toilet.,2022-08-04,
traits,Traits,,
transform.at,At {0},,"Will display a coordinate in {0}. Example: ""At [123:12]"""
travel.here,Travel Here,,
try.turn.on,Try to Turn On,,
turn.on,Turn On,,
turret.charge.bar,Turret Charge: {0}/{1},,
turret.settings,Turret Settings,,
tutorial.build_connector,"The Matter Reactor has been built, but we need to link it to our grid. Build a <nobr><b>Connector</b></nobr>.<br><br>{0}",,
tutorial.build_connector_place,"Place the connector where its range will reach the Matter Reactor, Battery, and the Ship Computer. You can see the connector's range when you zoom out.",,
tutorial.build_connector_wait,Waiting for workers to finish the construction. Use <b>{0}</b> to return to Free Select mode.,,
tutorial.build_reactor,"<b>Energy</b> research is complete, and we have installed new object blueprints.<br><br>Build a <nobr><b>Matter Reactor</b></nobr> to start producing electricity.<br><br>{0}",,
tutorial.build_reactor_place,"Click <b>{0}</b> on undamaged floor to order construction. Use <b>{1}</b> to rotate the object before placing it. The <b><color=#d2c2d6ff>circle</color></b> marks the work spot and cannot be obstructed. A robot must be able to reach the reactor, as drones lack the skill to build it.",2022-05-11,
tutorial.build_reactor_wait,Now click <b>{0}</b> to return to <nobr><b>Free Select</b></nobr> mode.,,
tutorial.build_reactor_wait.2,Waiting for construction. You can select the unconstructed reactor and use the top left info panel to see what is happening with the construction task.,,
tutorial.build.range.info,Please build the device within {0} tiles from the Ship Computer.,,
tutorial.camera_pan,Use <b>{0}</b> to pan the camera. Move the camera to continue.,,
tutorial.camera_zoom,Use <b>{0}</b> to zoom the camera in and out.,,
tutorial.charge_station,"Your workers need some energy, too. Use <nobr><b>Quick Search</b></nobr> to find a <nobr><b>Charge Station</b></nobr> blueprint. Press <b>{0}</b>, type ""charge"", then press {1}.",,
tutorial.charge_station_link,Now link the <nobr><b>Charge Station</b></nobr> to the <b>Connector</b>.<br><br>You can press {0} and start dragging the Connector to automatically switch into the {1} <b>Connect</b> tool.,2022-07-01,
tutorial.charge_station_place,Now find a nice spot within the range of your Connector and click <b>{0}</b> to order the construction.,,
tutorial.charge_station_wait,Use <b>{0}</b> at any time to get back to <nobr><b>Free Select</b></nobr> mode. Waiting for construction.,,
tutorial.charge_station.controller,"Your workers need some energy, too. Build a <nobr><b>Charge Station</b></nobr>. You can find it in the tool menu.",,
tutorial.close_panel,"As you research new technologies, your <nobr><b>Research Storage</b></nobr> will fill up. Eventually you will have to add new Memory and Disk Modules to keep researching. Now press <b>{0}</b> to close the Research Tree.",,
tutorial.close.overlay,Close the overlay to continue. You can use {0} to do that.,,
tutorial.connector.link.1,Now let's create an electric grid. It will distribute <b>energy</b> and provide <nobr><b>data connections</b></nobr>.<br><br>You can only control equipment that is connected to the Ship Computer's grid.<br><br>Select the <b>Connect</b> tool: {0} {1}.,2022-07-01,
tutorial.connector.link.2,"With the Connect tool selected, click and drag a line between the <nobr><b>Ship Computer</b></nobr> and the <b>Connector</b>.",2022-02-28,
tutorial.connector.link.3,Now click and drag a line to create a connection between the <b>Connector</b> and the <b>Matter Reactor</b>.,2022-02-28,
tutorial.connector.link.4,"Click <b>{0}</b> to exit connect mode, then enable the <nobr><b>Electric Grid</b></nobr> Overlay in the top right menu.",2022-02-28,
tutorial.deconstruct_mass.1,"There is a more efficient way to order mass deconstruction.<br><br>Use {0} to open the <b><nobr>Radial Menu</nobr></b>, then select the <nobr><b>{1} Deconstruct</b></nobr> tool.",2022-03-31,
tutorial.deconstruct_mass.2,"With the <b>Deconstruct</b> tool selected, drag a <b>3x3</b> rectangle over an area to order mass deconstruction.",,
tutorial.deconstruct_mass.limit,Mass deconstruction is currently limited to 25 tiles for the duration of the tutorial. Creating a large amount of tasks for workers is not recommended at the moment.,,
tutorial.deconstruct_single,"We will need some raw materials for construction, and to produce electricity.<br><br>Use <b>{0}</b> to select a single wall or floor tile, then click <b>{1}</b> to open the Context Menu and choose <nobr><b>Order Deconstruction</b></nobr>.",2022-06-21,"last change emphasized that a ""single"" wall or floor tile has to be selected"
tutorial.deconstruct.obj,Object deconstruction is currently disabled.,,
tutorial.direct_orders.1,"We have covered the very basics, but there is much more to learn. There is no time to show you everything. Instead, you can find things out on your own by exploring the UI and going deep into every menu item.<br><br>You will have to read carefully if you want to master all the intricacies of running this operation.<br><br>I will show you how to issue direct orders to our robotic workers. Select any worker, then find the <b><nobr>Control</nobr></b> button in the <b><nobr>Managed Worker</nobr></b> section of the UI.",,
tutorial.direct_orders.2,"Now order the controlled worker to move to a position of your choice. There will be a hint underneath the mouse cursor. Make sure you have the worker selected, and don't forget to release the direct control afterwards, or the worker will keep waiting for more instructions.",2022-10-28,
tutorial.end,"The crash course is now complete. Thank you for your patience. For further learning, I highly recommend exploring the <b>Operations Manual</b> in the Codex Overlay.<br><br>I will occasionally provide suggestions when certain actions are advisable. Keep an eye on the events list.<br><br>Granting full permissions. Good luck.",2022-08-18,
tutorial.energy_grid,You can use the <nobr><b>Electric Grid</b></nobr> Overlay to find disconnected devices and see the energy flow as well as the amount of production and consumption. Toggle the Electric Grid Overlay off to continue. <b>{0}</b> will close the overlay if nothing else is selected.,,
tutorial.events,Below the overlay controls you will find a list of current event notifications. I will send you a test notification when you are ready.,,
tutorial.events.1,Close the notification to continue.,,
tutorial.events.2,"When an event is triggered by some object, clicking the icon will focus on the object. I will now generate a battery event. Click the event icon to select the battery.",,
tutorial.guidelines,"To make it easier for you, I will render visual guidelines. Follow these guidelines if you're not sure what to do. You can click and drag this dialog to move it around. The course should take about 15 minutes. Let's begin!",,
tutorial.info,"Selected objects will have a green outline, and the Info Panel will appear in the top left.<br><br>Use <b>{0}</b> to select the <nobr><b>Ship Computer</b></nobr>.<br><br>If you can't find it, use <b>{1}</b> to focus the camera on the Ship Computer. Pressing <b>{1}</b> when the Ship Computer is selected will focus the camera on the whole ship.",2022-02-28,
tutorial.log.end.desc,I have successfully completed the Ship OS crash course. The most important takeaway is that I have to connect to all electrical devices before I can use them. There was also something about saving human survivors: they will need oxygen and a warmer temperature. I better check the overlays and research the necessary tech.,,
tutorial.log.end.title,Finished Crash Course,,
tutorial.log.skip.desc,"The crash course looked boring, so I skipped it. There's no better way to learn things than by just doing them.",,
tutorial.log.skip.title,Skipped Crash Course,,
tutorial.log.start.desc,"I accepted the proposal to run through the crash course, just like the Ship OS suggested. I need to learn what's what before I mess things up even more.",,
tutorial.log.start.title,Started Crash Course,,
tutorial.no.expected.build,You are not expected to order a new build task right now.,,
tutorial.reactor_configure,"To start producing electricity, the reactor has to be configured to burn some type of raw material. Select the reactor and click the warning icon that says <nobr><b>Fuel Unconfigured</b></nobr>. Then select the fuel type. I suggest Steel Plate, as it burns quite efficiently and is easy to obtain.",,
tutorial.reactor_wait_fill,"Waiting for worker to fuel the reactor. There should be plenty of raw materials around the wrecked areas, but you can always deconstruct the remains of the ship to obtain more.",,
tutorial.reactor_wait_fill_done,"Reactor was fueled, and it is now producing electricity.",,
tutorial.relocate_bed.1,"I detected a damaged <nobr><b>{0}</b></nobr> that we can repair and relocate to our survivor area. <br><br>Repair the object, then select it and use <b><nobr>{1}</nobr></b>.<br><br>You have to be in <b><nobr>Free Select</nobr></b> mode ({2}) to select the object.",,"{0} will be replaced with a specific bed type (Steel Bed or Sleeping Pod). {1} will be some tool or button name. {2} will be a shortcut key name. Example: ""I detected a damaged Sleeping Pod that we can repair and relocate to our survivor area. Repair the object, then select it and use ""Relocate"". You have to be in Free Select mode (Right Mouse Button) to select the object."
tutorial.relocate_bed.2,Now find a new spot for the object and click {0} to order its relocation.,,
tutorial.relocate_bed.3,The relocation is now in progress.,,
tutorial.repair_mass.limit,Mass repair is currently limited to 25 tiles for the duration of the tutorial. Creating a large amount of tasks for workers is not recommended at the moment.,,
tutorial.repair_single,"It is important to repair any damage in the areas we will be using. You will not be able to use damaged devices or build objects on top of damaged floors. In addition, damaged structures will leak oxygen.<br><br>Click {0} and switch to the {1} <b>Repair</b> tool and order some repairs.<br><br>When {1} <b>Repair</b> tool is active, damaged objects will be <b><color=#cc0000ff>highlighted</color></b>. If you can't find any damaged objects nearby, zoom out and look around.",,
tutorial.research,Most of our data banks were destroyed during the crash. We will have to recover the lost blueprints.<br><br>Click the <b>Research</b> Overlay button to open the <nobr><b>Research Tree</b></nobr> (Shortcut {0}).,2022-02-28,
tutorial.research_start,"This is the <nobr><b>Research Tree</b></nobr>. You can pan and zoom in/out just like the main view.<br><br>Each technology has its own <b>Electricity</b>, <b>Memory</b>, and <b>Storage</b> requirements. Hover over the icons inside a research box to see detailed descriptions of the blueprints that will be unlocked.<br><br>Start the <b>Energy</b> research to continue. You may need to zoom out or pan the view down to find it.",2022-01-07,
tutorial.research_wait,Let's wait for the <b>Energy</b> research to complete. Fast forward the time to speed it up. Research will not advance when time is paused.,,
tutorial.research.energy,You can only start Energy research during the Tutorial.,,
tutorial.restriction,Tutorial Restriction,,
tutorial.robot.blocked,Robot cannot reach the work spot,,
tutorial.robot.blocked.desc,"Robots are the only ones that have the required skill level to build the Matter Reactor. However, it seems your robot is not able to reach the reactor's location. Please make sure the robot has a direct path to the reactor. It may be necessary to deconstruct some walls. The robot will retry the task eventually, but you can also manually force it to try again once the path is unblocked.<br><br>This notification will automatically reopen if closed, unless the situation has been resolved.",,
tutorial.select_floor,"If there is more than one object in the same location, click the location multiple times to cycle through the objects. Click the <nobr><b>Ship Computer</b></nobr> again to select the <b>floor</b> beneath it. You will be able to see through upper objects when lower layers are selected.",,
tutorial.test_event,Remove this notification,2023-01-06,
tutorial.test_event.2,Click the icon,,
tutorial.test_event.info,Clicking the info icon will usually reveal some extra details about the event. Close the notification to continue.,,
tutorial.time_speed,You can toggle the time flow using <b>{0}</b> and switch between different speeds with <b>{1}</b>.,2023-08-25,
tutorial.unexpected.build,You are trying to build the wrong device!<br>Expected: {0}<br>Actual: {1},,
ugly.surroundings,Ugly surroundings,,
ui.animate,Animate UI,,
ui.auto.padding,Automatic Widescreen UI Padding,,
ui.auto.scale,Automatically scale UI,,
ui.padding,Widescreen UI Padding,,
ui.padding.tip,Adjust this to move the UI closer to the middle of your display if you have an ultrawide monitor or multi-monitor setup.,,
ui.scale,UI Scale,,
ui.scroll.invert,Invert UI Scroll,,
ui.scroll.speed,UI Scroll Speed: {0:0.##},,
unbind,Unbind,,"As in ""unbind a keyboard shortcut"""
uncomfortable.temp,Uncomfortable Temperature,,
unconfigured,Unconfigured,,
undamaged,Undamaged,,
undiscovered.research,Not Discovered,,
undock,Undock,,
unequip,Unequip,,
unfinished.feature,Unfinished Feature,,
uninstall,Uninstall,,
units.imperial,Imperial,,
units.km.millions,M km,,
units.km.thousands,K km,,
units.lightyears,ly,,
units.lightyears.billions,BLY,,
units.metric,Metric,,
units.of.measurement,Units of Measurement,,
unity.data.privacy,Unity Data Privacy,,
unity.data.privacy.fetch.fail,"Failed fetching Unity Data Privacy URL. Error: {0}<br><br>Please check if there is a valid internet connection, and that a firewall is not blocking the app's access to the internet.",,
unknown,Unknown,,
unlink,Unlink,,"as in ""remove a link"""
unload,Unload,,
unlock,Unlock,,For doors. research has a separate key
unlocked,Unlocked,,For doors. research has a separate key
unoccupied,Unoccupied,,
unpowered,Unpowered,,
unreachable.areas,Unreachable Rooms,,
unreachable.areas.desc,"To find rooms that are isolated from the rest of your ship, open the Rooms Overlay. Build missing doors between rooms, or add an airlock on the outer wall.",,
unreachable.areas.detected,{0} unreachable areas detected,,
unreachable.required.mat,Cannot reach required material,,
unsafe.oxygen.low,Unsafe conditions: low oxygen,,
unsafe.temp.too.cold,Unsafe conditions: too cold,,
unsafe.temp.too.hot,Unsafe conditions: too hot,,
update.available,Update Available,,
update.available.info,Your version is <b>{0}</b> days old!<br><br>Latest version: <b>{2}</b><br>Your version: <b>{1}</b><br>New changes and fixes: <b>{3}</b>,,
upgrade.how.to,Installing Upgrades,,
upgrade.how.to.desc,"To install this upgrade, find a compatible device, open its info panel, and in the Upgrades section select this upgrade from the list of available upgrades.",,
upgrade.how.to.install,How to install,,
upgrade.in.progres,Upgrade in Progress,,
upgrade.not.available,Upgrade Not Available,,
upgrade.slots,Upgrade Slots,,
upgrades,Upgrades,,
upload.to.steam,Upload to Steam Workshop,,
use.toilet,Using Toilet,,
used.a.toilet,Used a toilet,,
used.planter.toilet,Used a Planter as a Toilet,,
v.mouse.sens.tip,"When playing with a gamepad, you can control a virtual mouse pointer. This adjusts the speed of that pointer.",,
value.is.empty,Value is empty,,
velocity,Velocity Vector,,
vent.closed,Vent is Closed,,
vent.open,Vent is Open,,
venting,Venting,,"Verb, when someone is expressing anger, etc."
video.ambient.color.tip,"Changes how dark the unlit areas of the ship will be. If there are no light sources, darker settings will automatically brighten the ambient light. You can change this setting while playing to immediately see the difference.",,
video.anim.bg.tip,"The space background will move a little when you move around the map, and move a bit more when your ship is in motion. We recommend turning this off only if you feel uncomfortable. This option can be changed at any time during gameplay.",2021-11-13,
video.apply.tip,Some options are applied immediately after you change them.,,
video.display,Display,,
video.mode,Full Screen Mode,,
video.mode.full_screen_exclusive,Full Screen (Exclusive),,
video.mode.full_screen_window,Full Screen (Window),,
video.mode.maximized_window,Maximized Window,,
video.mode.window,Window,,
video.resolution,Screen Resolution,,
video.shake.tip,There is very little screen shaking in Stardeus. It only happens during rare events like explosions or asteroid strikes. The effect is subtle. This option can be changed at any time during the gameplay.,2022-09-02,
video.target.fps,Target Frame Rate,,
video.texture.scale.tip,"Reducing the texture size will consume less graphics memory, but the game will look less detailed when you zoom in. The game automatically sets this value depending on your graphics memory size. If you are playing on a system with low memory, reducing the texture size may help prevent any out of memory related crashes. You will have to restart the game to apply the changes to this setting.",,
video.ui.font.scale.tip,Adjusts relative size of all fonts. May require restarting the game to apply the effects.,,
video.ui.scale.tip,You can adjust this while playing.,,
video.vsync,VSync,,
video.vsync.every2,Every 2nd Frame,,
video.vsync.every3,Every 3rd Frame,,
video.vsync.every4,Every 4th Frame,,
video.vsync.off,Off <b>(Not recommended!)</b>,2023-04-14,
video.vsync.on,On,,
video.vsync.tip,"Tip: Setting VSync to ""Every 2nd frame"" will cap the FPS to half of your monitor's refresh rate (usually 30). It may help reduce battery consumption and heat output on laptops.",,
vmouse.acceleration,Gamepad Pointer Acceleration: {0:0.##},,
vmouse.acceleration.tip,Gamepad pointer motion will accelerate by this amount while stick is held. Set to 0 to turn off acceleration.,,
vmouse.max.speed,Gamepad Pointer Max Speed: {0:0.##}x,,
vmouse.max.speed.tip,Max speed the pointer can accelerate to (relative to sensitivity),,
vmouse.sensitivity,Gamepad Pointer Sensitivity: {0:0},,
void.ripper.required,You need a fully charged and operational Void Ripper to travel through a Black Hole,,
volume.ambience,Ambience Volume,,
volume.fx,Sound Effects Volume,,
volume.master,Master Volume,,
volume.music,Music Volume,,
volume.ui,User Interface Volume,,
vsync.recommendation,VSync Recommendation,,VSync is short for vertical sync (computer display property)
vsync.recommendation.tip,"Your display has <b>{0}Hz</b> refresh rate. The recommended VSync value is <b>{1}</b>, which will produce <b>{2} FPS</b>.<br><br>Higher FPS gives less time for the simulation to execute, which can result in dropped frames. If gameplay doesn't feel smooth, try to select a higher VSync option.",,variables will be numeric values.
waiting,Waiting,,
waiting.for.a.door,Waiting for a door,,
waiting.for.merchant.arrival,Waiting for Merchant to arrive,,
waiting.for.rescue,Waiting for Rescue,,
waiting.for.worker,Waiting for worker,,
wake.up.chance,Wake Up Rate,,
wake.up.chance.desc,"Shows current relative wake up rate. To adjust the rate, you have to enable advanced life support and have high stability level.",,
wake.up.priority,Wake Up Priority,,
wake.up.priority.desc,"Controls the being wake up rate. 0 will prevent any wake ups, 9 will wake someone up as frequently as possible. Wake up rate also depends highly on Stability.",,
wake.up.progress,Wake up progress,,
walk.away,Walk away,,
walk.next.to,Move to position,,
walk.to,Move to position,,
walking.difficulty,Walking Difficulty,,
wallet,Wallet,,
wallet.disclaimer,Wallet Disclaimer,,
wallet.disclaimer.desc,"Stardeus in-game currencies are not real cryptocurrencies. Their mining is completely fake. If any Stardeus in-game currency has the same name as a real-world cryptocurrency, it is purely coincidental. Stardeus does not endorse or promote any actual cryptocurrencies.",,
wallet.is.empty,Wallet Is Empty,,
walls,Walls,,
wanted.amount,Wanted Amount,,
warn.device.idle,"""Device Idle"" warnings",,
warn.unsafe.area,"""Object in unsafe area"" warnings",,
warning,Warning,,
warning.time.stopped,Warning: Time Paused,,
warning.time.stopped.help,"When you connect new devices to the grid, some time must pass for connections to be established. While time is paused, the Ship Computer will not detect any newly connected Memory or Disk Modules.",,
was.petted,Was petted,,
water,Water,,
water.level.bar,Water Level: {0}/{1},,
wear.percentage,Wear: {0},,
wearing.a.hat,Wearing a hat,,
weave,Weave,,
weaving.now,Weaving {0},,
week,Week,,
what.is.this,What is this?,,
will.be.petted.soon,Will be petted soon,,
willing.to.trade,Willing to trade,,
winch.confirm,Winching will attempt to bring two sections together. The operation is dangerous and irreversible. Please confirm that you are ready to proceed.,,
winch.error.sections,Winching could not proceed. Check if both Winch Hook and Winch Anchor are on different sections. Tiny areas in space are not considered sections. Consult the Sections Overlay for more details.,,
winch.forbidden,"Winching is currently forbidden. To begin the winching operation, there must not be any active fires, combat, or flying objects (meteoroids, asteroids, shuttles) nearby.",,
winch.obstacle,The motion was aborted after <b>{0}</b> steps due to a collision with a device or an unconstructed floor. You can remove the obstacle and retry the operation.,2023-05-21,
worker.assigned,Worker Assigned,,
worker.cpu.info.desc,You have to build additional CPU Modules to control more workers. Adding new workers while there is not enough CPU will result in worker shutdowns.,,
worker.cpu.info.title,Not Enough CPU,,
worker.not.assigned,Worker Not Assigned,,
worker.shutdown.not.enough.cpu,Worker Shutdown: Not Enough CPU,,
working,Working,,
working.out,Working out,,
workout,Workout,,
workout.slots,Workout Slots,,
write.error,Write Error,,
yes,Yes,,
you.will.pay,You Will Pay,,
you.will.receive,You Will Receive,,
your.email,Your Email,,
zoom,Zoom,,
zoom.sens.tip,"Adjusts the speed of camera zoom in game, including the Research Tree and Starmap.",,
zoom.sensitivity,Zoom Sensitivity: {0:0.00},,
quest.ProvideHygiene,Provide Hygiene Facilities,,
quest.ProvideHygiene.desc,"Your colonists are now pooping in the planter and have nowhere to clean themselves up. They will appreciate if you build them a <b>Toilet</b> and a <b>Shower</b>, so they can regain some dignity.",,
evt.mutiny.title,Mutiny,,
evt.mutiny.desc,There's a mutiny on our ship! Some colonists have become hostile.,,
evt.engine.failure.title,Engine Failure,,
evt.engine.failure.desc,<b>{0}</b> has failed! The fuel exploded and blew the engine up.,,
brain.log.enabled,Log Brain Activity,,"Log is a verb here. If this setting is enabled, worker's brain activity will be logged (see ""log"" translation key)"
debug.log,Debug Log,,Noun
game.speed.multiplier,Speed Multiplier<br><b>{0:0.#}X</b>,,"game clock speed multiplier, {0:0.#} may become a number like ""10"", or ""0.5"""
modifier.NoHeavyDisasters,Disable Heavy Disasters,,
modifier.NoHeavyDisasters.desc,Story Generator will skip disasters that can deal serious damage to big parts of your ship (i.e. <b>Asteroid</b> or <b>Meteoroid Shower</b>).,,
modifier.NoFireSpread,Disable Fire Spread,,
modifier.NoFireSpread.desc,Will disable self igniting fires and fire spread in hot areas.,,
include.player.log,Include Player.log file,,
include.player.log.tip,The Player.log file contains logs from the last time the game was started. It could be very valuable in figuring out what triggered the bug.,,
show.player.log.dir,Open Player.log directory,,
open.steam.forums,Open Steam Forums,,
open.steam.forums.tip,"After submitting your report, you will see a popup with an <b>Issue ID</b>. Please copy and share this Issue ID on Steam Forums in a relevant topic. Use <b>Search</b> before creating a new topic, adding your report to an existing topic will add more weight to the issue. ",,
report.no.forum.post.warn,"Due to large amount of incoming reports, <b>issues without a corresponding topic in Steam Forums will take longer to process!</b>",,
obj.upgrades.autopilotupgrade,Auto Pilot Upgrade,,
obj.upgrades.autopilotupgrade.desc,Allows the Ship Computer to manipulate Bridge Controls directly without requiring a human pilot.,,
research.autopilot,Auto Pilot,,
structure.walls.ventreinforced01,Reinforced Vent,,
structure.walls.ventreinforced01.desc,Reinforced version of the regular Vent.,,
structure.walls.wallsocketreinforced01,Reinforced Wall Socket {0}-{1},,
structure.walls.wallsocketreinforced01.desc,Reinforced version of the Wall Socket.,,
ev.construct.fail.title,Construction Failure,,
ev.construct.fail.desc,There was a critical failure while building <b>{0}</b>. The area may need immediate attention.,,{0} will be the device name
maxed.out,Maxed Out,,"As in ""skill level is maxed out"" or ""as good as it gets"""
task.priority,Task Priority,,
production.cost,Production Cost,,"Will show up as ""Production Cost: 1 day @ 200kW"""
smooth.zoom,Smooth Zoom,,
produced.item,Produced Item,,Label for the item we are creating / producing / cooking / crafting etc
ingredient,Ingredient,,Label for the item that is an ingredient in production
output.multiplier,Output Multiplier,,"Example: ""Output Multiplier: x5"" - how many items the device will produce in one batch"
teleporter.designated.for.trade,Designated for Trade,,Label on a teleporter that is meant to be a portal for traded goods
teleporter.designated.for.trade.tip,This Teleporter is designated for Trade. Any goods or beings purchased from other ships or planets will be delivered through this Teleporter.,,
teleporter.designate.for.trade,Designate for Trade,,
teleporter.designate.for.trade.tip,Designate this Teleporter for Trade. It will unassign any previously assigned Trade Teleporter.,,
trade.unsafe.environment,You are about to purchase some biological beings. The Teleporter you have designated for trade is positioned in an unsafe environment. Purchased beings may suffer instant fatal injuries.<br><br>You can relocate or reassign the Teleporter designated to Trade and try again.,,
teleporter.designated.unpowered,The Teleporter designated for trade is currently disconnected or has an electricity deficit.,,
combat.state.DirectControl,Direct Control,,A state when fighter is directly controlled by the player
direct.control.take,Take Direct Control,,Action to start controlling a worker (or multiple workers)
direct.control.release,Release Direct Control,,To stop controlling a selected worker or workers
direct.control.hover.tip,Hold {0} to give direct orders,,
direct.control.release.btn,Release,,Button (short) for releasing worker from direct control
direct.control.take.btn,Control,,Take direct control of a worker. Short button. Verb
device.warn.if.idle,Warn if Idle,,next to a button that will enable automatic warnings if device is not doing any work
cpu.cost,CPU Cost,,cost of processing power of a robotic worker
cpu.cost.tip,"Cost of processing power when the worker is online. If you don't have enough CPU available, some workers may shut down.",,
codex.m.workers.cpucost,Worker CPU Cost,,
codex.m.workers.cpucost.desc,"Each robotic worker has a CPU Cost that is required for keeping the worker online. Your Ship Computer has <b>8 Thz</b> of built-in CPU power. Eventually you will have to build and connect new <b>CPU Modules</b> in order to increase the size of your active workforce.<br><br>Workers that are out on Expeditions do not require CPU.<br><br>When multiple workers are offline, <b>Beings {0}</b> overlay will allow you to turn them all at once.",,
codex.blueprints.tip,"List of all device blueprints, both locked and unlocked through research. Includes search for existing devices by type.",,
codex.materials.tip,"List of all materials and small items like equipment, food or upgrades. Includes search of owned items by type.",2022-11-13,
objects.devices.jukebox.desc,A machine that automatically plays a selected musical recording when a coin is inserted. You will earn some money when your colonists use it.,,
objects.devices.jukebox,Jukebox,,
act.UseJukebox,Using a Jukebox,,
used.a.jukebox,Used a Jukebox,,
use.jukebox,Use Jukebox,,
harvest.output,Harvest Output,,Label for list of products that are received when harvesting a plant
experimental.features,Experimental Features,,
experimental.features.tip,This will automatically enable all experimental features that currently exist in the game. Some of them may not be fully finished yet.<br><br><b>Warning!</b> Disabling experimental features may break the saves that were played with experimental features enabled.,,
experimental.feature,Experimental Feature,,
fragmentation.defrag.now,Defragment Now,,
fragmentation.info,Neural network has reached high levels of fragmentation. Current efficiency: {0}. Defragmentation procedure is recommended.<br><br>This procedure will suspend your neural network for several hours. It may be wise to perform any urgent ship management actions before defragmenting.,,"{0} will show percentage, i.e. 15%"
fragmentation.reducing.speed.1,Reducing processing speed due to medium level of neural network fragmentation. Current efficiency: {0}. Defragmentation is recommended.,,"{0} will show percentage, i.e. 15%"
fragmentation.reducing.speed.2,Reducing processing speed due to high level of neural network fragmentation: Current efficiency: {0}. Defragmentation is highly recommended.,,"{0} will show percentage, i.e. 15%"
fragmentation.status,Fragmentation: {0},,"{0} will show percentage, i.e. 15%"
codex.m.shipcomputer.fragmentation.desc,"Ship Computer must periodically defragment its neural network in order to stay efficient. The Defragmentation procedure shuts down your neural network for several hours, during which you have no control over your ship.<br><br>You can delay the Defragment procedure as long as you have to, but you will not be able to run the simulation at high speed while fragmentation is suboptimal.<br><br>Having more than one Ship Computer will make the Defragmentation procedure run faster.<br><br>Installing Heat Sinks near your Ship Computer will slow down the fragmentation process.",,
codex.m.shipcomputer,Ship Computer,,
codex.m.shipcomputer.fragmentation,Neural Network Fragmentation,,
booting.neural.network,Booting Neural Network,,
fragmentation.defrag.progress,Defragmenting Neural Network: {0},,{0} will show percentage (i.e 15%)
fragmentation.defrag.started,Defragmentation Started,,
fragmentation.defrag.ended,Defragmentation Ended,,
fragmentation.defrag.started.desc,Started Neural Network Defragmentation process with {0} fragmentation across {1} Ship Computer(s).,,"{0} is percentage (i.e10%), {1} is a number (i.e. 3)"
fragmentation.defrag.ended.desc,Ended Neural Network Defragmentation in {0}.,,{0} is time (i.e. 1h 12m)
unreachable.mat,Unreachable Material,,
nav.fail.flying.cnt,<b>Flying worker</b> failures to reach: <b>{0}</b>,,
nav.fail.grounded.cnt,<b>Grounded worker</b> failures to reach: <b>{0}</b>,,
nav.fail.bio.cnt,<b>Biological being</b> failures to reach: <b>{0}</b> ,,
disable.story.events.btn,Story Events [{0}],,"{0} will be X/Y, i.e. 80/80. If some event is disabled it will be 79/80"
disable.story.events.tip,All Story Events are enabled,,
disable.story.events.tip.disabled,Disabled Story Events: {0},,"{0} will be replaced with a comma separated list of event names, i.e. (Asteroid, Meteoroid Shower)"
placement.tip.spacing.gap,Must be at least {0} tiles away from objects of same category,,{0} is a number
disable.all.mods,Disable All Mods,,
enable.all.mods,Enable All Mods,,
evt.spawn.derelict.ship.title,Radar Found Derelict Ship ,,
evt.spawn.derelict.ship.desc,Passive radar scan has returned a signature that resembles a derelict ship. A location marker was added to the Starmap.,,
space.object.info.ShipDerelict,An abandoned spaceship.,,
space.object.approach,Approach,,
space.object.approach.fail.expedition.running,"Cannot approach the object while an expedition is ongoing, please call the expedition back and try again.",,
move.section,Move Section,,Action verb. Button on a thruster that allows moving the ship part in space
move.section.distance,Move Distance,,"Noun. Used in combination with ""Move Section"" button to define how far to move"
move.section.angle,Move Angle,,
data.recalculated.retry.later,Data is being recalculated. Pause the simulation and try again.,,
abandon,Abandon,,"Verb, used on things or parts of ship we want to leave behind when flying away"
objects.devices.precisionthruster,Maneuvering Controller,2023-05-16,
objects.devices.precisionthruster.desc,"High precision micro-engine for short-range, single motion maneuvers. Ideal for repositioning ship sections and attaching derelict ships.",2023-05-16,
research.localmaneuvering,Local Maneuvering,,"Research name that unlocks ""Maneuvering Controller"" technology"
approaching.target,Approaching {0},,"{0} is the object name or type. I.e. ""Approaching Derelict Ship"""
space.object.ShipDerelict,Derelict Ship,,
objects.devices.systemscanner,System Scanner,,
objects.devices.systemscanner.desc,Advanced version of the Radar. Can scan objects within the local star system.,,
research.systemscanning,System Scanning,,
ship.in.no.build.zone,Ship in No Build Zone,,A reason why ship can't fly (when it has parts of it inside the no build zone)
link.display,Link Display,,
link.display.connectors,Connectors,,
link.display.all,All,,
link.display.auto,Auto,,
evt.derelict.approached.title,Approached a Derelict Ship,,
evt.derelict.approached.desc,We have approached an abandoned ship. There may be something useful we can salvage.,,
research.furnitureluxury,Luxury Furniture,,
research.furniturewooden,Wooden Furniture,,
quest.step.approach.derelict.ship,Approach the <b>Derelict Ship</b>,,
quest.step.approach.derelict.ship.tip,Open the <b>Starmap</b> and execute the <b>Approach</b> action on the Derelict Ship.,,
quest.ApproachDerelictShip,Approach the Derelict Ship,,
quest.ApproachDerelictShip.desc,There is a <b>Derelict Ship</b> nearby. We should approach it and salvage the parts. It could contain clues to what happened to our ship.,,
combat.state.AskForLift,Requesting a Lift,,During combat a unit may ask another unit to carry it to a different location
combat.state.LiftUnit,Lifting a Unit,,Carrying a unit to a different location during combat
research.machinelearning,Machine Learning,,
situation.DerelictsApproached,Derelict Ships Approached,,Label next to number of derelict ships that were approached
starving,Starving,,When worker is extremely hungry
ate.favorite.food,Ate Favorite Food,,
ate.raw.food,Ate Raw Food,,
merchant.ripoff,Merchant price markup: <b>{0}</b>,,"{0} will be a percentage. Price markup means that if it's 10%, you're overpaying from market price by extra 10%"
merchant.may.sell,May sell (won't buy),,"Displayed before a list, example: ""May sell (won't buy): Food, Weapons, Armor"""
merchant.will.buy,Will buy (won't sell),,"Displayed before a list, example: ""Will buy (won't sell): Food, Weapons, Armor"""
merchant.will.buy.may.sell,Will buy / may sell,,"Displayed before a list, example: ""Will buy / may sell: Food, Weapons, Armor"""
objects.devices.freezer,Freezer,,
objects.devices.freezer.desc,A high capacity storage unit for food and raw ingredients,,
research.freezer,Freezer,,
objects.devices.quantumshipcomputer,Quantum Ship Computer,,
objects.devices.quantumshipcomputer.desc,A more advanced version of the Ship Computer.,,
research.selfreplication.desc,Allows having up to 4 Ship Computers,,
research.highavailability.desc,Allows having up to 16 Ship Computers,,
research.highavailability,High Availability,,
research.quantumcloud,Quantum Cloud,,
research.quantumcloud.desc,Allows having up to 64 Ship Computers,,
research.shipcomputer.desc,Allows having up to 2 Ship Computers,,
research.shipcomputer,Ship Computer,,
cpu.cap.reached,A Ship Computer was disconnected from the grid. Current limit is <b>{0}</b>. The limit may be increased through research.,,
search.tab.tooltip,You can also use {0} to <b>Quick Search</b> for any object in this view,,"{0} will be the binding, like ""TAB"""
scanner.offline,Scanner Offline,,"Scanner is a radar-like device that can scan space for various objects. It can be offline for various reasons - disconnected, unconfigured, etc."
scan.target.resource,Resource,,
scan.target.derelict.ship,Derelict Ship,,
scan.target.anomaly,Anomaly,,
scan.target.none,None,,
scan.in.progress,Scan in progress,,
scan.target,Scan target: {0},,"Verb. It says what the scanner is currently targeting. Example: ""Scan target: Derelict Ship"""
scan.stats,Scan running for: <b>{0}</b><br>Scan Strength: <b>{1}</b>,,
scan.not.found,{0} not found,,i.e. Uranium not found
scan.found.on.planet,Found <b>{0}</b> on <b>{1}</b>,,i.e. Found Uranium on Mars
scan.found,Found {0},,i.e. Found Uranium
confirm.expedition.to.faction.territory,<b>{0}</b> belongs to <b>{1}</b> faction. Launching an expedition will deteriorate your standing with the faction and may have immediate consequences. Expedition is not advised.,,
research.systemscanning.desc,Adds more options to the Starmap Scan tool,,
research.scanning.desc,Adds a Scan tool to Starmap,,
system.scan.basic.unlocked,Scanning UI has been added to the Starmap. At least one <b>Radar</b> is required to scan the system for resources.,,
system.scan.advanced.unlocked,New scanning options have been added to the Scanning UI in the Starmap. Build <b>System Scanners</b> to increase the signal strength.,,
ship.computer.cap.unlock,You can now have up to <b>{0}</b> Ship Computers in your grid.,,
upgrade.unlocked,Upgrade Unlocked,,
obj.materials.caoutchouc,Caoutchouc,,
obj.materials.caoutchouc.desc,An unprocessed natural rubber that can be harvested from a Rubber Tree.,,
obj.plants.rubbertree,Rubber Tree,,
obj.plants.rubbertree.desc,A tall tropical tree that can produce natural rubber.,,
objects.furniture.pantry,Pantry,,
objects.furniture.pantry.desc,"A small storage for various food ingredients, such as Coffee Beans, Grain and Flour.",,
objects.devices.pentagramstatue,Mysterious Statue,,
objects.devices.pentagramstatue.desc,A mysterious statue that seems to have some unnatural properties.,,
objects.furniture.largepantry,Large Pantry,,
objects.furniture.largepantry.desc,"A larger storage for various food ingredients, such as Coffee Beans, Grain and Flour.",,
objects.furniture.sofa,Sofa,,
objects.furniture.sofa.desc,A comfortable piece of furniture for taking a break.,,
obj.materials.leather,Leather,,
objects.furniture.armchair,Armchair,,
objects.furniture.armchair.desc,A large comfortable chair with armrests.,,
obj.materials.leather.desc,A flexible material made from the skin of a biological being.,,
beings.orbotron01,Orbotron,,It's a name for a robot that looks like a flying sphere (orb)
species.Orbotron,Orbotron,,It's a name for a robot that looks like a flying sphere (orb)
beings.orbotron01.desc,An orb-like artificial life form of alien origin,,
research.orbotron,Orbotron,,
hold.cancel.to.skip,Hold {0} to Fast Forward,,
faction.AntiPlayer,Lost Faith,,
faction.AntiPlayer.about,This is the faction of the ones who lost faith in you.,,
goal.ScanForResource,Configure the System Scanner,,
goal.ScanForResource.desc,The <b>Radar</b> enables us to scan the current star system for resources. Select the material you want to find in the Starmap UI.,,
goal.ScanAdvanced,Try Advanced System Scanning,,
goal.ScanAdvanced.desc,The <b>System Scanner</b> adds extra functionality to the Scan UI in the Starmap. Try scanning the Star System for an <b>Anomaly</b> or a <b>Derelict Ship</b>.,,
flammable,Flammable,,Label for the menu that lists properties of objects that can catch on fire. Could be used as an adjective.
constructable,Constructable,,Label for the menu that lists properties of buildable (constructable) objects. Could be used as an adjective.
battery,Battery,,Label for battery (one that stores energy) properties. Could be used as a noun.
brain,Brain,,Label for menu about the state of the brain. Could be used as a noun for a body part.
cleanable,Cleanable,,Adjective. Used as a label for menu for configuring cleanable items.
production.settings,Production Settings,,Label for a menu where you can configure devices that produce items
emblem,Emblem,,Label for an emblem component configuration (where you can choose a custom emblem)
reactor,Reactor,,Label for menu of reactors (things that generate electricity)
plant,Plant,,Noun (as in a flower or garden plant)
unstored.material,Unstored Material,,Label for menu of material piles that aren inside the storage
goal.ApproachDerelict,Approach the Derelict Ship,,
goal.ApproachDerelict.desc,We are close to a <b>Derelict Ship</b>. Initiate the <b>Approach</b> in the Starmap when ready.,,
task.details,Task Details,,Label for a list about details of a work item (task)
haul.capacity,Haul Capacity,,Label for a ui element that shows how much of material a worker can haul (i.e. 20 pieces)
carrying.being,Carrying a Being,,Label for a UI element when a worker is carrying another worker or a colonist
drop.verb,Drop,,"Verb, for a button label that forces the worker to drop something"
carrying.obj,Carrying an Object,,
situation.Tension,Tension,,"As in ""stress level"" of the player"
difficulty.impossible,Impossible,,
situation.Influence,Influence,,A level of influence player has over the game. This will be a label for the number of this statistic.
situation.TargetTension,Target Tension,,Label for a chart that shows level for the value of story difficulty that the game will try to produce
quest.step.set.dest.type,Set destination: <b>{0}</b>,,"{0} will be Planet, Space Ship, Black Hole, etc"
quest.step.set.dest.type.tip,"Open <b>Starmap</b>, click on a <b>{0}</b> and chose the option: <b>{1}</b>.",,"{0} will be Planet, Space Ship, etc, {1} will be an existing translation saying ""Travel To"""
quest.step.reach.so.type,Reach <b>{0}</b>,,"{0} will be Planet, Space Ship, Black Hole, etc"
quest.step.reach.so.type.tip,Explore the <b>Starmap</b> to locate and travel to a <b>{0}</b>. ,2024-12-24,"{0} will be Planet, Space Ship, etc"
quest.step.start.expedition,Launch an Expedition,,
quest.step.start.expedition.tip,"Open the <b>Starmap</b>, then click the nearby planet and choose the option: <b>{0}</b>. After the expedition has performed some work, open the <b>Expedition Controls</b> by clicking the expedition name in the Events Panel, <b>Call the expedition back</b> and wait for the <b>Shuttle</b> to return.",2023-09-02,"{0} will be another translation (""Launch Expedition"")"
quest.ExplorePlanet,Explore a nearby planet,,
quest.ExplorePlanet.desc,"It's time to put our ship's flight capabilities to a test. There is a planet nearby, let's try to reach it and use the <b>Shuttle</b> to launch an expedition.",,
quest.VisitAnotherSystem,Visit another star system,,
quest.VisitAnotherSystem.desc,"After we are done exploring the current system, we should do interstellar travel and visit a new star system.",,
ad.rej.floor.not.constructed,Floor must be built first,,
ad.rej.no.floor,There is no floor underneath. Please order building floor or cancel this task.,,
too.hot.tip,"When the area gets too hot, build some <b>Radiators</b> to fight the heat, or make sure that the area has more exposure to open space near the source of the heat.",,
hold.to.select.multiple,Hold <b>{0}</b> to select multiple,,"{0} is the key binding, i.e. SHIFT"
ship.preview.tip,This preview shows a few initial steps of the ship generation algorithm. In some scenarios the end result may look very different.,,
engine.power.tip,Engine Power value does not include engines that are not relevant in current Starmap layer.,,
engine.min.push.tip,Bigger ship requires more engines to push it. You may require adding more engines in order to move.,,
engine.wrong.layer.tip,This engine does not work in the current Starmap layer.,,
not.enough.engine.power,Current engine configuration can provide <b>{0}</b> of push. Our ship requires at least <b>{1}</b> to be able to move. Add more engines or reduce the ship size. (Current size: <b>{2}</b>),,"{0} and {1} are something like 50kW. {2} is just an integer number, like 1230"
engines.too.weak,Engines Too Weak,,
difficulty.peaceful,Peaceful,,
goal.AddMoreCPU,Add more CPU power,,
goal.AddMoreCPU.desc,Our electric grid is getting too big for current CPU capacity. We should build and connect more <b>CPU Modules</b>.,2023-07-27,
no.label,No label,,"For labeling devices, shown when there is no label assigned to an object"
set.label,Set label,,Title for action to set the label
label,Label,,"As in ""tag"", ""name"". Noun."
size,Size,,Noun.
offset,Offset,,Vertical or horizontal offset. Noun.
research.labeling,Labeling,,
research.labeling.desc,Unlocks custom device labels,,
objects.furniture.sign,Sign,,"As in ""sign post"""
objects.furniture.sign.desc,A self-powered flat panel that can display a custom message.,,
research.sign,Sign,,"As in ""sign post"". Noun."
height,Height,,noun
width,Width,,noun
color.hue,Hue,,color property (H in HSL)
color.saturation,Saturation,,color property (S in HSL)
color.luminosity,Luminosity,,color property (L in HSL) 
steam.connection.unavailable,Connection to Steam could not be established. Steam Achievements and Workshop integration will not work. Troubleshooting steps:<br> - Check your internet connection and firewall settings<br> - Make sure Steam is running<br> - Restart Steam<br> - Reboot the machine<br> - Take a break and go for a walk,,
combat.ongoing,Combat in progress,,
bot.cpu.limit,Bots consume CPU,,
bot.cpu.limit.tip,"If enabled, robotic workers will consume CPU. You will need to build and connect <b>CPU Modules</b> to expand your workforce. If there is not enough CPU, some workers will be turned off.",,
modifier.NoCPULimit,Disable bot CPU consumption,,
outer.room.id,External Area #{0},,
no.landing.zone,No Landing Zone,,
no.landing.zone.tip,Your ship does not have enough landable areas exposed to the open space. This may result in incoming spacecraft ramming into the hull when they try to land on your ship. Only solid undamaged floor exposed to open space is landable.,,
area.exposed.to.space,Area exposed to space,,
area.exposed.to.space.tip,You have enough landable area exposed to open space that can be used as a landing zone for incoming spacecraft,,
must.be.outdoors,Must be outdoors,,
must.be.outdoors.tip,This device may not function as expected while it is enclosed. Relocate it to an area that has an exit to the open space or break a wall to make this area face the outside.,,
must.be.indoors,Must be indoors,,
must.be.indoors.tip,"This device may not function as expected while it is exposed to open space. Relocate it to an area that is fully enclosed, or enclose the surrounding area.",,
no.build.zone,No Build Zone,,
no.build.zone.tip,You cannot build floors and walls in the no build zone. It must be clear for the ship to be able to fly.,,
no.fly.zone,No Fly Zone,,
no.fly.zone.tip,"You cannot fly if there is any structure in the no fly zone. That includes derelict ships. You have to winch, deconstruct or abandon the parts or ships in the no fly zone before your ship can fly away. Use Sections overlay to abandon sections and ships.",,
selected.color,Selected Color,,
overlay.tip.Tint,Paint,,verb
tool.tint,Paint,,verb
paint.floor,Paint Floor,,
paint.walls,Paint Walls,,
erase.floor,Erase Floor,,
erase.walls,Erase Walls,,
color.pick,Pick,,short action verb on button that picks color (eyedropper tool)
no.color.selected,No Color Selected,,
save.color,Save Color,,
new.tech,New Tech,,
tint.sys.unlocked,The <b>Paint Overlay</b> is now available!,,
tint.sys.locked,Research <b>Paint</b> to unlock this functionality.,,
research.paint,Paint,,
research.paint.desc,Unlocks the <b>Paint</b> overlay,,
structure.doors.door02,Interior Door,,
structure.doors.door02.desc,An automatic interior door.,,
objects.devices.autopainter,Auto Painter,,
objects.devices.autopainter.desc,Dispenses nanobots carrying pigment particles that can change the color of most surfaces.,,
obj.materials.pigmentblue,Blue Pigment,,
obj.materials.pigmentblue.desc,A blue colored pigment.,,
obj.materials.pigmentgreen,Green Pigment,,
obj.materials.pigmentgreen.desc,A green colored pigment.,,
obj.materials.pigmentred,Red Pigment,,
obj.materials.pigmentred.desc,A red colored pigment.,,
current.color.estimate.tip,Estimated number of tiles you can paint with selected color.,,
max,Max,,"abbreviation for ""maximum"". Should be as short as possible, goes on a short button"
obj.materials.poppyheads,Poppy Heads,,
obj.materials.poppyheads.desc,"A magnificent botanical specimen, known for its charming appearance and culinary applications, has captivated human interest for centuries.",,
obj.materials.poppypetals,Poppy Petals,,
obj.materials.poppypetals.desc,"Delicate, brightly colored, and often have a wrinkled appearance, adding a touch of beauty to gardens and floral arrangements alike.",,
obj.plants.poppy,Poppy,,
obj.plants.poppy.desc,A flowering herb with papery petals that is often used for medicinal and culinary purposes.,,
obj.materials.cornflowerpetals,Cornflower Petals,,
obj.materials.cornflowerpetals.desc,Blue petals useful for medicinal purposes and making colorful dyes.,,
obj.plants.cornflower,Cornflower,,
obj.plants.cornflower.desc,A common blue flower from the old Earth.,,
cannot.afford,Can't afford,,Warning displayed in tooltip when something is too expensive
can.buy.count,Can buy: {0},,{0} is a the number of items the player can afford to buy
tool.plan.move,Move Plan,,
tool.plan.move.desc,Click and drag to move the plan in any direction.,,
lightmap.scale,Light Map Quality,,
lightmap.scale.tip,"Visual difference between high and low quality light map may only be noticeable when you zoom out far away. However, light map quality may have a big effect on performance, especially with lower tier GPUs.",,
lightmap.cell.size,Light Map Cell Size,,
lightmap.cell.size.tip,"Smaller cell size may look better when you zoom out, but could lower performance. Bigger cell size may require increasing max lights per cell, or it would start looking broken when you zoom away too far. Don't use big cell sizes in combination with low light map quality.",,
lightmap.max.lights.per.cell,Max Lights Per Cell,,
lightmap.max.lights.per.cell.tip,"If you can see a dark grid-like pattern when you zoom away too far, increase max lights per cell. More lights per cell can affect performance in a negative way with lower tier GPUs.",,
light.intensity,Global Light Intensity,,
light.intensity.tip,Adjusts how bright all light sources will be. This does not affect ambient light.,,
range,Range,,"Noun. as in ""reachable distance"". range of a gun, or a light source."
ignore.combat,Ignore Combat,,
pixel.art,Pixel Art,,
pixel.art.low.budget,Low Budget Pixel Art,,
modifier.ExplosionBias,Explosion Bias: {0},,how likely explosions can occur. {0} will be from -100% to +100%
modifier.ExplosionBias.desc,"Adjusts likelihood of explosions caused by chain reactions (damage, short circuits, construction failures).",,
space.object.PlanetPOI,Point of Interest,,
space.object.info.PlanetPOI,This area contains something worth exploring. You can launch an expedition here.,,
space.object.Moon,Moon,,
space.object.info.Moon,"A natural satellite that orbits a planet due to gravitational attraction. Moons vary in size, shape, and composition and can have a range of surface features, environments and resources. ",,
ore.deposit,{0} Deposit,,"{0} will be replaced with ore name, such as Iron"
mining.difficulty,Mining Difficulty,,
mining.difficulty.info,"When the resource is extracted from the deposit, the mining difficulty of this deposit increases. Higher difficulty will reduce the mining output. Advanced mining equipment may increase the output of the resource deposit.",,
exp.mine.resource.title,Mining {0} ({1:0.00}/Day),,"{0} is resource name (i.e. Iron), {1:0.00} will become a number, like 1.35"
est.mining.rate,Rate: {0:0.00}/Day,2023-09-16,"{0:0.00} will become a number, like 1.35"
orders,Orders,,"noun, as in current orders"
min.mine.rate,Minimum Rate,,
min.mine.rate.tip,The expedition will automatically end when mining rate will fall below this threshold,,
objects.devices.autodrillrig,Autodrill Rig,,
objects.devices.autodrillrig.desc,The Autodrill Rig is an AI-guided mining system designed for precise resource extraction and seamless integration with automated operations.,2023-10-18,Added note about no possibility to retrieve.
research.miningautomation,Mining Automation,,
quick.search.tip.starmap,Type the space object name you want to find.,,
quick.search.tip.research,Type the research branch or device name you want to find.,,
quick.search.tip,"Type a device name you want to build, tool name you want to invoke, being name you want to find, or a codex entry you want to look at.",,
overlay.tip.Search,Search,,
deploy.resource.miner,Deploy Resource Miner,,
resource.miner,Resource Miner,,
resource.miner.tip,You can deploy this automatic miner to resource deposits. The machine will attempt to collect the resource until its internal storage capacity is filled.,,
deploy,Deploy,,"Verb, as in deploy the troops"
temp.storage,Temporary Storage,,
known.resource.deposits,Known Resource Deposits,,
planet.resource.filter.nearby,Nearby Resource Deposits,,
planet.resource.filter.all.mined,Currently Mined Deposits,,
planet.resource.filter.nearby.mined,Currently Mined Nearby Deposits,,
planet.resource.filter.all.not.mined,Unmined Deposits,,
planet.resource.filter.nearby.not.mined,Unmined Nearby Deposits,,
codex.m.defenses.quantumbarrier.desc,"Quantum Barrier provides a force field that can block incoming projectiles, including various types of Asteroids and Meteoroids. It does not block Capsules, Shuttles and Pods.<br><br>Having <b>Security Controls</b> will make it easier to manage multiple Quantum Barriers at once.<br><br>Quantum Barriers have to be placed outside, in areas that are not enclosed with walls. ",,
codex.m.defenses.quantumbarrier,Quantum Barrier,,
codex.m.defenses.tractorbeam,Tractor Beam,,
codex.m.defenses.tractorbeam.desc,"Tractor Beams can influence the trajectory of slow moving projectiles, such as Asteroids, Meteoroids and various Pods and Capsules.<br><br>You have to build and connect a <b>Tractor Beam Target</b> in order to use the Tractor Beam.<br><br>Multiple Tractor Beams can guide the same projectile towards the same or different target. The force from each Tractor Beam adds up to increase the influence over the trajectory of a projectile.<br><br>You have to manually select the Projectile and the Target in the configuration UI of each Tractor Beam to start guiding the projectile. Use <b>Copy Configuration</b> to copy the Projectile and Target to other Tractor Beams.",,
codex.m.defenses,Defenses,,
mining.difficulty.value,Mining difficulty: {0},,"{0} will become a numeric value, like 12.34"
scan.found.faction,Scan detected presence of <b>{0}</b> faction on <b>{1}</b>.,,{0} will be faction name {1} will be planet name
scan.target.faction,Faction,,
faction.standing.tip,Your standing with <b>{0}</b> faction: <b>{1}</b>,,"{0} - faction name (i.e. pirates), {1} - standing value, could be number, or a word like good, bad, etc"
space.object.Port,Space Port,,
space.object.info.Port,A hub where you can trade and interact with the faction that owns this planet.,,
sell.ship.section,Sell Ship Section,,
sell.ship.section.hint,You can split your ship into sections and sell the sections in the shipyard.,,
shipyard.section.offer,<b>{0}</b> is offering to pay <b>{1}</b> for this ship section.,,"{0} will be a merchant name or a space port, {1} will be the sum"
time.sensitive.operation,This is a time sensitive operation. Please try again and do not change the clock speed.,,
merchant.type.MerchantSpacePortGood,Space Port Shop,,
merchant.type.MerchantSpacePortEvil,Shady Space Port Shop,,
space.object.Resource,Resource Deposit,2023-09-02,
space.object.info.Resource,This is a mineable resource deposit.,,
space.object.Anomaly,Anomaly,,
space.object.info.Anomaly,Radars are detecting strange activity patterns in this area. Caution is advised.,,
expedition.already.in.progress,Expedition to this <b>{0}</b> is already in progress.,,"{0} is the object type, like Anomaly"
rebuild.graphics.cache,Rebuild Graphics Cache,,
rebuild.graphics.cache.tip,"If some sprites are missing or showing up incorrectly, rebuilding the graphics cache could help. Pressing this button will delete the following folder:<br><br><b>{0}</b>",,
evt.exp.crash.site.survivors.title,Found a crash site,,
evt.exp.crash.site.survivors.choice,Expedition has discovered a crash site that appears to have some survivors. Should we bring them to our ship?,,
evt.exp.crash.site.survivors.good.desc,Expedition brought back <b>{0} survivors</b> from a crash site.,,{0} is a number
evt.exp.crash.site.survivors.ambush.desc,Expedition brought back <b>{0} raiders</b> who pretended to be survivors in a crash site.,,{0} is a number
evt.exp.crash.site.survivors.good.title,Rescued survivors from a crash site,,
evt.exp.crash.site.survivors.ambush.title,Ambushed by raiders from a crash site,,
verb.rescue,Rescue,,
verb.leave,Leave,,
verb.respond,Respond,,
evt.exp.raider.extortion.title,Expedition Ambushed!,,
evt.exp.raider.extortion.choice,"Raiders have ambushed <b>{0}</b> and are demanding a ransom of <b>{1}</b>. If we pay now, they will let the shuttle go.",,"{0} is shuttle name, {1} is some money amount"
verb.pay.ransom,Pay Ransom,,
verb.refuse,Refuse,,
evt.exp.raider.extortion.paid.desc,"We paid the ransom and the raiders have let the shuttle go, nobody was harmed.",,
evt.exp.raider.extortion.fight.won.desc,We did not pay the ransom. There was a fight and our crew won!,,
evt.exp.raider.extortion.fight.lost.desc,We did not pay the ransom. There was a fight and we lost the shuttle and our crew.,,
evt.exp.raider.extortion.resolved.title,Expedition Ambush Ended,,
verb.collect,Collect,,As in gather or pickup
vsync.off.warning,<b>Disabling VSync is not recommended!</b><br>This will add unnecessary load on GPU and CPU and reduce the simulation time budget. 10x game speed could run much slower!,,
vsync.off.autofix,"Looks like you had VSync disabled before. The game automatically enabled it with this update. You can disable it again in Video settings, but it will waste your CPU and GPU resources and reduce the simulation speed.",,
noun.recommended,Recommended,,
objects.devices.cargocopter,Cargo Copter,,
objects.devices.cargocopter.desc,A fully automated unmanned aerial vehicle engineered for the purpose of deploying heavy equipment on planets and transporting raw materials from ore deposits.,,
menu.copters,Copters,,
menu.copters.desc,Automated unmanned aerial vehicles,,
obj.copters.cargocopterflying,Cargo Copter,,
obj.copters.cargocopterflying.desc,A fully automated unmanned aerial vehicle engineered for the purpose of deploying heavy equipment on planets and transporting raw materials from ore deposits.,,
copter.mission.stage.deploy.miner,Deploying {0},,"{0} is the resource miner device name, like Autodrill Rig"
copter.mission.stage.fly.to.ship,Returning to Ship,,
copter.mission.stage.fly.to,Flying to {0},,"{0} is the name of the target, like Silicon Deposit, or a device name"
copter.mission.stage.collect.resource,Collecting {0},,{0} is material type 
copter.mission.stage.land.on.ship,Landing on Ship,,
copter.mission.stage.leave.ship,Leaving Ship,,
copter.mission.stage.start,Waiting for Available Copter,,
copter.mission.stage.random.park,Trying to Land,,
copter.missions,Copter Missions,,header for a list of missions that copters can do
ongoing.missions,Ongoing Missions,,
overlay.tip.Copters,Copter Missions,,
available.copters,Available Copters,,Will be displayed along with the count on the UI element
ongoing.copter.mission.tip,Ongoing Copter Mission,,
noun.target,Target,,
expedition.type.mining,Resource Collection,,
expedition.type.exploration,Exploration,,
space.object.CargoCopter,Cargo Copter,,
space.object.info.CargoCopter,This Cargo Copter is on a mission.,,
no.task.reason.no.skill.one,Not enough <b>{0}</b> skill. Current: <b>{1}</b>. Required: <b>{2}</b>. ,,{0} - skill name. {1} and {2} - a number (skill level). 
no.task.reason.job.priority0.one,Worker priority for <b>{0}</b> is set to <b>0</b>.,,Displayed when showing a reason why the selected worker will not do some tasks. {0} will be count of tasks (a number).
no.task.reason.job.priority.none,Skipped <b>{0}</b> tasks because worker <b>cannot perform jobs of this type</b>.,,
no.task.reason.job.priority.none.one,Worker cannot perform <b>{0}</b> jobs.,,{0} is job type - like construction or hauling
no.task.reason.total.one,There is <b>1</b> pending task: {0},,{0} is task description
brain.stat.JobPriorityNone,Not capable,,
objects.devices.xenodetector,Xenodetector,,
objects.devices.xenodetector.desc,This advanced device is designed to automatically detect and identify unknown biological lifeforms within a specified range. It employs cutting-edge sensor technology for efficient bio-detection and real-time alerts.,,
research.xenodetection,Xenodetection,,
alien.lifeform.detected,Alien Lifeform Detected,,
next.scan.in,Next Scan in {0},,{0} time like 27m
space.object.Signal,Signal,,
space.object.info.Signal,There is an incoming short range transmission from this area.,,
verb.accept,Accept,,
sig.ask.money.unclear.reward.object.0,"A baffling transmission leaves the crew intrigued, hinting at an object of great value. The sender offhandedly requests <b>{0}</b> to proceed.",,
sig.ask.money.unclear.reward.object.1,"A reclusive inventor sends a message from a hidden laboratory, requesting <b>{0}</b> for project funding. They hint at having developed an advanced piece of equipment with immense potential but refuse to disclose any specifics until they receive the money.",,{0} is something like $10000 Starcreds
sig.ask.money.unclear.reward.object.2,"A treasure hunter sends a transmission, asking for <b>{0}</b> to finance their next expedition. They promise to share a one-of-a-kind artifact they unearth but won't reveal anything about its nature or capabilities.",,
sig.ask.money.unclear.reward.object.3,"A message from an underground black market surfaces, offering <b>{0}</b> for a mysterious device. The sender remains vague about the device's purpose but claims it will be invaluable to the spaceship's mission.",,
sig.ask.money.unclear.reward.object.4,"A stranded engineer contacts you, pleading for <b>{0}</b> to repair their transport. In return, they offer a unique piece of technology with untold abilities but refuse to elaborate until the funds are transferred.",,
sig.ask.money.unclear.reward.object.5,A signal from a dilapidated factory on the planet requests <b>{0}</b> to restart production. They hint at having the blueprints for a powerful piece of machinery but won't provide any details unless the money is delivered.,,
sig.ask.money.unclear.reward.object.6,"A cryptic transmission is intercepted from a long-lost colony on the planet, asking for <b>{0}</b>. The message provides no information about who sent it or why they need the funds or if there will be anything given in exchange.",,
sig.ask.money.unclear.reward.object.7,"An anonymous request for <b>{0}</b> is received from a hidden source on the planet. The sender gives no indication of who they are or why they need the money, shrouding the request in an air of mystery.",,
sig.ask.money.unclear.reward.object.8,"A garbled distress signal reaches the spaceship, containing a plea for <b>{0}</b>. The message lacks any details about the sender or their situation, leaving you to speculate about the purpose behind the request.",,
sig.ask.money.unclear.reward.object.9,"A voice transmission crackles through the comms, urgently requesting <b>{0}</b>. The sender remains elusive, offering no explanation for the need or any potential benefits that may come from providing the funds.",,
sig.ask.money.unclear.reward.object.10,"A brief and enigmatic message arrives, simply demanding <b>{0}</b>. They have a voice of a good person.",,
sig.ask.money.unclear.reward.object.11,"An intriguing transmission from a skilled artisan describes a beautiful, handcrafted object with the potential to unlock untold powers. As the message unfolds, the artisan mentions that they'd gladly part with this incredible piece, asking for a mere <b>{0}</b> to cover their expenses.",,
sig.ask.money.unclear.reward.object.12,"A captivating message recounts the legend of a long-lost device, said to possess the ability to change the course of history. As the story draws to a close, the sender casually notes that they might be able to locate this elusive artifact, but would need a modest sum of <b>{0}</b> for the endeavor.",,
sig.ask.money.unclear.reward.object.13,"A transmission from an explorer regales you with tales of an ancient relic rumored to hold the key to untold riches. As the story unfolds, the explorer casually mentions they could try to retrieve the relic, requesting only <b>{0}</b> to fund the expedition.",,
sig.ask.money.unclear.reward.object.14,A cryptic message teases the existence of a unique item with untold potential. The sender casually requests <b>{0}</b> to reveal more.,,
sig.ask.money.unclear.reward.object.15,"A transmission hints at a mysterious artifact, shrouded in secrecy. The sender suggests that <b>{0}</b> could bring it within reach.",,
sig.ask.money.unclear.reward.object.16,"An enigmatic communication alludes to a remarkable discovery, offering no details. A small investment of <b>{0}</b> is casually requested.",,
sig.ask.money.unclear.reward.object.17,"A veiled message suggests you may gain access to something extraordinary, providing no specifics. The sender asks for a mere <b>{0}</b>.",,
sig.transaction.successful.0,"The grateful communicator thanks you with a playful tone, suggesting that your decision-making prowess must have been forged in the fires of the most challenging conundrums.",,
sig.transaction.successful.1,"After the successful transaction, the seller commends you for your decision, with a tone of genuine admiration and respect.",,
sig.transaction.successful.2,"The voice radiates warmth and enthusiasm as they thank you for the transaction, leaving a positive impression.",,
sig.transaction.successful.3,"Following the transaction, the seller maintains a cordial and courteous demeanor, expressing appreciation for your trust.",,
sig.transaction.successful.4,"The gratitude is evident in their voice as they express their thanks, wishing you good fortune on your journey.",,
sig.transaction.successful.5,"Once the transaction is finalized, the signal suddenly vanishes, leaving you to ponder the consequences of your decision.",,
sig.transaction.successful.6,"The contact offers a polite and humble acknowledgment of the transaction, displaying an air of professionalism throughout the exchange.",,
sig.transaction.successful.7,"A sense of camaraderie is conveyed by the voice as they express their gratitude, making you feel like you've formed a valuable connection.",,
sig.transaction.successful.8,"The voice remains enigmatic even after the transaction, offering cryptic words of gratitude that leave you curious and intrigued.",,
sig.transaction.successful.9,"The contact's gratitude is laced with a touch of surprise, as if they didn't expect the transaction to go through, which leaves you feeling both accomplished and slightly uneasy.",,
sig.transaction.successful.10,"Upon completing the transaction, the seller's tone shifts to a more relaxed and friendly demeanor, thanking you with a genuine sense of appreciation.",,
sig.transaction.successful.11,"The voice exudes confidence and satisfaction as they express their gratitude, leaving you with a feeling of reassurance about their decision.",,
sig.transaction.successful.12,"After the transaction, the appreciative contact expresses gratitude with a lighthearted quip, stating that your impressive intuition could surely guide you through even the most labyrinthine of situations.",,
sig.transaction.successful.13,"Following the transaction, the seller offers a simple and sincere ""thank you"", their voice resonating with a sense of authenticity that reassures you.",,
sig.transaction.successful.14,"Once the transaction is completed, the contact's gratitude is muted, yet sincere, leaving you to speculate about the importance of their decision.",,
sig.transaction.successful.15,"After the transaction, the voice adopts a tone of reverence, thanking you for your trust.",,
sig.transaction.successful.16,"The grateful individual thanks you and chuckles, adding that the timing is perfect, as they were just about to ""close shop"" and turn their attention to a new hobby – underwater basket weaving.",,
sig.transaction.successful.17,"With a witty tone, the appreciative stranger expresses gratitude, joking that your decision-making skills are so sharp that you could give the finest blade a run for its money.",,
sig.transaction.failed.can.retry.0,"The individual sneers, expressing disdain for your decision but begrudgingly adding they'll be waiting if you decide to return.",,
sig.transaction.failed.can.retry.1,"The disappointed individual sighs, tersely mentioning they'll be around if you change your mind.",,
sig.transaction.failed.can.retry.2,"The contact chuckles, casually stating they'll wait if you reconsider.",,
sig.transaction.failed.can.retry.3,The person calmly informs you they'll be available if you decide to revisit the matter.,,
sig.transaction.failed.can.retry.4,"With urgency, the communicator implores you to reconsider, emphasizing they'll be waiting.",,
sig.transaction.failed.can.retry.5,The individual laments the failure but assures you they'll be waiting if you give it another shot.,,
sig.transaction.failed.can.retry.6,"The person scoffs rudely, sarcastically remarking they'll be around if you ""finally come to your senses.""",,
sig.transaction.failed.can.retry.7,"The contact's irritation is evident, but they firmly state they'll wait if you opt to reconsider.",,
sig.transaction.failed.can.retry.8,"The communicator shrugs indifferently, informing you they'll still be around if you change your heart.",,
sig.transaction.failed.can.retry.9,"The person's tone is harsh and confrontational, barking that they'll be waiting if you ""wise up.""",,
sig.transaction.failed.no.retry.0,"The contact remains composed and respectful, expressing gratitude for the opportunity to discuss the matter, and bids you farewell before disconnecting.",,
sig.transaction.failed.no.retry.1,"The disappointed person sighs, tersely ending the transmission and leaving no room for further discussion.",,
sig.transaction.failed.no.retry.2,"The contact's voice turns cold, and they abruptly cut the connection, signaling the end of negotiations.",,
sig.transaction.failed.no.retry.3,"The person's frustration is palpable, and they end the conversation without another word, leaving you to ponder the outcome.",,
sig.transaction.failed.no.retry.4,"The communicator's annoyance is evident as they curtly bid you farewell, severing the connection and disappearing.",,
sig.transaction.failed.no.retry.5,"The person scoffs rudely and sarcastically, remarking that you've missed out on a golden opportunity before disconnecting.",,
sig.transaction.failed.no.retry.6,"The contact's irritation boils over, and they angrily terminate the conversation, making it clear that they won't be available for future discussions.",,
sig.transaction.failed.no.retry.7,"The person's tone turns icy, and they end the conversation with a dismissive ""goodbye"", leaving you with a lingering sense of unease.",,
sig.transaction.failed.no.retry.8,"The communicator mutters something under their breath and disconnects without warning, their frustration evident.",,
sig.transaction.failed.no.retry.9,"The individual's voice is filled with disdain as they abruptly end the call, leaving no chance for reconsideration.",,
sig.transaction.failed.no.retry.10,"The contact sighs, expressing their disappointment before cutting the connection, making it clear that they're moving on.",,
sig.transaction.failed.no.retry.11,"The person politely acknowledges your decision and wishes you well, ending the transmission on a cordial note.",,
sig.transaction.failed.no.retry.12,"The contact expresses understanding, thanks you for your time, and disconnects with grace and professionalism.",,
sig.transaction.failed.no.retry.13,"The person reassures you that it's all right, mentioning that they appreciate your consideration before ending the conversation amicably.",,
sig.transaction.failed.no.retry.14,"The communicator maintains a friendly tone, understanding that not all negotiations work out, and ends the call with a warm goodbye.",,
sig.transaction.failed.no.retry.15,"The voice kindly acknowledges your decision, sincerely wishing you success in your future endeavors before disconnecting.",,
sig.transaction.failed.no.retry.16,"The contact maintains a diplomatic approach, expressing their understanding and offering a respectful farewell before ending the conversation.",,
sig.transaction.failed.no.retry.17,"The person displays genuine empathy for your decision, thanking you for your time and parting with a heartfelt goodbye.",,
sig.transaction.failed.no.retry.18,"The communicator remains courteous, wishing you luck in your journey before gracefully disconnecting from the call.",,
sig.transaction.failed.no.retry.19,"The contact offers a reassuring smile and a sincere farewell, letting you know there are no hard feelings before ending the transmission.",,
sig.transaction.received,You received: {0},,{0} will be an item or list of items. There may be new lines there if it's a list
sig.transaction.request,They ask for: {0},,{0} will be an item or list of items. There may be new lines there if it's a list
sig.transaction.will.receive,You will receive: {0},,
sig.transaction.fulfilled.title,Signal: Request Fulfilled,,
sig.transaction.failed.title,Signal: Request Not Fulfilled,,
sig.transaction.fulfilled,You have fulfilled the request.,,
sig.transaction.failed,You have failed to fulfill the request.,,
sig.transaction.rejected,You have rejected the request.,,
sig.ask.obj.clear.reward.0,"The contact reaches out, explaining they accidentally used their last <b>{0}</b> as fuel for their anti-gravity boots. In return for your help in providing more, they promise <b>{1}</b>.",,"{0} is a material type, like Uranium, {1} is a $100000 or some reward item name."
sig.ask.obj.clear.reward.1,The contact needs <b>{0}</b> after a teleportation mishap. They hint that you wouldn't want to miss the <b>{1}</b> reward.,,
sig.ask.obj.clear.reward.2,"A voice complains that an alien creature consumed their entire supply of <b>{0}</b> while they slept. To replenish their stock, they assure you that your contribution will be compensated with <b>{1}</b>.",,
sig.ask.obj.clear.reward.3,"The communicator conveys their urgency, explaining that a rogue AI bot stole their <b>{0}</b>. In exchange for your help in obtaining more, they guarantee <b>{1}</b>.",,
sig.ask.obj.clear.reward.4,"The contact tells you a bizarre story of how a wormhole opened in their quarters and swallowed their <b>{0}</b>. In return for your assistance in procuring more, they promise <b>{1}</b>.",,
sig.ask.obj.clear.reward.5,"The contact urgently reaches out, explaining that a sudden solar flare has damaged their critical supply of <b>{0}</b>. Desperate for your help, they promise <b>{1}</b> in return.",,
sig.ask.obj.clear.reward.6,"The individual, with a trembling voice, admits they lost their entire stock of <b>{0}</b> in a space pirate raid. With time running out, they pledge to reward you with <b>{1}</b> if you can help them.",,
sig.ask.obj.clear.reward.7,The person shares in a frantic tone that a mysterious alien virus has contaminated their entire supply of <b>{0}</b>. They assure you that your contribution to replenishing their stock will be compensated with <b>{1}</b>.,,
sig.ask.obj.clear.reward.8,"The communicator conveys their desperation, explaining that a Cleaning Bot accidentally destroyed their <b>{0}</b>. In exchange for your help in obtaining more, they guarantee <b>{1}</b>.",,
sig.ask.obj.clear.reward.9,"The contact tells you a harrowing story of how a rogue asteroid destroyed their ship, along with their entire supply of <b>{0}</b>. In return for your urgent assistance in procuring more, they promise <b>{1}</b>.",,
sig.ask.obj.clear.reward.10,"The contact reaches out urgently, requiring <b>{0}</b>. In return for your help, they promise <b>{1}</b>.",,
sig.ask.obj.clear.reward.11,"An synthetic voice is requesting <b>{0}</b> for an unspecified purpose. Amidst background noise that sounds like a cosmic kazoo orchestra, they assure you that your cooperation will be rewarded with <b>{1}</b>.",,
sig.ask.obj.clear.reward.12,"A mysterious contact shares an urgent need for <b>{0}</b>, offering no further details. As loud circus music plays in the background, they jokingly mention their noisy neighbors. To compensate you for your assistance, they guarantee <b>{1}</b>.",,
sig.ask.obj.clear.reward.13,The contact lost their <b>{0}</b> in an asteroid field. They mention that the <b>{1}</b> reward is too good to pass up.,,
sig.ask.obj.clear.reward.14,"The contact reaches out cryptically, conveying the importance of acquiring <b>{0}</b>. They commit to providing <b>{1}</b> in return for your assistance.",,
sig.transaction.failed.lack.items,You don't have the requested items.,,
objects.devices.centrifuge,Centrifuge,,
objects.devices.centrifuge.desc,"A versatile enrichment device employs a high-speed, powerful centrifuge to separate isotopes of elements based on their atomic mass, enabling the production of enriched heavy metals or radioactive substances for various applications.",,
obj.materials.enricheduranium,Enriched Uranium,,
obj.materials.enricheduranium.desc,"Enriched uranium contains a higher proportion of the fissile isotope U-235, obtained via isotope separation, enabling sustained chain reactions for nuclear reactor applications.",,
refine,Refine,,
refining.now,Refining {0},,
obj.materials.nuclearcell,Nuclear Cell,,
obj.materials.nuclearcell.desc,"A compact nuclear battery cell utilizes the energy generated from radioactive decay, converting it into electrical power through processes such as thermophotovoltaic or thermoelectric conversion. ",,
sig.extortion.0,The contact warns that not providing <b>{0}</b> may lead to consequences you'll regret.,,
sig.extortion.1,The voice threatens that refusing to give <b>{0}</b> could result in a dire outcome.,,
sig.extortion.2,A raspy voice cautions that denying their request for <b>{0}</b> could lead to regret and despair.,,
sig.extortion.3,The contact aggressively demands <b>{0}</b> with a raised voice. The sound of weapons being armed in the background gives you the sense that an attack is imminent.,,
sig.extortion.4,"A hostile voice orders you to hand over <b>{0}</b>, while the sound of a swarm of battle drones powering up sends a chilling warning of what's to come if you don't comply.",,
sig.extortion.5,The contact's menacing tone insists on receiving <b>{0}</b> immediately. The distant hum of a warship's engines suggests that they won't hesitate to use force if necessary.,,
sig.extortion.6,A voice is filled with rage as they demand <b>{0}</b>. The unmistakable sound of a heavy artillery unit being prepared in the background leaves you in no doubt that they mean business.,,
sig.extortion.7,"The contact shouts at you to provide <b>{0}</b> right away. The threatening sound of an energy cannon charging up would send shivers down your spine if you still had one, warning of the dire consequences of non-compliance.",,
sig.extortion.8,A voice yells at you demanding <b>{0}</b>. You can hear angry noises in the background. It sounds like a breach capsule is being loaded and ready to initiate a raid.,,
sig.extortion.paid.0,"Upon receiving what they wanted, the voice sneers in contempt and warns you to watch your back.",,
sig.extortion.paid.1,"Once the pirates get what they demanded, they send a spiteful message, asserting that they'll remember your weakness.",,
sig.extortion.paid.2,"The voice scoffs at your submission, making it clear that you've only bought temporary peace.",,
sig.extortion.paid.3,"Grudgingly satisfied with your compliance, they threaten you with a reminder that they won't hesitate to strike again if the opportunity arises.",,
sig.extortion.paid.4,"The raiders, having gained what they wanted, coldly warn you not to mistake their current silence for mercy, as they might come for more in the future.",,
sig.extortion.refused.0,"Enraged by your refusal, the pirates promise that you'll regret your decision and that they'll be back for vengeance.",,
sig.extortion.refused.1,The voice warns you that your defiance will only make their retaliation all the more ruthless.,,
sig.extortion.refused.2,"The raiders, angered by your refusal, threaten that they'll make you pay for your insolence.",,
sig.extortion.refused.3,"The contact assures you that your resistance will have dire consequences, and they will not forget your defiance.",,
sig.extortion.refused.4,"The pirates ominously state that your refusal won't go unpunished, and they'll come for you when you least expect it.",,
show.roof,Display Outer Hull,,
show.roof.tip,"If an area does not have an outer hull, it means that it is not fully enclosed - there is a missing floor or wall piece somewhere. Areas that have an outer hull are not guaranteed to be fully airtight or insulated, double check Airtightness and Insulation overlays to find potential leaks.",,
hold.button.for.more.info,Hold {0} for more info,,"{0} is going to be an image with a key, like CTRL"
ui.auto.pack,Auto compact UI,,
ui.auto.pack.tip,"If auto compact is enabled, some UI list elements may be grouped to reduce the list length. You may have to restart the game to apply changes to this setting.",,
situation.BlackHoleJumps,Black Hole Jumps,,
sys.locked.by.research,Research <b>{0}</b> to unlock this functionality.,,{0} is technology name
mining.auto.unlocked,You can now build the equipment required for automating mining operations. <b>{0}</b> overlay is activated.,,
verb.mine,Mine,,as in mine the iron ore deposit
compatible.items,Compatible Items,,"Items could be anything, fuel, clothing, equipment, devices"
compatible.item,Compatible Item,,singular version of compatible.items
details.unknown,Details unknown,,displayed in the list when there is no details about some event
obj.upgrades.shuttledrillupgrade,Shuttle Drill Upgrade,,
obj.upgrades.shuttledrillupgrade.desc,Adds extra mining rate to the mining expeditions. Stackable.,,
mining.power,Mining Power,,Will be next to a numeric value that shows the device mining power
exp.require.all.crew.info,"If this option is active, the expedition will not start if any of the crew members fail to reach the shuttle.",,
exp.require.all.crew,Require All Crew,,
obj.upgrades.thrusterupgrade,Thruster Upgrade,,
obj.upgrades.thrusterupgrade.desc,Compatible with small Thrusters. Adds afterburner that increases the power output at a cost of slightly higher risk of malfunction. Stackable.,,
modifier.BeingsCount_Robot,Starting Robots: {0},,
modifier.BeingsCount_Drone,Starting Drones: {0},,
modifier.BeingsCount_Carrier,Starting Carriers: {0},,
modifier.BeingsCount_Human,Starting Survivors: {0},,
modifier.BeingsCount_Carrier.desc,Adjusts the starting number of Carrier Drones. ,,
modifier.BeingsCount_Drone.desc,Adjusts the starting number of Construction Drones.,,
modifier.BeingsCount_Human.desc,Adjusts the starting number of surviving colonists.,,
modifier.BeingsCount_Robot.desc,Adjusts the starting number of Construction Robots.,,
deconstruct.order.haul,Auto haul deconstructed materials,,
deconstruct.order.haul.tip,"When this is enabled, deconstructing an object will automatically create low priority tasks for hauling the raw materials.",,
compatible.engine.types,Only the following engine types can perform <b>{0}</b>: {1},,"{0} will be something like Intergalactic Flight, {1} will be the list of engines names like Thrusters and Fusion Drives"
ship.capable.planet,Planetary Flight,,Like Intergalactic or Intersystem or Interplanetary but this is close to the planet - flight between planet moons and around the planet
ship.forward.direction.tip,Your engines should be facing opposite of your Forward Direction. ,,
stasis.prevent.wake.ups,Prevent Malfunctions,,
stasis.prevent.wake.ups.tip,Consume additional electricity to prevent pod malfunctions that cause colonist wake-ups. Full effect is achieved when cryo-stability is at least <b>{0}</b>.,,{0} will be a percentage number like 90%
label.use.as.room.name,Use as Room Name,,
label.always.show,Always Show,,
tool.connect,Connect,,
tool.connect.desc,Click and drag to connect and disconnect devices. Works on electric grid and teleporter links.,,
overlay.tip.Electricity,Electricity,,
objects.devices.gpumodule,GPU Module ({0}Thz),,
objects.devices.gpumodule.desc,"A more efficient dedicated graphics processing unit with high bandwidth memory throughput, perfect for mining digital currencies.",,
objects.devices.gpumodulemini,GPU Module ({0}Thz),,
objects.devices.gpumodulemini.desc,"A dedicated graphics processing unit with high bandwidth memory throughput, perfect for mining digital currencies.",,
fuel.burn.rate,Fuel burn rate,,
fuel.burn.rate.h,{0:0.###}/h,,
fuel.burn.rate.tip,Burn rate: {0:0.###}/h,,
currency.mine.rate.h,{0}/h,,"h is for hours; {0} will be currency amount, like $100"
currency.mine.gpu.tip,Current GPU capacity: <b>{0}Thz</b>. Add more GPU modules to increase the mining rate.,,
gpu.module.builtin,Built-in GPU Module,,
research.advancedgpu,Advanced GPU,,
missing.mods.warning,{0} Missing Mods!,,{0} is the number of mods
missing.mods.load.warning,"This save file depends on missing, broken or obsolete mods and may fail to load correctly. You may be able to switch to an older branch in Steam Betas to continue playing this save file with all mods. A backup was made here:<br><br><b>{0}</b><br><br>List of unavailable mods:{1}",,
link.display.teleporters,Teleporters,,plural noun
object.in.safe.area,Object in Safe Area,,
try.auto.connect,Try Auto Connect,,
try.auto.connect.tip,"This will attempt to crawl the electric grid for any disconnected or unreachable devices and automatically connect them if possible. If it did not completely auto-connect everything on one attempt, you can try this action multiple times. <b>Warning: May take a while for very large grids.</b>",,
cpu.cap.would.be.reached,You cannot connect another Ship Computer. The current limit is <b>{0}</b>. This limit can be increased through research.,,
auto.connect.progress,Auto connected <b>{0}</b> devices. Please wait.,,
restrict.clock.on.disasters,Limit clock speed during disasters,,
noun.structure,Structure,,
noun.device,Device,,
noun.worker,Worker,,
noun.enemy,Enemy,,
noun.colonist,Colonist,,
noun.material,Material,,
noun.object,Object,,
nameless,Nameless,,
ui.group.Condition,Condition,,
ui.group.Environment,Environment,,
ui.group.Management,Management,,
ui.group.Stats,Stats,,
ui.group.Activity,Activity,,
ui.group.Misc,Misc,,
adj.movable,Movable,,
adj.reinstallable,Reinstallable,,
worker.management,Worker Management,,
input.OpenInventory,Shortcut: Open Inventory,,
teleporter.ready,Teleporter Ready,,
focus.on.items.after.trade,Focus on received items after trade,,
toggle.log,Toggle Log,,
evt.micro.meteors.ended,Micrometeoroids are no longer present,,
joined.mutiny,Joined the mutiny,,"Will be prefixed by human name, i.e. ""John: Joined the mutiny"""
breakdown.ended,Breakdown ended,,
took.damage.from,Took {0} {1} damage from {2} at {3},2023-09-13,"{0} amount, {1} type, {2} source {3} is location. Will look like ""took 12 Heat damage from Mike at [12:31]"""
took.damage,Took {0} {1} damage at {2},2023-09-14,"{0} amount, {1} type, {2} is location"
structure.floors.oxymaticfloor.desc,A sleek floor-based Oxygen Pump alternative with faster oxygen production rate.,,
structure.floors.oxymaticfloor,OxyMatic Floor,,
structure.floors.heatmaticfloor.desc,A sleek floor-based Heater alternative with increased heating rate.,,
structure.floors.heatmaticfloor,HeatMatic Floor,,
research.atmospherecontroladvanced,Advanced Atmosphere Control,,
research.heatingadvanced,Advanced Heating,,
mood.short,Mood: {0},,"Displayed as short text on the side, 'Mood' should be abbreviated to max 4-5 characters or will be unreadable"
can.sell.for,Can sell {0} for {1},,Ex.: Can sell 12 for $123
can.buy.for,Can buy {0} for {1},,Ex.: Can buy 12 for $123
structure.floors.coolmaticfloor,CoolMatic Floor,,
structure.floors.coolmaticfloor.desc,A sleek floor-based Radiator alternative with increased cooling rate.,,
research.coolingadvanced,Advanced Cooling,,
all,All,,example use is to set what the filter is showing when it is showing everything
filter,Filter,,short text for a button that toggles a filter
selected,Selected,,filter label for items that are selected
not.selected,Not Selected,,filter label for items that are not selected
asimov.override.installed,Overriding Asimov's Laws of Robotics,,
tier.locked.tip,Research <b>{0}</b> more <b>Tier {1}</b> technologies to unlock <b>Tier {2}</b>,,variables ar numbers
research.blocked,Research Blocked,,
objects.devices.datoidloader,Datoid Loader,,
objects.devices.datoidloader.desc,A specialized storage that holds <b>Datoids</b> that can be used for Research. Must be adjacent to the Ship Computer.,,
producing.now,Producing {0},,
verb.produce,Produce,,
objects.devices.dataharvesterbasic,Basic Data Harvester,,
objects.devices.dataharvesterbasic.desc,Produces basic types of <b>Datoids</b> that can be used for Research of low tier technologies.,,
all.except.beings,Except Beings,,as in 'everything except beings'
available.datoids,Available Datoids,,
bookmarks,Bookmarks,,
bookmark,Bookmark,,
obj.eggs.egg01_hatched,Alien Egg Shell,,
obj.eggs.egg01_hatched.desc,Remains of an alien egg.,,
obj.materials.eggshell,Alien Egg Shell,,
obj.materials.eggshell.desc,Remains of an alien egg.,,
failed.to.find.safe.path,Failed to find a safe path to {0},,"{0} is object name, like Shuttle"
failed.path.safety.at,Cannot go through {0}: <b>{1}</b>,,"{0} is location coordinate, {1} is reason like ""too hot"""
menu.datoids,Datoids,,
menu.datoids.desc,<b>Datoids</b> are small units of data that can be used for Research.,,
obj.datoids.datoidalien,Alien Datoid,,
obj.datoids.datoidalien.desc,A rare <b>Datoid</b> of alien origin.,,
obj.datoids.datoidbasic,Basic Datoid,,
obj.datoids.datoidbasic.desc,<b>Datoids</b> are small units of data that can be used for Research. They have to be stored in a <b>Datoid Loader</b> to become usable.,,
obj.datoids.datoidbiotic,Biotic Datoid,,
obj.datoids.datoidbiotic.desc,A <b>Datoid</b> that is extracted from living organisms.,,
obj.datoids.datoidenergy,Energy Datoid,,
obj.datoids.datoidenergy.desc,This <b>Datoid</b> is essential for harnessing advanced energy production.,,
obj.datoids.datoidnuclear,Nuclear Datoid,,
obj.datoids.datoidnuclear.desc,A <b>Datoid</b> that unlocks the understanding of Nuclear reactions.,,
obj.datoids.datoidphyto,Phyto Datoid,,
obj.datoids.datoidphyto.desc,This <b>Datoid</b> is extracted from plant based organic matter.,,
obj.datoids.datoidquantum,Quantum Datoid,,
obj.datoids.datoidquantum.desc,Advanced <b>Datoid</b> that contains the secrets of the Universe itself.,,
obj.datoids.datoidsynthetic,Synthetic Datoid,,
obj.datoids.datoidsynthetic.desc,A <b>Datoid</b> synthesized from highly refined substances.,,
obj.datoids.datoidtech,Tech Datoid,,
obj.datoids.datoidtech.desc,A <b>Datoid</b> that shines more light on common technology.,,
obj.datoids.datoidtechhigh,High Tech Datoid,,
obj.datoids.datoidtechhigh.desc,This <b>Datoid</b> brings the technology to the next level.,,
obj.materials.darkmatter,Dark Matter,,
obj.materials.darkmatter.desc,A mysterious substance that is abundant yet extremely difficult to obtain.,,
verb.split,Split,,
objects.devices.dataharvesteradvanced,Advanced Data Harvester,,
objects.devices.dataharvesteradvanced.desc,Produces advanced types of <b>Datoids</b> that are required for research of higher tier technologies.,,
objects.devices.dataharvesterquantum,Quantum Data Harvester,,
objects.devices.dataharvesterquantum.desc,Employs highly advanced quantum processing to produce rare <b>Datoids</b>.,,
engine.move.section.too.small,The section you are trying to move is too small. Tiny patches of structure in space are not considered valid sections. Consult <b>{0}</b> overlay to see what can be moved.,,
verb.move,Move,,
location.nearby,Nearby,,
noun.datoid,Datoid,,
quest.reward.material,<b>{0}</b>: <b>x{1}</b>,,Example: Basic Datoid: x10
display.nebula,Display Space Nebula,,
display.nebula.tip,Disabling the Space Nebula can improve GPU performance on less powerful hardware,,
objects.devices.oxygenpumpmini,Mini Oxygen Pump,,
objects.devices.oxygenpumpmini.desc,"A compact oxygen pump, perfect for individual quarters or smaller areas.",,
research.computing.cpu,CPU,,
research.computing.cpuimproved,Improved CPU,,
research.computing.disk,Disk Storage,,
research.computing.diskcompression,Disk Compression,,
research.computing.diskimproved,Improved Disk,,
research.computing.gpu,GPU,,
research.computing.gpuimproved,Improved GPU,,
research.computing.heatsink,Heat Sink,,
research.computing.highavailability,High Availability,,
research.computing.highavailabilityadvanced,Advanced High Availability,,
research.computing.highavailabilityimproved,Improved High Availability,,
research.computing.memory,Memory,,
research.computing.memorycompression,Memory Compression,,
research.computing.memoryimproved,Improved Memory,,
research.computing.research,Basic Research,,
research.computing.researchadvanced,Advanced Research,,
research.computing.researchquantum,Quantum Research,,
research.computing.researchstation,Research Station,,
research.construction.atmospherecontrolreinforced,Reinforced Atmosphere Control,,
research.construction.emblemfloors,Emblem Floors,,
research.construction.emblemfloorsreinforced,Reinforced Emblem Floors,,
research.construction.glass,Glass Structure,,
research.construction.glassreinforced,Reinforced Glass,,
research.construction.habitation,Habitation,,
research.construction.habitationglass,Habitation Glass,,
research.construction.lighting,Structural Lighting,,
research.construction.speed,Construction Speed x2,,
research.construction.speed2,Construction Speed x4,,
research.construction.speed3,Construction Speed x6,,
research.construction.speed4,Construction Speed x8,,
research.construction.structure,Structure,,
research.construction.structurereinforced,Reinforced Structure,,
research.economy.root,Economy,,
research.economy.wallet,Wallet,,
research.energy.connector,Connector,,
research.energy.connectorauto,Connector Automation,,
research.energy.connectorfloor,Floor Connector,,
research.energy.connectorimproved,Improved Connector,,
research.energy.connectorwall,Wall Connector,,
research.energy.reactor,Basic Reactor,,
research.energy.reactorefficiency,Reactor Efficiency,,
research.energy.reactorimproved,Improved Reactor,,
research.energy.reactornuclear,Nuclear Reactor,,
research.energy.solar,Solar Panels,,
research.energy.solarefficient,Efficient Solar Panels,,
research.energy.solarimproved,Improved Solar Panels,,
research.energy.storageimproved,Improved Energy Storage,,
research.energy.storagenuclear,Nuclear Energy Storage,,
research.energy.switch,Switch,,
research.habitation.decorations,Decorations,,
research.habitation.furnitureimproved,Improved Furniture,,
research.habitation.root,Habitation,,
research.habitation.storagecold,Cold Storage,,
research.habitation.storagecoldimproved,Improved Cold Storage,,
research.habitation.storagekitchen,Kitchen Storage,,
research.habitation.storagekitchenimproved,Improved Kitchen Storage,,
research.lifesupport.coolingadvanced,Advanced Cooling,,
research.lifesupport.coolingimproved,Improved Cooling,,
research.lifesupport.foodproduction,Food Production,,
research.lifesupport.foodproductionimproved,Improved Food Production,,
research.lifesupport.geneticengineering,Genetic Engineering,,
research.lifesupport.heatingimproved,Improved Heating,,
research.lifesupport.oxygen,Oxygen Production,,
research.lifesupport.oxygenadvanced,Advanced Oxygen Production,,
research.lifesupport.oxygenimproved,Improved Oxygen Production,,
research.lifesupport.planterimproved,Improved Planter,,
research.lifesupport.root,Life Support,,
research.production.assembly,Assembly,,
research.production.assemblyadvanced,Advanced Assembly,,
research.production.assemblyimproved,Improved Assembly,,
research.production.batteriesnuclear,Nuclear Battery,,
research.production.biochemicalextraction,Biochemical Extraction,,
research.production.chemicalengineering,Chemical Engineering,,
research.production.disassembly,Disassembly,,
research.production.electronics,Electronics,,
research.production.materialprocessing,Material Processing,,
research.production.materialsynthesis,Material Synthesis,,
research.production.nuclearenrichment,Nuclear Enrichment,,
research.production.oilprocessing,Oil Processing,,
research.production.optics,Optics,,
research.robotics.robotcap1024,Robot Cap 1024,,
research.robotics.robotcap128,Robot Cap 128,,
research.robotics.robotcap16,Robot Cap 16,,
research.robotics.robotcap24,Robot Cap 24,,
research.robotics.robotcap256,Robot Cap 256,,
research.robotics.robotcap32,Robot Cap 32,,
research.robotics.robotcap48,Robot Cap 48,,
research.robotics.robotcap512,Robot Cap 512,,
research.robotics.robotcap64,Robot Cap 64,,
research.robotics.robotcap12,Robot Cap 12,,
research.robotics.robotcap96,Robot Cap 96,,
research.rogueai.root,Rogue AI,,
research.security.explosives,Explosives,,
research.security.firesuppression,Fire Suppression,,
research.security.turrets,Turrets,,
research.spacetravel.bridge,Bridge,,
research.spacetravel.propulsionfusion,Fusion Propulsion,,
research.spacetravel.shuttlemining,Shuttle Mining Efficiency,,
research.spacetravel.shuttlestorage,Shuttle Storage Expansion,,
research.spacetravel.teleportation,Short Range Teleportation,,
research.spacetravel.thrusterupgrade,Thruster Efficiency,,
ship.not.in.one.piece.tip,"You can abandon unwanted structure using the <b>{0}</b> overlay. Derelict ships have to be attached, deconstructed or abandoned before your ship can leave the current area.",,
quest.EstablishResearch,Establish Research,,
quest.EstablishResearch.desc,Research consumes <b>Datoids</b> that are produced in a <b>Data Harvester</b> and stored in a <b>Datoid Loader</b>.,,
compatible.storage,Compatible Storage,,
amb.color.black,Pitch Black,,
obj.materials.leadplate,Lead Plate,,
obj.materials.lead,Lead,,
obj.materials.crawlergoo,Crawler Goo,,
obj.materials.crawlergoo.desc,"A sickly phosphorescent residue, pulsates with a life of its own. Could be useful for research.",,
obj.materials.lead.desc,A dull grey mineral with cubic or octahedral crystalline structures often found within sedimentary rocks.,,
obj.materials.leadplate.desc,A thick heavy plate made from lead.,,
research.production.root,Production,,
obj.materials.biofuel,Biofuel,,
obj.materials.biofuel.desc,"Biofuel, also known as ""power from poop"", transforms waste into renewable energy.",,
evt.damaged.structure.collapsed,Damaged structure collapsed,,
evt.damaged.structure.collapsed.desc,A damaged {0} collapsed at {1},,"{0} is floor or wall, {1} is location coordinate"
evt.damaged.device.exploded,Damaged device exploded,,
evt.damaged.device.exploded.desc,A damaged {0} exploded at {1},,
evt.damaged.device.fire,Damaged device on fire,,
evt.damaged.device.fire.desc,A damaged {0} started a fire at {1},,
last.meal,Last Meal,,
breakdown.BreakdownFoodPoisoning,Food Poisoning,,
breakdown.BreakdownFoodPoisoning.desc,{0} is suffering from food poisoning,,
act.BreakdownFoodPoisoning,Suffering from food poisoning,,
research.ready.to.unlock,Research ready,,
research.ready.bookmarked,Bookmarked Research ready,,
research.ready.to.unlock.tip,<b>{0}</b> Research items are ready to be unlocked.,,{0} is number
research.ready.bookmarked.tip,<b>{0}</b> Bookmarked and <b>{1}</b> total Research items are ready to be unlocked.,,variables are numbers
research.lacks.resource,Research lacks <b>{0}</b>: {1},,{0} is resource name {1} is number
bookmark.add,Add Bookmark,,
bookmark.remove,Remove Bookmark,,
required.material,Required: {0},,
research.prerequisites.missing,Need to unlock first: <b>{0}</b>,,
research.tier.locked,Research tier <b>{0}</b> is locked,,
unlock.miningautomation.desc,Unlocks <b>{0}</b> overlay and tools required for mining automation,,{0} will be Copter Missions translation
research.cpu.cap,Ship Computer Cap {0},,
research.cpu.cap.desc,Unlocks ability to have <b>{0}</b> active Ship Computers,,
system.scan.basic,Basic System Scanning,,
system.scan.advanced,Advanced System Scanning,,
system.scan.basic.desc,Unlocks the ability to scan the current star system for specific resources,,
system.scan.advanced.desc,"Enhances the ability to scan the current star system with additional target types (Anomalies, Factions, etc)",,
unlocks.item,Unlocks <b>{0}</b>,,{0} is the name of the unlockable
item.now.available,<b>{0}</b> is now available!,,
unlock.effect.wallet,Unlocks <b>{0}</b> view and merchant trade price markup information,,
elysium.now.available,You can now convert your <b>{0}</b> into <b>{1}</b>,,"{0} will be Stasis Array translation, {1} will be Elysium translation"
unlock.effect.robot.cap,Max Active Robots: <b>{0}</b>,,
unlock.effect.robot.cap.desc,Allows having up to <b>{0}</b> active robotic workers,,
unlock.effect.robot.cap.notification,You can now have up to <b>{0}</b> active robotic workers,,
unlock.effect.construction.speed,Construction Speed {0},,{0} is something like x4
unlock.effect.construction.speed.desc,Construction / Deconstruction / Repair task execution speed will become <b>{0}</b>,,
unlock.effect.construction.speed.unlocked,Construction / Deconstruction / Repair task execution speed is now <b>{0}</b>,,
modifier.achievement.block.warning,Changing this modifier will disable achievements for this save. Please confirm if you agree.,,
bot.cap.exceeded,Bot Shutdown: Limit Exceeded,,
bot.cap.tip,You can have <b>{0}</b> active bots. The limit can be increased through Research.,,
active.robots,Active Robots,,
offline.robots,Offline Robots,,
not.enough.cpu,Not Enough CPU,,
cpu.bound.suggestion,Disconnect some devices or add more CPU Modules to regain control.,,
modifier.NoBotLimit,Disable Bot Limit,,
modifier.NoBotLimit.desc,"If Bot Limit is not disabled, you will have to unlock the ability to have more active robots through research.",,
changing.disables.achievements,Modifying this value disables achievements!,,
achievements.will.be.disabled,Achievements will be disabled!,,
grid.cpu.bound,Not enough CPU to support the Electric Grid,,
grid.cpu.bound.end,Electric Grid has recovered from CPU shortage,,
noun.connection.limit,Connection Limit,,
grid.connection.limit.tip,You have <b>{0}</b> devices connected to this electric grid. <b>{1}</b> CPU supports up to <b>{2}</b> connections.,,
connection.limit.exceeded,Connection Limit Exceeded,,
codex.m.electricity.connectionlimit,Connection Limit,,
codex.m.electricity.connectionlimit.desc,"When you connect devices to your electric grid, they consume some <b>CPU</b>. When your electric grid reaches the connection limit, you will lose control of the connected devices.<br><br>The devices will keep operating normally, but you will not be able to change their settings.<br><br>Try to keep the number of devices below your connection limit, or add more <b>CPU Modules</b> or <b>Ship Computers</b> to increase the connection limit. CPU is not shared between separate sub-grids.<br><br>Consult the <b>{0}</b> overlay to see your grid size and limit.",2023-08-29,
idle.devices,Idle devices,,
major.update.warning,Major Update Warning,,
major.update.warning.desc,"There has been a major update since the last time you played this save. The save should still load, however the major changes can break the progression and make this save feel very unbalanced, too easy or too difficult to play. It is highly recommended to start a new game.<br>Current game version: <b>{0}</b><br>Save version: <b>{1}</b>",,
structure.walls.wallarmored01,Armored Wall,,
structure.walls.wallarmored01.desc,"A strong, highly resistant outer wall.",,
research.construction.structurearmored,Armored Structure,,
structure.walls.windowarmored01,Armored Window,,
structure.walls.windowarmored01.desc,A highly resistant outer window.,,
structure.walls.wallsocketarmored01,Armored Wall Socket {0}-{1},,
structure.walls.wallsocketarmored01.desc,A highly resistant wall socket that offers {0} connection slots with a range of {1}.,,
structure.walls.ventarmored01,Armored Vent,,
structure.walls.ventarmored01.desc,A highly resistant Vent.,,
make.a.choice,You have to make a choice,,
situation.TotalGPU,Total GPU,,
situation.Money,Money,,
menu.tutorials,Tutorials,,
difficulty.Beginner,Beginner,,
difficulty.Intermediate,Intermediate,,
difficulty.Advanced,Advanced,,
tutorial.of.type,{0} Tutorial,,{0} will be Beginner or Intermedia or Advanced translation
end.tutorial,End Tutorial,,label on a button that ends the tutorial
verb.back,Back,,
tutorial.completed,Tutorial Complete,,
tutorial.completed.info,This tutorial is complete. You can keep playing this game as long as you like.,,
tut.basic.controls.name,UI and Controls,,
tut.basic.controls.desc,This tutorial will give you an overview of the Stardeus user interface and teach you how to use the most important tools.,2023-08-16,
tut.basic.controls.step.intro,Welcome to Stardeus!,,
tut.basic.controls.step.intro.desc,This tutorial will show you how to control the game and navigate the UI.<br><br>Click and drag this window to move it around.<br><br>You can adjust the UI scale in <b>Settings > Video</b>.,,
tut.basic.controls.step.cam,Camera Controls,,
tut.basic.controls.step.cam.desc,To move the camera: {0}.<br><br>Adjust zoom: {1}. <color={2}>(when not over UI)</color></b><br><br>Edge Pan can be toggled in <b>Settings > Input</b>.,2023-08-25,{0} and {1} are key bindings
tut.basic.controls.step.overlays.visual,Visual Overlays,,
tut.basic.controls.vis.ov.1,"Below the time controls, you'll find buttons to toggle overlays that show useful information about the state of the ship. {0}<br><br>We will now go through each overlay. <b>You can skip the next part</b> and explore the button tooltips on your own later.",,{0} is a sentence about keyboard shortcuts
tut.basic.controls.vis.ov.1_keyboard,You can use {0} keys to toggle them.,,
tut.basic.controls.vis.ov.1_gamepad,You can use {0} to navigate the UI quickly.,,
tutorial.click.next.when.ready,Click <b>{0}</b> when you are ready.,,{0} is translation for Next or End Tutorial
tut.basic.controls.step.overlay.electricity,"This overlay shows device connections and assists in addressing issues with the power grid. It provides data on electricity production and consumption, any deficit, battery conditions, and also lists devices that are disconnected or switched off, among other useful details.",,
tut.basic.controls.step.overlay.atmoo2,"This visual overlay shows oxygen levels, making it useful for detecting leaks and areas unfit for living.",,
tut.basic.controls.step.overlay.atmotemp,This visual overlay displays temperature levels and helps to quickly identify any hot zones that could appear if industrial equipment is running in enclosed space without cooling or ventilation.,,
tut.basic.controls.step.overlay.atmoo2res,Airtightness measures how well something keeps oxygen contained within an area. This visual overlay helps spot open vents and damaged walls since they're not as airtight.,,
tut.basic.controls.step.overlay.atmotempres,"Insulation represents the resistance to temperature exchange with the environment. Even if walls are fully airtight and don't let oxygen through, they can't fully block heat transfer. Heat will slowly move to surrounding areas, which is why maintaining comfortable temperatures takes more work than just keeping an area full of oxygen.",,
tut.basic.controls.step.overlay.aesthetics,Aesthetics reflects the beauty or plainness of the environment. Colonists will enjoy spending time in more visually appealing surroundings.,,
tut.basic.controls.step.overlay.plan,"Along with a set of planning tools that include mirroring, circles, and lines, this overlay helps in designing the perfect ship. In scenarios where your ship is destroyed, the overlay will contain the original design, so you can choose to restore it to former glory or wipe everything out and make it your own.",,
tut.basic.controls.step.overlay.path,"This overlay clarifies where and how your colonists and robots can move. Even when there appears to be a passable gap, the path might still be blocked. Remember, beings cannot move through diagonal passageways.",,
tut.basic.controls.step.overlay.areas,"This overlay shows enclosed areas, room names (available once you unlock the Signs and Labeling research), and lists the devices in each room. It also reveals areas exposed to space and lets you toggle the outer hull display.<br><br>Incoming spacecraft can't land in enclosed areas, so ensure there are enough landing zones open to space. A landing area smaller than roughly 100 tiles might lead to issues.<br><br>Another important point: certain devices and all spacecraft need to be in areas open to space. If a device meant for outdoor use is enclosed, it won't work. Enclosing a shuttle may damage the hull when it tries to take off or land.",,
tut.basic.controls.step.overlay.islands,"This overlay reveals separate ship sections. Sections are individual islands of structure. Usually, having more than one means the ship won't fly, though tiny sections with less than roughly 30 tiles are ignored. You can use <b>Winch</b> or <b>Maneuvering Controller</b> to pull these sections together.<br><br>The overlay also lets you abandon any unwanted ship sections, including derelict ships you might come across during your adventure. You'll need to attach, disassemble, or abandon a derelict ship before flying away.<br><br>When near a space port, you can use this overlay to sell a section. This makes it possible to temporarily attach a derelict ship to your own, tow it to the nearest space port, detach it, and then sell it.",2023-08-16,
tut.basic.controls.step.feedback,"If you encounter issues, discover a bug, or have a suggestion, you can submit your feedback directly from the game.",2023-08-16,
tut.basic.controls.step.overlays.information.desc,"These buttons toggle panels and lists with various information about resources, economy, tasks, stats, and more.",,
tut.basic.controls.step.overlays.information,Information Overlays,,
tut.basic.controls.step.overlay.resources,"This panel lists your owned resources, available material types and device blueprints.",2023-08-26,
tut.basic.controls.step.overlay.wallet,Wallet view displays your cash reserves and gives access to the <b>Stock Market</b>.,2023-08-16,
tut.basic.controls.step.overlay.quests,Here you'll find the list of available quests. The active quest is always displayed in the event panel in the top-right.,,
tut.basic.controls.step.overlay.goals,"The game tracks your current progress, and under certain conditions may give you some suggestions. Those suggestions also appear in the event panel in the top-right. These suggestions are completely optional and can be ignored if you wish to follow your own strategy.",,
tut.basic.controls.step.overlay.beings,"This view lists all beings present on your ship. That includes your robotic workers, human colonists, pets, and any other creatures that may appear.",,
tut.basic.controls.step.overlay.eventlog,"The Event Log is a journal that holds the story about your ship. When something significant happens, an automatic entry will appear in this log. You can also add custom manual entries here any time.",2023-08-16,
tut.basic.controls.step.overlays.special.desc,"This is the place where you will find special views, such as the <b>Research Tree</b> and the <b>Starmap</b>.",2023-08-16,
tut.basic.controls.step.overlays.special,Special Views,,
tut.basic.controls.step.overlay.research,This is where you unlock new technologies.,,
tut.basic.controls.step.overlay.starmap,"If your ship is in one piece and has <b>Bridge Controls</b> and <b>Engines</b>, it can fly. Space exploration will be essential for finding the resources you'll need.",2023-08-19,
tut.basic.controls.step.overlay.codex,"The Codex contains the <b>Operations Manual</b>, tips, and various lists of data, such as the types of different materials that exist in the Stardeus universe, all the blueprints you can unlock in the Research Tree, known Factions, and more.",,
tut.basic.controls.step.overlay.search,"This button opens the search input, allowing you to quickly find a blueprint you want to build, a being by name, a codex entry, and much more.",2023-08-16,
tut.basic.controls.step.overlays.controls.desc,These buttons toggle the panels that allow you to manage various onboard systems.,,
tut.basic.controls.step.overlays.controls,System Controls,,
tut.basic.controls.step.overlay.security,This shows the lists of active threats and allows controlling certain security-focused devices in one convenient place. Want to raise all your force fields with one click? Security Controls have got you covered.,,
tut.basic.controls.step.overlay.combat,The combat view is useful for tracking the ongoing combat details. It lists the factions and all the fighters.,,
tut.basic.controls.step.overlay.shipnav,"Here you can see if your ship is in operational condition and troubleshoot the reasons when it's not. It lists all the engines and contains a pre-flight checklist, allowing you to change your ship's forward direction as well.<br><br>The forward direction determines how the starfield behind the ship moves when flying. For example, if your engines are facing left, the forward direction should be set to right, and so on.",,
tut.basic.controls.step.overlay.expedition,"This view shows all known resource locations and lets you manage the shuttle expeditions. If a shuttle ever gets lost, you can track down its location here.",,
tut.basic.controls.step.overlay.copters,"Once you unlock <b>Mining Automation</b>, you will be able to build <b>Cargo Copters</b>. This view lets you manage ongoing copter missions.",,
tut.basic.controls.step.overlay.tint,"Once you have an <b>Auto Painter</b> loaded with color pigments, use the tools provided by this view to paint your ship floors and walls the way you like.",,
tut.basic.controls.step.overlay.terraform,"When you find a terraformable planet, it will be registered in this view, along with the terraforming status. Once a planet gets fully terraformed, you can use this panel to begin the colonization procedure.",,
tut.basic.controls.step.events,Active Events,,
tut.basic.controls.step.events.desc,This list contains the most important events that are currently happening. Some of the items in the list are groups that can be expanded on click.,,
tut.basic.controls.step.log,Event Log,,
tut.basic.controls.step.log.desc,"This section contains a full log of events, including the small details. Hover the log to make it easier to read.<br><br>You can clear this log or toggle its visibility using the buttons below it.",,
tut.step.select.entity,Select {0},,{0} is some device or object name
tut.step.select.entity.desc,Click the highlighted <b>{0}</b> to select it.,,{0} is device or being or object
tut.step.select.entity.expired,Click the highlighted object to select it. (This step has expired),,
tut.msg.target.ui.not.found,The required UI element is not visible. Use the <b>{0}</b> button and repeat the action from the previous step.,,{0} is translation for Back
tut.msg.target.ui.udb,Click the highlighted UI element,,
tut.msg.target.ui.udb.desc,Find the UI element labeled <b>{0}</b> and click it to continue.,,
tut.msg.target.udb.no.title.desc,Find the highlighted UI element and click it to continue.,,
tut.ui.click.and.drag,Click and drag this UI block to move it around.,,
tut.basic.controls.step.dev.manage,Device Management,,
tut.basic.controls.step.dev.manage.desc,The <b>Info Panel</b> exposes various data points and controls for the selected object. Let's take a look at the electricity connections of this device.,2023-08-16,
tut.basic.controls.step.dev.select,Selecting Objects,,
tut.basic.controls.step.dev.manage.submenu,Component Controls,,
tut.basic.controls.step.dev.manage.submenu.desc,"You are now looking at the <b>Electricity</b> component controls of the selected device. If you select another device that has the same component, the submenu will remain open. Each object has various components that reveal their data and controls in this manner.",2023-08-16,
tut.basic.controls.step.deselect,Deselecting Objects,,
tut.basic.controls.step.deselect.desc,"When something is selected, use <b>{0}</b> to deselect it. It will also close any open overlays or active UI panels. Try it now.",2024-07-02,{0} is a key binding
tut.basic.controls.step.context.menu.1,Invoking the Context Menu,,
tut.basic.controls.step.context.menu.1.desc,"When the cursor is over an object, <b>{0}</b> will open a <b>Context Menu</b>. Try it on the highlighted device.",2023-08-16,{0} is a key binding
tut.basic.controls.step.context.menu.2,Context Menu,,
tut.basic.controls.step.context.menu.2.desc,The <b>Context Menu</b> contains the subset of the most common actions from the Info Panel.,2023-08-14,
tut.basic.controls.step.context.menu.3.desc,Use {0} to close the Context Menu.,2024-07-02,{0} is a key binding
tut.basic.controls.tools,Tools,,
tut.basic.controls.tools.desc,"Many actions in the game require using a tool, and there are several tools available at your disposal. You can access them through various means, including the <b>Tool Menu</b>, <b>Hotbar</b>, <b>Quick Search</b>, and <b>Shortcut Keys</b>.<br><br>Press <b>{0}</b> to open the <b>Tool Menu</b>.",,
tool.menu.type,Tool Menu Type,,
tool.menu.type.radial,Radial Menu,,
tool.menu.type.grid,Grid Menu,,
hotbar.add.tip,Press {0} while holding {1} to add this item to the Hotbar.,2023-08-16,{0} and {1} is a key binding
hotbar.ctrl.tip,Press {0} while holding {1} to remove this item.<br>Hold {0} then drag the item left or right to reorder.,2023-08-16,{0} and {1} is a key binding
search.placeholder,Type here to search,,
adjective.recent,Recent,,
datoid.available.vs.owned.tip,Datoids have to be inside a <b>Datoid Loader</b> to become available for use. ,,
def.unlock.tip,Research {0} to unlock. ,,{0} is the technology name. this message is displayed in a tooltip of a locked item.
tut.basic.controls.step.overlay.skip.tip,You can skip this part. Hold {0} when hovering the overlay button to see the tutorial message any time.,,{0} is a key binding
tut.skip.group,Skip group: {0},,{0} is the group name
tut.basic.controls.step.grid.menu.1,Tool Menu Types,,
tut.basic.controls.step.grid.menu.1.desc,This is the <b>Grid Menu</b>. There is an alternative <b>Radial Menu</b> that may be more convenient when playing with a gamepad. You can change the tool menu type in <b>Settings > Input > Tool Menu Type</b>.<br><br>This tutorial uses the <b>Grid</b> tool menu.,,
tut.basic.controls.step.grid.menu.2,Tools,2023-08-16,
tut.basic.controls.step.grid.menu.2.desc,"The left side of the <b>Tool Menu</b> shows all available tools. Some have submenus, while others activate on click. The active tool is highlighted with a yellow icon tint.",2023-08-16,
getting.food.in.dangerous.loc,Trying to get food from a unsafe location: {0},,{0} is a coordinate
failed.to.find.path.to.safety,Failed to find a path to safe location from {0},,{0} is a coordinate
tut.basic.controls.step.tools.place_tiles,This tool will contain the unlocked blueprints of various objects you can order your workers to build. It has a submenu with categories and a <b>Recent</b> list of items.,,
tut.basic.controls.step.tools.connect,This tool allows you to connect / disconnect electric devices and link / unlink teleporters by clicking and dragging a line between them.,,
tut.basic.controls.step.tools.repair,"This tool highlights damaged structure and devices, allowing you to order repairs. Click on a single device or click and drag to select a larger area for repairs.",,
tut.basic.controls.step.tools.store,"This tool orders the hauling of unstored material piles to compatible storage, if available. Click on a single pile or click and drag to select multiple piles for hauling.",,
tut.basic.controls.step.tools.process,"This tool orders the processing of selected material piles or dead beings, provided a compatible processor is available. Click on a single object or click and drag to select multiple objects for processing.",,
tut.basic.controls.step.tools.remove_tiles,"This tool orders the deconstruction of walls, floors, or devices. Click on a single object or click and drag over an area to create an order.",,
tut.basic.controls.step.tools.ads_cancel,This tool cancels active orders. Click on an object with a pending task or click and drag over an area to cancel orders within that zone. ,,
tut.basic.controls.step.tools.ads_retry,"This tool attempts an immediate retry of failed tasks. Click on an object with a failed task or drag over an area to instantly reattempt all failed tasks in that region. Note that failed tasks will automatically retry after a delay, even without manual intervention.",,
tut.basic.controls.step.tools.manage_ads,"This tool allows retrying, cancelling and adjusting the priority of pending tasks. Increasing priority will also attempt to assign the task to the nearest available worker. Click on an object with a pending task, or drag over an area, to apply the selected action in that zone.",,
tut.basic.controls.step.tools.copy_config,"This tool allows you to copy-paste settings between compatible devices. Click on one to copy its configuration, then either select another or drag over an area to apply the copied settings to the devices of the same type.",,
tut.basic.controls.step.tools.plan,This tool offers multiple methods to draw in the <b>Planning</b> visual overlay.,,
tut.basic.controls.step.tools.skip.tip,You can skip this part. Hover any tool button to see the tutorial message.,,
toggle.button.size,Change button size,2023-08-16,
tut.basic.controls.step.tool.build.1,We will take a deeper look at the <b>{0}</b> tool. Click it to activate the tool submenu.,,{0} is the tool name
tut.basic.controls.step.tool.build.2,This is the tool submenu. It contains tabs for groups of objects you can build.,,
tut.basic.controls.step.tool.build.3,"Let's build something. Click the {0} tab, then click {1} to start building it.",,{0} is the tab label {1} is the device name
tut.step.place.tile.with.rot.desc,Use {0} to order building a {1} at the highlighted location.<br><br>Rotate it with {2} before placing it.,,{0} and {2} is key binding. {1} is device name
tut.step.place.tile.desc,Order building the {0} at the highlighted location.,,{0} is an device name
tut.step.place.tile,Build a {0},,{0} is an device name
tut.step.expired,This step has expired,,
tut.basic.controls.step.tool.build.4,The workers will start executing the build order shortly.<br><br><b>{1}</b> will return to the build menu.<br><br>{0} will exit the build mode.,,{0} and {1} are key bindings
tut.basic.controls.step.connect.1,Now let's see what the <b>{0}</b> tool can do. Use <b>{1}</b> to open the <b>Tool Menu</b> and activate it.,2023-08-16,{0} is tool name. {1} is key binding
tut.basic.controls.step.connect.2,"There is a disconnected <b>{0}</b>. Let's connect it to a nearby <b>{1}</b>. Press {2} on the {1}, drag a line to {0}, and release {2} to connect.",,{0} is device name. {1} is connector device name. {2} is key binding
tut.basic.controls.step.connect.3,The same action will disconnect two connected devices.<br><br>Use {0} to drag a line between the <b>{1}</b> and the <b>{2}</b> to break the connection.,2023-08-16,{0} is key binding {1} and {2} are device names
tut.basic.controls.step.connect.4,"The <b>{0}</b> tool can also link and unlink <b>Teleporters</b>.<br><br>Teleporter links are one-way, so you have to link teleporter <b>A</b> to <b>B</b> and <b>B</b> to <b>A</b> to make them lead to each other. Create a two-way link between the highlighted teleporters to continue.",2023-08-16,{0} is tool name
tut.basic.controls.step.connect.5,"<b>Tip:</b> In Free Select mode, press {0} over a <b>Connector</b> or <b>Teleporter</b> and start dragging a line to switch to the <b>{1}</b> tool.",,{0} is key binding. {1} is tool name
tut.connecting.teleporters,Connecting Teleporters,,
choice.or,{0} or {1},,{0} and {1} will be some arbitrary things like shortcut keys or two item names
tut.basic.controls.step.repair.1,Systems are reporting an oxygen leak. Let's use the <b>{0}</b> visual overlay to find it.,,{0} is Oxygen translation
tut.basic.controls.step.repair.2,Here's the leak. You can see oxygen flowing through a damaged <b>{0}</b> to the adjacent area that is not supposed to have any oxygen.,,{0} is a translation for Window structure
tut.basic.controls.step.repair.3,Use <b>{0}</b> to open the <b>Tool Menu</b> and activate the <b>{1}</b> tool. We will then create a couple of repair tasks.,2023-08-16,{0} is key binding {1} is tool name
tut.basic.controls.step.repair.4,Press {0} and drag a rectangle around the damaged area to order repairs.,2023-08-16,{0} is key binding
tut.basic.controls.group.examining.objects,Examining Objects,,
tut.basic.controls.step.deconstruct.1,We will now remove some structures. Use {0} to open the <b>Tool Menu</b> and activate the <b>{1}</b> tool.,,{0} is key binding
tut.basic.controls.step.deconstruct.2,Press {0} and drag a rectangle around the highlighted area to order deconstruction of the floor tiles.,2023-08-16,
tut.basic.controls.step.deconstruct.3,"The deconstruction will begin shortly.<br><br>Many actions, including <b>Repair</b> and <b>Deconstruct</b> can be ordered through the <b>Info Panel</b> or <b>Context Menu</b> of the selected object.",,
tut.basic.controls.relocate.1,Another important aspect of organizing your ship is relocating objects.,,
tut.basic.controls.relocate.2,Use the <b>{0}</b> button in the <b>Info Panel</b> to begin the relocation process.,,{0} is key binding
tut.basic.controls.relocate.3,"Relocate the device to the highlighted area. The pulsating circle marks the <b>Work Spot</b>, which must not be obstructed. You may need to rotate the device. Use {0} to rotate it, then press {1} on the highlighted area to order relocation.",2023-08-16,{0} is key binding
tut.basic.controls.relocate.4,"Relocation is now pending.<br><br>You can relocate beings, material piles, and other objects this way.",,
tut.basic.controls.quick.search.1,Use the <b>Quick Search</b> when you know what you're looking for. It is the fastest way to find anything.<br><br>Press {0} to activate <b>Quick Search</b>.,2023-08-18,{0} is key binding
tut.basic.controls.quick.search.2,"Now start typing a blueprint name and press {0} or click the result to activate it when it becomes available.<br><br>For this example, let's say you want to build a <b>{1}</b>. Type ""{2}"", then press {0}.",,{0} is key binding. {1} is device name. {2} will be first few characters of device name
tut.basic.controls.quick.search.3,"The <b>Quick Search</b> is extremely powerful. In addition to blueprints it can find workers, codex entries, and items inside the special views like <b>Research Tree</b> or <b>Starmap</b>.",,
tut.basic.controls.end,"This tutorial is now complete. If you found the information overwhelming, remember you can always revisit and skip to the desired step, or simply dive in and learn as you play.<br><br>We highly recommend exploring the <b>Codex</b>. It contains answers about how things operate.<br><br>Much of the information from this tutorial, as well as the <b>Codex</b>, is embedded directly in the game, often denoted by ""{0}"" in tooltips. Use this to your advantage.",2023-08-18,{0} is something like: hold CTRL for more info
tut.research.name,Research,,
tut.research.desc,Learn the concepts of Research.,,
tool.menu.recent.desc,Contains a list of recently used blueprints.,,
tut.research.intro.desc,This tutorial will teach you everything you need to know about <b>Research</b> in Stardeus.,,
tut.research.end,This is it! Here's a summary of what we have learned:<br><br> - Research uses <b>Datoids</b>.<br> - Datoids have to be stored in <b>Datoid Loaders</b> to become available.<br> - You have to have enough <b>Disk Space</b> and <b>Datoids</b> of the right type to unlock a research node.<br> - Datoids are produced by <b>Data Harvesters</b>.<br> - Build and connect new <b>Disk Modules</b> to add more <b>Disk Space</b>.,,
tut.research.open.tree,Open the <b>Research Tree</b>. Shortcut: {0},,{0} is key binding
tut.research.tree.nav,Research Tree: Moving Around,,
tut.research.tree.nav.desc,This is the <nobr><b>Research Tree</b></nobr>. Here's how to navigate it:<br><br> - To move around: {0} or drag the mouse while holding {1}.<br> - To change zoom: {2},,{0}{1}{2} is key binding
tut.research.tree.nav.gamepad,This is the <nobr><b>Research Tree</b></nobr>. Here's how to navigate it:<br><br> - To move around: {0}.<br> - To change zoom: {1}.,,{0}{1} is key binding
verb.scroll,Scroll,,As in Mouse Scroll
tut.research.tree.find.element,Focus on the highlighted <b>{0}</b> research node.<br><br>You can use {1} search to jump directly to it.,,{0} is tech name. {1} is key binding
tut.research.tree.find.element.gamepad,Focus on the highlighted <b>{0}</b> research node.,,{0} is tech name.
tut.research.tree.node,Research Tree: Node,,
tut.research.tree.node.cost.datoids,"Research is unlocked by consuming special materials called <b>Datoids</b>. You'll find the necessary Datoid types and quantities listed here. Hover the icons to find out more about each Datoid type, including how to acquire it.",,
tut.research.tree.node.cost.tier,This shows the research node <b>Tier</b>. You have to unlock a certain amount of nodes from the current tier to unlock the next tier.,,
tut.research.tree.node.cost.disk,This is the amount of <b>Disk</b> that is required for permanent storage to keep the research results memorized.<br><br>Build or upgrade <b>Disk Modules</b> to increase the available storage.,,
tut.research.tree.node.bookmark,This is the <b>Bookmark</b> button. Click it to add any locked research node to your bookmarks for quick access.,,
tut.research.tree.node.bookmarks,This button displays a list of all bookmarked research.<br><br>You'll receive a notification when any of the bookmarked research nodes becomes available for unlocking.,,
tut.research.tree.node.unlock,"This is the <b>Unlock</b> button. If you have the necessary resources, it will unlock the research node with a single click.<br><br>If the research node cannot be unlocked, hovering this button will tell you why.",,
tut.research.tree.info,Research Tree Info Panel,,
tut.research.tree.info.desc,This panel contains an overview of the available resources and useful actions.,,
tut.research.tree.info.disk,This progress bar shows <b>Disk</b> usage.<br><br>The <b>{0}</b> button opens a list of unlocked research nodes that can be unloaded if you have an urgent need for more disk space. Unloaded research will have to be unlocked again.,,{0} is key binding
tut.research.tree.info.datoids,This section lists <b>Datoids</b> that are available for use. Hover or click the items for more information about each Datoid type.<br><br>Datoids only become available after they are stored in a <b>Datoid Loader</b>. We will be building one soon.,,
tut.research.tree.info.management,"Within the management section, you'll find helpful tools such as the previously mentioned <b>Bookmarks</b> and a <b>Search</b> feature. This lets you locate nodes by their name or by the names of items they unlock.<br><br>You can now close the <b>Research Tree</b> with {0}.",,{0} is key binding
tut.research.unstored.datoid,"We have some <b>Datoids</b> already, but they're not available for research yet.<br><br>We'll have to build a <b>Datoid Loader</b> and let our workers load these Datoids into it.",2023-08-18,
tut.obj.not.found,The object is not found!,,
tut.obj.no.longer.available,The object is no longer available!,,
tut.start.building.def,"Use {0} to open the <b>Tool Menu</b>, find the <b>{1}</b>, then click the icon to start building it.",,{0} is key binding. {1} is device name
tut.waiting.for.construction,Waiting for construction of <b>{0}</b>.,,{0} is device name
tut.research.datoid.load.wait,Loading Datoids,,
tut.research.datoid.unstored,Unloaded Datoids,,
tut.research.datoid.load.wait.desc,"Waiting for <b>Datoids</b> to be loaded into the <b>Datoid Loader</b>.<br><br>The workers will do it automatically, but you can use the <b>{0}</b> tool to order hauling immediately.",,{0} is tool name
tut.research.datoid.load.ready,"The <b>Datoids</b> are now loaded and there are a couple of research nodes that can be unlocked.<br><br>Whenever some research can be unlocked, you will see a notification about it in the <b>Event Panel</b> on the right.<br><br>Click the notification to open the <b>Research Tree</b>. It will automatically focus on the first unlockable node.",,
tut.research.unlock.tech,Unlock <b>{0}</b>,,{0} is tech name
tut.research.unlock.tech.desc,Unlock the highlighted research node to continue.,,
tut.research.tree.group,Research Tree UI,,
tut.research.after.first.unlock,<b>{0}</b> is now unlocked. You will be able to build all the blueprints listed in this research node.,,{0} is tech name
tut.research.unlocked.tech,<b>{0}</b> unlocked,,{0} is tech name
tut.research.datoids.howto.1,"We have just consumed most of our <b>Datoids</b>, so we will have to produce more.<br><br>Click the <b>{0}</b> UI element to find out how to produce it.",,{0} is a translation for Basic Datoid
tut.research.datoids.howto.2,The codex popup tells us that <b>{0}</b> is crafted in <b>{1}</b> - we will have to build one.<br><br>Use {2} or {3} to close the <b>Research Tree</b>.,,{0} is a translation for Basic Datoid {1} is translation for Basic Data Harvester/ {2}[3} are bindings
tut.research.datoids.howto,How To Produce Datoids,,
tut.switch.tool.no.shortcut,Use {0} to open the <b>Tool Menu</b> and activate the <b>{1}</b> tool.,,{0} is key binding. {1} is tool name
tut.switch.tool.with.shortcut,Use {0} to open the <b>Tool Menu</b> and activate the <b>{1}</b> tool.<br><br>You can also activate the <b>{1}</b> tool with {2}.,,{0} is key binding. {1} is tool name {2} is binding
tut.switch.tool.title,Activate tool: {0},,{0} is tool name
tut.connect.device,Connect {0},,{0} is device name
tut.connect.device.freestyle.desc,Use the <b>{0}</b> tool to connect the highlighted <b>{1}</b> to the closest available connector.,,{0} is tool name. {1} is device name
tut.connect.device.constrained.desc,"Press {0} on the <b>{2}</b>, drag a line to the <b>{1}</b>, and release {0} to create a new connection.",2023-08-23,{0} is key binding. {1} and {2} is device name
tut.configure,Configure {0},,{0} is device name
tut.exit.tool,Use {0} to return to <b>Free Select</b> mode.,,{0} is key binding
tut.configure.crafter.product,Start producing <b>{0}</b>,,{0} is product name
tut.research.tree.node.unlockables,Unlockable Items,,
tut.research.tree.node.unlockables.desc,Each research node has a list of unlockable items. Hover the item to see its name and description in the tooltip.,,
tut.build.not.expected,You are not expected to build a <b>{0}</b> right now.,,{0} is device name
tut.research.disk.1,"While the <b>{0}</b> produces new Datoids, let's plan our next move.",,{0} s device name
tut.research.disk.2,We want to build a <b>{0}</b>. Let's find the research node that unlocks this blueprint. You can open the search with {1}.,,{0} is device name {1} is key binding
tut.research.disk.2.gamepad,We want to build a <b>{0}</b>. Let's find the <b>{1}</b> research node. You can use the <b>{2}</b> button in the top left to do it.,,{0} is device name {1} is key binding. {2} is translation for Search
tut.research.disk.3,Start typing the name of <b>{0}</b> in the search field and press {1} or click the result when it becomes available.,,{0} is device name. {1} is key binding
tut.research.disk.4,Let's figure out what we need to unlock <b>{0}</b>. Hover the <b>{1}</b> button.,,{0} is device name. {1} is button label
tut.research.disk.5,"Once we produce enough <b>Basic Datoids</b>, we will still be unable to unlock this because we don't have the <b>Disk Space</b> required to store the research result.<br><br>We will have to build a <b>Disk Module</b>.<br><br>Use {0} or {1} to close the <b>Research Tree</b>.",,{0} and {1} are key bindings
tut.research.disk.3.hint,Hint: The search result should say <b>{0}</b>.,,{0} is a tech name
tut.research.outro,"We now have enough <b>Disk Space</b> to unlock <b>{0}</b>, but we still have to wait for <b>Basic Datoids</b> to get produced.<br><br>You can build multiple <b>Data Harvesters</b> to produce more Datoids, just be careful to not scale up too quickly, or you may run out of resources.<br><br>Unlocking more advanced research will require new types of Datoids that will be more difficult to produce and will require new devices and materials.",,{0} is a tech name
available.material,Available: {0},,
tut.el.title,Electricity,,
tut.el.desc,Learn how electricity works in Stardeus.,,
tut.el.intro,"Electricity plays an important role in Stardeus. It not only powers devices but also enables their management.<br><br>This tutorial will guide you through setting up, managing, and troubleshooting electrical grids.",,
tut.el.end,"You now know how electricity works in Stardeus. Here's a recap:<br><br> - You can only manage devices if they are connected to the <b>Ship Computer's</b> grid.<br> - Use <b>Connectors</b> to connect devices into a grid.<br> - Daisy-chain <b>Connectors</b> to reach distant devices or grids.<br> - Click and drag a line from a <b>Connector</b>, then drop it on an empty floor to build a new connector there.<br> - Connecting two grids will merge them into one.<br> - <b>{0}</b> overlay can help you troubleshoot <b>Electricity Deficit</b> and other issues.",2023-08-23,
tutorial.header,Tutorial: {0},,{0} is the name of tutorial the player is playing
tut.el.no.grid,"In Stardeus, your consciousness resides in the <b>Ship Computer</b>. This allows you to command robotic workers and control devices linked to the same electrical grid as the <b>Ship Computer</b>.",,
tut.open.overlay.to.continue,Open the <b>{0}</b> overlay to continue.,,
tut.el.overlay.1,"This is the <b>{0}</b> overlay. We will explore it in depth soon.<br><br>Right now it tells us that we don't have any <b>Managed Grids</b>, which means that the <b>Ship Computer</b> is not connected to anything.<br><br>Let's build and connect a couple of devices.<br><br>Close the overlay to continue.",2023-08-23,
tut.overlay.title,<b>{0}</b> Overlay,,
tut.el.small.grid.1,"The <b>Ship Computer</b> isn't linked to this device, so you can't control it yet.<br><br>You will see the <b>{0}</b> item in the <b>Info Panel</b> of such devices.",,
tut.el.small.grid.2,Devices cannot be connected to each other directly. We have to connect them through a <b>Connector</b>.<br><br>Deselect the <b>Matter Reactor</b> with {0} to enter the <b>Free Select</b> mode.,,
tut.el.small.grid.3,"You will have to connect the <b>Connector</b> to the <b>Ship Computer</b> first.<br><br>Attempting to connect the <b>Matter Reactor</b> to an unlinked <b>Connector</b> will fail, as you don't control the <b>Connector</b> yet.",,
tut.el.small.grid.4,Now there is a link between the <b>Ship Computer</b> and the <b>Connector</b>. This allows you to extend your grid to the devices that the linked <b>Connector</b> can reach. ,,
tut.el.small.grid.title,Creating a grid,,
tut.el.small.grid.5,"There are a couple of disconnected <b>Floor Lights</b> nearby. It's a little dark around here, so let's connect them both to get some light.<br><br>We can use the <b>Auto Connect</b> feature that is built into the <b>Connector</b> controls.",,
tut.el.small.grid.6,Both <b>Floor Lights</b> are now connected. Let's wait for them to illuminate.,,
tut.el.refuel.1,The lights triggered an <b>Electricity Deficit</b> since we haven't added any fuel to the <b>Matter Reactor</b>.,,
tut.el.refuel.2,"The <b>Matter Reactor</b> can transform nearly any material into electricity. We have an abundance of <b>{0}</b>, a material with high energy output. Let's use it as our fuel source.<br><br>Click the <b>{1}</b> button to continue.",,
tut.el.overlay.3,Let's give it some time for the reactor to receive fuel and for the electricity deficit to be resolved.<br><br>Meanwhile we will examine the electricity chart.<br><br>Increase the <b>Time Speed</b> and open the <b>{0}</b> overlay.,,
tut.el.overlay.4,"The <b>Ship Computer</b> is now part of an electric grid. This interface shows a chart that displays electricity production, consumption, battery levels, and deficits.<br><br>By hovering over the chart, you can get insights into the past and present state of the electric grid. Observe how the deficit disappears as the reactor begins to generate power.<br><br>If the chart isn't visible, activate it by clicking the <b>{0}</b> button.",,
tut.el.overlay.5,Notice that there is an unknown electric grid listed in <b>Unmanaged Grids</b> section of the <b>{0}</b> overlay.<br><br>Click the UI element to focus the camera on that grid.,2023-08-23,
tut.el.refuel.title,Configuring the Matter Reactor,,
research.cannot.unload.unlock.effects,Cannot unload this research node due to its irreversible unlock effects.,,
tut.el.grid.merge.title,Merging Grids,,
tut.el.grid.merge.1,"Until the <b>Ship Computer</b> is connected, we won't be able to adjust any connections or configure devices in this grid. By building a chain of <b>Connectors</b>, we can merge the two grids and gain control over this area.<br><br>Close the <b>{0}</b> overlay to continue.",,
tut.el.grid.merge.2,"First, we'll construct a bridge leading to the <b>Ship Computer</b>. This will provide the foundation for placing the <b>Connectors</b>.",,
tut.el.grid.merge.3,Order building the floor it in the highlighted area.<br><br>Click and drag a rectangle to create an order with a single action.,,
tut.el.grid.merge.4,"While the Drone is busy building the bridge, we can order a new <b>Connector</b>.<br><br>I will show you the quickest way to do it.",,
tut.el.grid.merge.5_1,1. Press and hold {0} while hovering over the Connector.,,
tut.el.grid.merge.5_2,2. Drag a line towards the highlighted spot.,2023-08-29,
tut.el.grid.merge.5_3,3. Release {0} to get a list of connector blueprints.,,
tut.el.grid.merge.5_4,4. Choose the connector type you want to build.,,
tut.el.grid.merge.6,Let's wait for the new <b>Connector</b> to be built. It will be automatically linked with the connector you dragged a line from.,,
tut.el.grid.merge.7,Open the <b>{0}</b> overlay and observe how two grids get merged into one after you create a link between the highlighted connectors.<br><br>Create a link between the highlighted connectors to continue.,,
tut.el.grid.merge.5.title,Fastest way to build a <b>Connector</b>,,
tut.el.bots.maintain.title,Maintaining Robots,,
tut.el.bots.maintain.1,All this work drained the battery of our <b>Construction Drone</b>. Let's give it a way to recharge itself.,,
tut.el.bots.maintain.2,Robotic workers also have to perform periodic self-maintenance. It's best to have at least one <b>Repair Station</b> available at all times.,,
tut.el.bots.maintain.3,"Now connect the new devices to the electric grid. Tip: Use {0} to drag-select multiple devices, then hold {1} and press {0} on a <b>Connector</b> to connect them.",2023-08-26,
click.to.continue.setup,Click to continue setup,,
tut.el.deficit.1,It's time to learn how to troubleshoot the electric grid. I have created a situation that will trigger an electricity deficit.<br><br>The electric grid may need a moment to simulate. The clock should not be paused right now.,,
tut.el.deficit.1_2,"When a deficit happens, you will always be notified.<br><br>Click the deficit notification to open the <b>{0}</b> overlay.",,
tut.el.deficit.2,The electric grid with a deficit will have its consumption and production values displayed in <color={0}>red</color>.<br><br>Click the <b>{1}</b> button to begin troubleshooting.,,"{0} is the color code, do not move it away from <color={0}>"
tut.el.deficit.2_2,This is the Electric Grid details view. It can help you identify and resolve various issues.,,
tut.el.deficit.3,The electricity deficit will be created by one of the electricity <b>Consumers</b>. We can get the list of all consumers connected to this grid by clicking the <b>Consumers</b> button in the <b>Management</b> section of the grid details view.,,
tut.el.deficit.4,"The consumers list shows devices with deficit first. You will see that the <b>{0}</b> has a deficit, because its power consumption is marked in <color={1}>red</color>.<br><br>You can turn this device off or reconfigure it to collect a cheaper material to resolve this deficit.<br><br>Resolve the deficit to continue.",,
tut.el.deficit.title,Troubleshooting the Grid,,
ad.rej.would.get.stuck,Would get stuck,,
tut.deselect.objects,Deselect any selected objects with {0} to continue.,,
grids.managed,Managed Grids,,
grids.unmanaged,Unmanaged Grids,,
distance.to,Distance: {0},,
tut.winch.title,Moving Ship Sections,,
tut.winch.desc,"This tutorial will teach you how to use {0}, {1} and {2} to move ship sections around the map.",,{0}{1}{2} are device names
tut.winch.intro,"You will sometimes find yourself in a situation where you have two or more disconnected <b>Sections</b> (pieces) of the ship.<br><br>You can join the sections by building a bridge between them, or you can move the sections instead.<br><br>This tutorial will show you how to use specialized devices to move ship sections around.",,
tut.winch.end,"You now know everything about moving ship <b>Sections</b> around. Here's a recap:<br><br> - Use <b>Winch Hook</b> and <b>Winch Anchor</b> to <b>Reel In</b> a smaller section towards a larger one.<br> - A small patch of floor is not considered a section and cannot be reeled in.<br> - Devices attached in space can prevent a section from moving all the way. If that happens, <b>Relocate obstacles</b> and try again.<br> - You can build a <b>temporary extension bridge</b> to reel in a section that is too far away.<br> - You can move a section to collect <b>Resources</b> scattered around in space.<br> - Use <b>Maneuvering Controllers</b> to drive a section or the whole ship with high precision. It can help you avoid <b>Asteroid Impacts</b>.",,
tut.winch.step1_1,Let's start by pulling a <b>Section</b> with number <b>1</b> written on it towards the section with a <b>Ship Computer</b>. We will use a <b>Winch Hook</b> and a <b>Winch Anchor</b>.,,
tut.winch.step1_2,The <b>Winch Hook</b> has a <b>Reel In</b> button in the <b>Management</b> section of the <b>Info Panel</b>. It will contain a list of available <b>Winch Anchors</b> we could reel in. Let's open that list.,,
tut.winch.step1_3,Clicking the <b>Reel In</b> button next to the selected <b>Winch Anchor</b> will begin the process. Reel in the anchor labeled <b>{0}</b> right now.,,
tut.winch.step1_4,"Now the two sections are combined into one. However, you'll soon discover that things don't always go so smoothly.",,
tut.winch.success,Winch Successful,,
tut.winch.step2_1,Let's now try winching the section marked with number <b>2</b> just above us.,,
tut.winch.step2_2,The winch operation was aborted because a <b>Particle Collector</b> is in the way. We can relocate the obstacle and try again.,,
tut.winch.step2_4,The <b>Particle Collector</b> should no longer prevent the section from moving. Let's retry the winch procedure.,,
tut.winch.patch.1,There is a small patch of floor with a <b>Winch Anchor</b> in the bottom right corner of the screen. Let's try to reel it in.,,
tut.winch.patch.2,The winch operation failed because the patch is too small to be considered a valid <b>Section</b>.<br><br>The <b>{0}</b> overlay will give you a list of valid sections along with their sizes.<br><br>The best way to get rid of that small patch of floor is to deconstruct it.,,
tut.winch.step3_1,"So far, we've only winched smaller sections. Let's see what happens when we try to winch the section marked with number <b>3</b>, which is larger than any section we've winched before.",,
tut.winch.step3_2,"This time the section with the <b>Ship Computer</b> moved towards the section that we were reeling in.<br><br>The smaller section will always move towards the larger one, while the larger section will remain still.",,
tut.winch.step4_1,There are some creative ways to use the winch mechanic. Let's reel in the section with number <b>4</b> to scoop up the materials scattered in space.,,
tut.winch.step4.title,Creative Winching,,
tut.winch.step5.title,Winching Distant Sections,,
tut.winch.step5_1,How about a little challenge. There is a section with number <b>5</b> in the top left of the screen. It is too far away for our <b>Winch Hook</b> to reach it.<br><br>We will build a temporary bridge towards that section and move the <b>Winch Hook</b> closer. ,,
tut.winch.step5_2,"First, let's see how far a <b>Winch Hook</b> can reach. Select the highlighted hook.",,
tut.winch.step5_2_2,Now use {0} to zoom out until you see a large <b>circle</b> around the selected device. This circle shows the range of the hook.,,
tut.winch.step5_3,We now have an idea about the required length of the extension bridge. Let's build it.,,
tut.build.floor.in.area,Build a <b>Floor</b> in the highlighted area.,,
tut.winch.step5_4,Now order building a <b>Winch Hook</b> at the end of the bridge.,,
tut.winch.step5_5,Let's also build a <b>Winch Anchor</b> on the edge of the section we want to reel in.,,
tut.winch.step5_6,"We will have to connect the new <b>Winch Hook</b> to the <b>Ship Computer's</b> grid, but it is too far away. We could build an additional <b>Connector</b> to reach the hook, however there is a way to provide a <b>temporary wireless connection</b> through one of your workers. It is perfect for situations like this.<br><br>Let's wait for the existing build tasks to be finished first.",,
tut.winch.step5_7,Click the <b>{0}</b> button next to the <b>{1}</b> text to order a temporary connection.,,
tut.winch.step5_8,You have ordered a <b>temporary connection</b> to this device. A worker will arrive and establish it shortly.<br><br>The <b>Reel In</b> function will then become available.,,
tut.winch.step5_9,Now let's remove the temporary bridge so we can finish winching the section.<br><br>Switch to the <b>{0}</b> tool.,,
tut.winch.step5_10,Deconstruct the highlighted area to continue.,,
tut.step.relocate,Use {0} to order relocating the selected <b>{1}</b> to the highlighted area.<br><br>Rotate the device with {2}.,,
tut.step.relocate.workspot,The work spot (circle) has to be on an empty floor.,,
tut.step.relocate.waiting,Waiting for relocation.,,
tut.winch.step6_1,"The last section in the bottom left will be much easier to attach, since it has several <b>Maneuvering Controllers</b> ready for action.<br><br>The <b>Maneuvering Controllers</b> can move a ship section or the entire ship with high precision. They can be used to move <b>Derelict Ships</b> or dodge incoming <b>Asteroids</b>.",2023-09-16,
tut.winch.step6_2,We will have to establish a <b>temporary connection</b> to the remote grid before we can use the <b>Maneuvering Controllers</b>. ,2022-08-26,
tut.winch.step6_3,Waiting for temporary connection to be established.,2022-08-26,
tut.winch.step6_4,"Now move the section toward the center of the map, and repeat this action a few times once the <b>Maneuvering Controllers</b> have recharged.<br><br>Your goal is to connect this section to the one containing the <b>Ship Computer</b>.",2025-10-14,
tut.el.connect.multi,Connecting Multiple Devices,,
tut.el.temp.connect,Establishing Temporary Connection,,
tut.el.temp.disconnect,Removing Temporary Connection,,
tut.el.temp.disconnect.desc,We no longer need the <b>temporary connection</b> to the <b>Winch Hook</b>. Let's release the worker who is providing it.,,
tut.el.temp.disconnect.2,Click the <b>{0}</b> button to release the worker and disable the temporary connection.,,
codex.m.research.datoids.desc,Datoids represent the information that is used for unlocking new technologies in the <b>{0}</b>.<br><br>Datoids are produced by processing mostly common resources in <b>Data Harvesters</b>. There are several types of Data Harvesters that can produce different kinds of Datoids.<br><br>Datoids must be stored in <b>Datoid Loaders</b> to become usable for research.<br><br>Datoids cannot be bought or sold.,,
codex.m.research.datoids,Datoids,,
codex.m.ui.toolmenu,Tool Menu,,
codex.m.ui.toolmenu.desc,There are two flavors of the <b>Tool Menu</b>. The default <b>Grid Menu</b> and an alternative <b>Radial Menu</b> that may be more convenient when playing with a <b>Gamepad</b>.<br><br>You can change the Tool Menu type in <b>Settings > Input</b>.,,
quests.list.current,Current Quests,,
toggle.view,Toggle View,,
obj.upgrades.speedupgrade,Speed Upgrade,,
obj.upgrades.energyefficiencyupgrade,Energy Efficiency Upgrade,,
research.speedupgrade,Speed Upgrade,,
quest.step.enter.starmap.layer,Enter the <b>{0}</b>,,"{0} will be ""System"", ""Galaxy"", etc"
quest.step.enter.starmap.layer.desc,"Open the <b>Starmap</b>, then click the nearby <b>{0}</b> and select the option to enter it. ",,"{0} will be ""System"", ""Galaxy"", etc"
quest.step.exit.starmap.layer,Exit the <b>{0}</b>,,"{0} will be ""System"", ""Galaxy"", etc"
quest.step.exit.starmap.layer.desc,Fly outside the outermost ring in the <b>Starmap</b> to exit the <b>{0}</b>.,,"{0} will be ""System"", ""Galaxy"", etc"
starmap.leaving,Leaving {0},,"{0} will be ""System"", ""Galaxy"", etc"
starmap.entering,Entering {0},,"{0} will be ""System"", ""Galaxy"", etc"
tut.adv.controls.title,Advanced Controls,,
tut.adv.controls.desc,Learn the advanced ways of manipulating the game. This tutorial will cover multiple Quality of Life features that make daily operations much easier.,,
ship.nav.flight.capability,Flight Capability,,
ship.nav.no.local.maneuver,Maneuvering Not Possible,,
ship.nav.no.local.maneuver.tip,You have to build and connect <b>Maneuvering Controllers</b> in order to perform <b>Local Maneuvering</b>.,,
verb.configure,Configure,,
tut.adv.controls.intro,This tutorial will show you how to perform some actions with higher efficiency.,,
tut.adv.controls.mass.select.title,Selecting Multiple Objects,,
tut.adv.controls.mass.select.1,"You can <b>select all visible objects of the same type</b> by <b>double-clicking</b> an object.<br><br>Focus the camera on the highlighted <b>Matter Reactors</b>, then double-click one of them to select all five.",,
tut.adv.controls.mass.connect.title,Connecting Multiple Devices,,
tut.adv.controls.mass.connect.1,You can <b>connect all selected devices</b> with one click by holding {0} and pressing {1} on a nearby <b>Connector</b>. Connect all selected reactors to the highlighted connector to continue.,,
mass.connect.tip.enodes,Press {0} on a <b>Connector</b> to connect or disconnect the selected device(s).,,
mass.connect.tip.conn,Press {0} on a <b>Device</b> to create or remove the connection with the selected connector(s).,,
mass.connect.tip.teleporters,Press {0} on an active <b>Teleporter</b> to create or remove the link with the selected teleporter(s).,,
tut.adv.controls.mass.configure.1,You can use the <b>Info Panel</b> or the <b>Context Menu</b> to configure all selected reactors to burn the same type of fuel with just two clicks.,,
tut.adv.controls.mass.configure.title,Configuring Multiple Devices,,
tut.adv.controls.copy.config.title,Copying Device Configuration,,
tut.adv.controls.copy.config.1,There are a bunch of <b>Solar Panels</b> on the left side of the platform. They are dirty because all of them have <b>{0}</b> option disabled.<br><br>Let's select one solar panel and reconfigure it.,,
tut.adv.controls.copy.config.2,Turn the <b>{0}</b> option on.,,
tut.adv.controls.copy.config.3,Now use <b>{0}</b> button to copy the configuration of the selected panel.,,
tut.adv.controls.copy.config.4,Press {0} then drag a rectangle around all <b>Solar Panels</b> and release {0} to paste the configuration you just copied.,,
tut.adv.controls.copy.config.5,Now all <b>Solar Panels</b> will have the same cleaning options. You can use this method to copy-paste configuration of many other devices.,,
tut.adv.controls.connect.title,Quick-Connect a Device,,
tut.adv.controls.connect.1,"We have a disconnected <b>Repair Station</b>. There are several quick ways to connect it to the grid:<br><br>1. Select the <b>Repair Station</b>, then hold {0} and press {1} on a <b>Connector</b>.<br><br>2. Select a <b>Connector</b>, then hold {0} and press {1} on the <b>Repair Station</b>.<br><br>3. Press {1} on a <b>Connector</b>, drag the cursor to the <b>Repair Station</b>, then release {1}.<br><br>Connect the <b>Repair Station</b> to continue.",,
tut.adv.controls.build.modes.title,Build Modes,,
tut.adv.controls.build.modes.1,"We will now explore various <b>Build Modes</b>.<br><br>Use {0} to select any <b>Floor</b> tile, then press {1} or click <b>{2}</b> in the <b>Info Panel</b> or the <b>Context Menu</b> to start building a copy.",,
tut.adv.controls.build.modes.1.build.unbound,"We will now build some floors using various <b>Build Modes</b>.<br><br>Use {0} to select any <b>Floor</b> tile, then click <b>{1}</b> in the <b>Info Panel</b> or the <b>Context Menu</b> to start building a copy.",,
tut.adv.controls.build.modes.2,The <b>Circle Mode</b> lets you build circular shapes.<br><br>1. Move the cursor over the center of the highlighted area.<br><br>2. Hold {0} to enter <b>Circle Mode</b>.<br><br>3. Press {1} and start dragging to preview the circle.<br><br>4. Release {1} to confirm the order.<br><br>5. Release {0} to exit <b>Circle Mode</b>.,,
tut.adv.controls.build.modes.3,"The <b>Line Mode</b> is useful for building a bridge. Hold {0} to enter <b>Line Mode</b>, then press {1} on the bottom-left corner of the highlighted area, drag a diagonal line toward the platform on the top right, release {1} to create an order, and release {0} to exit <b>Line Mode</b>.",,
tut.adv.controls.build.modes.4,The <b>Pencil Mode</b> can be used to draw custom shapes.<br><br>1. Hold {0} to enter <b>Pencil Mode</b>.<br><br>2. Press {1} and drag the cursor within the hovered area to create some orders.<br><br>3. Release {0} to exit the <b>Pencil Mode</b>.,,
tut.adv.controls.build.modes.5,The <b>Cancel Mode</b> offers a quick way to delete any pending orders.<br><br>1. Hold {0} + {1} to enter <b>Cancel Mode</b>.<br><br>2. Press {2} and drag a rectangle around the highlighted area.<br><br>3. Release {2} to cancel any tasks within the area.<br><br>4. Release {0} and {1} to exit <b>Cancel Mode</b>.,,
tut.adv.controls.build.modes.6,"The <b>Fill Mode</b> will fill an empty area with a single click.<br><br>1. Hover the highlighted area.<br><br>2. Hold {0} + {1} to enter <b>Fill Mode</b>.<br><br>3. Press {2} to order building the floor in the surrounded empty space.<br><br>4. Release {0} and {1} to exit the <b>Fill Mode</b>.<br><br><b>Warning!</b> This mode can create a large amount of tasks. If the amount of tasks would exceed the <b>Task Limit</b>, the fill operation will be aborted. The <b>Task Limit</b> can be increased by adding more <b>Memory Modules</b>.",,
tut.adv.controls.build.modes.7,"Most of the <b>Build Modes</b> also work when building <b>Walls</b> and when using the <b>{0}</b> tool.<br><br>You don't have to memorize all the mode key combinations, just try pressing {1} alone or in pairs. The cursor will change to reflect the tool mode.",,
tut.adv.controls.select.modes.title,Free Select Modes,,
tut.adv.controls.select.modes.1,"While in <b>Free Select</b> mode, hold {0} and hover any tile to see the environmental data.",,
tut.adv.controls.select.modes.2,"Hold {0}, then press {1}, drag a rectangle around an area, and release {1} to select all <b>Beings</b> in the area. Hold {0} and use {1} on a <b>Being</b> to add or remove it from the selection.",,
tut.adv.controls.select.modes.3,"Hold {0}, then press {1}, drag a rectangle around an area, and release {1} to select all <b>Resources</b> in the area. Hold {0} and use {1} on a <b>Resource</b> to add or remove it from the selection.",,
tut.adv.controls.select.modes.4,"Hold {0}, then press {1}, drag a rectangle around an area, and release {1} to select only the <b>Devices</b> in the area. Hold {0} and use {1} on a <b>Device</b> to add or remove it from the selection.",,
tut.adv.controls.select.modes.5,When a <b>Being</b> is selected:<br><br>Hold {0} and hover any <b>Location</b> to see if the being can reach it and what path would be taken.<br><br>Hold {0} and press {1} when hovering a <b>Location</b> to force a <b>Managed Worker</b> to go there immediately.<br><br>Hold {0} and hover a <b>Pending Task</b> to see if the being could perform the task.<br><br>Hold {0} and press {1} when hovering a <b>Pending Task</b> to order a <b>Managed Worker</b> to take the task.,,
tut.adv.controls.select.modes.6,"When multiple <b>Devices</b> are selected, <b>{0}</b> and <b>{1}</b> will be applied to the contents of the selection.",,
tut.adv.controls.outro,This is the end of this tutorial. You can find more tips and tricks in <b>Codex</b> > <b>Tips</b>.,,
tut.completed.never,Not completed yet,,
tut.completed.date,Completed on {0},,{0} is date 
tut.completed.outdated.tip,You have completed an old version of this tutorial on {0}. It is recommended to take this tutorial again.,,
tut.not.completed.warning,You have completed {0} out of {1} tutorials.,,
tut.prod.title,Resource Production,,
tut.prod.desc,This tutorial will show you how to establish resource production pipelines and acquire the materials you need.,,
tut.prod.intro,"The goal of this tutorial is to finish the construction of the <b>Nuclear Reactor</b>. We lack the materials required for construction, but we have all the ingredients and facilities to produce them.",,
tut.prod.outro,"You now know how to establish production pipelines. Here's a recap:<br><br>1. Identify what resources you lack.<br><br>2. Examine the <b>Codex</b> entries of the lacking materials to find out their ingredients and devices required to produce them. If <b>Codex</b> doesn't mention how to produce the material, it can only be acquired through mining expeditions, trade, or special means.<br><br>3. If the ingredients are missing, repeat the steps above.<br><br>4. Unlock the required equipment through <b>Research</b>, then build it.<br><br>5. Acquire the ingredients.<br><br>6. Configure the equipment to produce the require materials.<br><br>7. Repeat the process until all required materials are acquired.<br><br>Finish the construction of the <b>Nuclear Reactor</b> to complete this tutorial. You have all the required raw materials and devices on your ship.",,
tut.prod.ident.title,Identifying Material Deficit,,
tut.prod.ident.1,This is the <b>Nuclear Reactor</b> we are trying to build. It is displaying a material deficit icon. Hover the reactor to get a tooltip with details.,,
tut.prod.ident.2,"Whenever a deficit is triggered, a <b>{0}</b> notification will be displayed in the <b>Events Panel</b>. Click the notification to see the list of devices that have a deficit.",,
tut.prod.ident.3,"To build the <b>Nuclear Reactor</b> we need the following materials: {0}<br><b>{1}</b> is the first item in the list that is blocking the construction task.<br><br>After we produce enough <b>{1}</b>, the next missing item in the list will trigger a new deficit.<br><br>It is easier to deal with one deficit at a time, so let's focus on producing <b>{1}</b>.",,
tut.prod.codex.title,Looking Up Codex Entries,,
tut.prod.codex.1,"If you don't know how to produce <b>{0}</b>, examine the <b>{0}</b> entry in <b>Codex</b> > <b>Materials</b>.<br><br>Alternatively, hover any UI element with <b>{0}</b> in the list of materials and hold <b>{1}</b> to see a <b>Codex Entry</b> in the tooltip.",,
tut.prod.codex.2,The <b>Codex Entry</b> states that <b>{0}</b> is produced by smelting <b>{1}</b> in a <b>{2}</b>.<br><br>We will configure a <b>{2}</b> to produce <b>{0}</b>.,,
tut.prod.wanted.amt,"We will need at least <b>{0}</b> of <b>{1}</b>. With current configuration, the <b>{2}</b> would stop producing <b>{1}</b> after we have <b>{3}</b> items in our <b>Inventory</b>. This will not be enough.<br><br>Increase the <b>{4}</b> to at least <b>{0}</b> to continue.",,{0} is number {1} is Lead Plate {2} is Furnace {3} is number {4} is Wanted Amount
tut.prod.acquire.1,"We have some <b>{0}</b> available, but if we had none, the <b>Codex Entry</b> would not mention how to produce it.<br><br>If the production process is not described in the <b>Codex</b>, a material can be acquired through <b>Mining Expeditions</b>, <b>Trade</b> or <b>Special Means</b>.",,
tut.prod.acquire.2,"Most raw materials can be found on <b>Planets</b>. If you have a <b>Radar</b>, you can use the <b>Scan</b> function in the <b>Starmap</b> to search the current star system for a desired material.",,
tut.prod.acquire.3,You can also launch <b>Probes</b> to planets within the current star system to scan them for resources.,,
tut.prod.acquire.4,You can use the <b>Shuttle</b> to launch manual mining expeditions to nearby <b>Resource Deposits</b>.,,
tut.prod.acquire.5,"When <b>{0}</b> is unlocked, you can build <b>Cargo Copters</b> and <b>Autodrill Rigs</b> to automate the mining operations.<br><br>You can try to deploy a <b>Autodrill Rig</b> to a nearby resource deposit right now.",,
tut.prod.acquire.6,"If you can't find a resource in space, you can use a <b>Communicator</b> to hail a <b>Merchant</b> that may have the resource you are looking for.<br><br>Note that humans may be required for using the <b>Communicator</b>.",,
tut.prod.acquire.7,"Some resources can be captured using a <b>Particle Collector</b>, however it's a slow and often energy intensive process.<br><br>Tip: <b>Particle Collectors</b> are more efficient during a <b>Dust Storm</b>.",,
tut.prod.acquire.title,How To Acquire Resources,,
probe.warning.above.star.system,Enter a <b>Star System</b> to launch the probe.,,
probe.warning.below.star.system,Exit the <b>{0}</b> to launch the probe.,,{0} is Planet
tut.prod.water.1,"While the <b>{0}</b> is producing <b>{1}</b>, let's go ahead and utilize the other devices to produce the materials we will need.",,{0} is Furnace {1} is Lead Plate
tut.prod.water.2,The next material required for building a <b>Nuclear Reactor</b> is <b>{0}</b>. The <b>Codex Entry</b> for <b>{0}</b> contains the following information: {1} ,,{0} is Nuclear Battery {1} is instructions on how to produce it
tut.prod.water.3,We are already producing <b>{0}</b> but we don't have <b>{1}</b> and <b>{2}</b>.<br><br>The <b>Codex Entry</b> for <b>{1}</b> states: {3},,{0} is Lead Plate {1} is Enriched Uranium {2} is Microchip {3} is instructions
tut.prod.water.4,"We have some <b>{0}</b>, but not <b>{1}</b>. The <b>Codex Entry</b> for <b>{1}</b> says: {2} ",,{0} is Uranium {1} is Water {2} is instructions
tut.prod.water.5,"Finally, we found a required item we can produce. We have some <b>{0}</b> and a <b>{1}</b>.<br><br>Let's configure the <b>{1}</b> to process <b>{0}</b> into <b>{2}</b>.",,{0} is Biowaste {1} is Recycler {2} is Water
tut.prod.what.to.produce,Identifying What To Produce Next,,
tut.prod.enriched.uranium.1,We will soon have all the ingredients required for producing <b>{0}</b>. Let's configure the <b>{1}</b> to produce it.,,{0} is Enriched Uranium {1} is Centrifuge
tool.spawn_human,Spawn Human,,
storage.capsule.contained,Storage Capsule contained {0},,{0} is a list of contents
exp.found.resource,<b>{0}</b> found a resource deposit: <b>{1}</b>,,{0} is shuttle name {1} is deposit type
energy.renewable,Renewable Energy,,
energy.renewable.desc,Electricity produced by solar panels or other devices that do not consume any materials.,,
trap.ready,Trap Ready,,
trap.charging,Trap Charging,,
trap.unpowered,Trap Unpowered,,
structure.floors.trapfloor,Trap Floor,,
structure.floors.trapfloor.desc,A floor that penetrates a hostile being with spikes when stepped on.,,
research.security.trapfloor,Trap Floor,,
crafter.batch.size,Batch Size,,
crafter.batch.size.tip,You can increase the Batch Size to load more ingredients and produce more output. Larger batches will take longer to produce.,,
retrieve.resource.miner,Retrieve Resource Miner,,
copter.mission.stage.retrieve.miner,Retrieving Mining Equipment,,
device.produced,{0} has produced {1} at {2},,{0} is device name {1} is product name {2} is location
verb.extract,Extract,,
noun.depth,Depth,,
mining.depth.tip,"Resource deposit depth increases when the deposit is mined. After a certain depth is reached, specialized equipment will be required to keep extracting resources. The deposit can be extracted as deep as your equipment can handle.",,
deposit.verb.mine,Mining {0} ({1:0.##}/day @ {2}),,{0} is resource name {1} is number {2} is depth like 12km
deposit.verb.collect,Collecting {0} ({1:0.##}/day),,{0} is resource name {1} is number 
deposit.verb.extract,Extracting {0} ({1:0.##}/day @ {2}),,{0} is resource name {1} is number {2} is depth like 12km
deposit.shuttle.verb.mine,"Mining {0} ({1:0}/d, {2})",,{0} is resource name {1} is number {2} is storage like 100/120
deposit.shuttle.verb.collect,"Collecting {0} ({1:0}/d, {2})",,{0} is resource name {1} is number {2} is storage like 100/120
deposit.shuttle.verb.extract,"Extracting {0} ({1:0}/d, {2})",,{0} is resource name {1} is number {2} is storage like 100/120
mining.depth.max,Maximum mining depth,,
resource.deposit.possible,Possible Resource Deposit,,End of official Spanish / Chinese translations here
operate.fail.deficit,Failed operating {0} at {1} due to electricity deficit: {2},,
noun.note,Note,,
adjective.tired,Tired,,
exp.crew.tired,Some members of your crew are too tired to be sent on an expedition.,,
noun.permissions,Permissions,,
nav.perm.walking,Walking,,
nav.perm.flying,Flying,,
nav.perm.robot,Robot,,
nav.perm.biological,Biological,,
nav.perm.humanoid,Humanoid,,
nav.perm.animal,Animal,,
nav.perm.friendly,Friendly,,
nav.perm.enemy,Enemy,,
research.security.doorpermissions,Door Permissions,,
permissions.denied,Denied for: {0},,
permissions.allowed,Allowed only for: {0},,
expedition.fail.missing.crew,Crew member <b>{0}</b> failed to reach the shuttle. Expedition to <b>{1}</b> was aborted. ,,
scan.report,Scan report: {0},,{0} is something like Iron not found
mod.warning.dev.disabled,Some of the mod versions you are using are marked as not supported by the developer. These mods have been disabled.,,
mod.warning.runtime.broken,"Some of the mods had load failures. It is <b>highly recommended to disable these mods and restart the game</b> since partially loaded mods may lead to undefined behaviors, looping errors, performance issues and bugs.",,
mod.had.load.failures,This mod version had load failures,,
mod.marked.incompatible,This mod version is marked as incompatible by the developer,,
mod.item,Mod Item,,
save.upgraded,Save Upgraded,,
save.upgraded.info,This save file was automatically upgraded to work with current version of the game.<br><br>{0},,
fire.extinguished,Fire Extinguished,,
firefighting.failed,Firefighting failed at {0}: {1},,{0} is position {1} is reason
chance.to.explode.on.dmg,Chance to explode upon taking damage: {0},,{0} is percentage
fire.on.dmg,Fire on hit,,
explode.on.hit,Explode on hit,,
explode.on.hit.desc,Some objects can explode when taking damage. The explosion chance depends on health and wear.,,
fire.spread.chance,Fire spread chance,,
fire.spread.chance.desc,Tells how likely this object will catch on fire if there is a strong flame nearby.,,
fire.self.ignite.at,Can self ignite,,
fire.no.self.ignite,Cannot self ignite,,
fire.self.ignite.desc,This object can self ignite if current temperature exceeds the ignition point.,,
fire.no.self.ignite.desc,"This object cannot self ignite from heat. However if there is a fire nearby, it can spread into this object.",,
chance.low,Low,,
chance.avg,Average,,
chance.high,High,,
click.ctrl.add.fav,Click {0} while holding {1} to add this item to favorites.,,
click.ctrl.remove.fav,Click {0} while holding {1} to remove this item from favorites.,,
breakdown.deconstruct.log,Deconstructed <b>{0}</b> at <b>{1}</b> due to a mental breakdown.,,
wormhole.to,Wormhole to <b>{0}</b>,,{0} is the name of a galaxy the wormhole leads to
noun.variations,Variations,,"Will go on a small-ish button, so try to make it quite short"
tool.heat,Change Temperature,,
tool.heat.desc,Click and drag to increase temperature. Hold Ctrl to do decrease temperature. Hold Shift to set temperature to 21°C.,,
tool.oxygenate,Change Oxygen,,
tool.oxygenate.desc,Click and drag to increase O2. Hold Ctrl to decrease O2. Hold Shift to set O2 to 21%.,,
situation.Firefighters,Firefighters,,
situation.GridRenewableOutput,Electric Grid Renewable Output,,
research.locked,Locked,,Separate from doors lock / unlock due to some languages
research.unlocked,Unlocked,,Separate from doors lock / unlock due to some languages
research.unlock,Unlock,,Separate from doors lock / unlock due to some languages
hint.void_ripper_dm,The Void Ripper has produced a bit of <b>Dark Matter</b>. This happens every time you go through a Black Hole.,,
verb.hatching,Hatching,,For eggs
noun.direct.order,Direct Order,,
goal.state.interupted.direct.order,Interrupted. Another task was forced: {0}.,,
goal.assigned.worker.busy,Assigned worker is busy with another task: {0}.,,
goal.worker.incapable,Assigned worker is incapable of performing the task.,,
goal.worker.preassigned,Pre-assigned.,,
tractor.beam.auto.projectile,Auto-select projectile,,
tractor.beam.auto.projectile.desc,"When enabled, this Tractor Beam will automatically start pulling any incoming projectile towards the selected Tractor Beam Target.",,
tractor.beam.auto.pulling,Auto-targeting {0} at {1} to be pulled towards {2},,{0} is object name {1} and {2} is coordinates
tractor.beam.success,"Trajectory successfully changed for {0}, it should land at {1}",,{0} is object name {1} is coordinate
stats.base,Base Stats,,
stats.being,Being Stats,,
stats.full.title,Full Stats,,
stat.value.base,Base value: {0},,
stat.value.effective,Effective value: {0},,
stat.no.modifiers,No modifiers,,
severity.mild,Mild,,
severity.moderate,Moderate,,
severity.severe,Severe,,
severity.critical,Critical,,
severity.fatal,Fatal,,
condition.duration,Duration: {0},,for how long did someone have a condition
stat.influences,Influences,,
stat.influenced.by,Influenced By,,
stat.no.effect,No change,,
stats.obj,Object Stats,,
current.task,Current Task,,
last.failed.task,Last Failed Task,,
last.completed.task,Last Completed Task,,
verb.hiding,Hiding,,when a cat is hiding in the bushes and similar situations
expedition.loot,Expedition Loot,,
exp.deposit.too.deep,This resource deposit is too deep for the selected shuttle.<br><br>Maximum mining depth: <b>{0}</b>.<br>Deposit depth: <b>{1}</b>. ,,{0} and {1} are depth in kiometers
modifier.NoCPUFragmentation,Disable Neural Network Fragmentation,,
modifier.NoCPUFragmentation.desc,"<b>Ship Computer</b> will not accumulate <b>Neural Network Fragmentation</b> over time, and therefore will not require a <b>Defragmentation</b> procedure.",,
show.probe.launch,Focus on launched Probe,,
enable.pause.frame,Enable Pause Frame,,
fav.items.help,Favorites,,
fav.items.help.tip,Click {0} while holding {1} over materials in the UI to add or remove them from favorites.,,{0} and {1} are key bindings
mission.leave.warning,You have an ongoing <b>Shuttle Expedition</b> or <b>Copter Mission</b>. They won't be able to return to ship until you are back.,,
research.economy.blackmarket,Black Market,,
research.economy.blackmarket.desc,Unlocks less ethical trading options.,,
research.lifesupport.growingpartsadvanced,Advanced Synthetic Organs,,
research.lifesupport.growingpartsbasic,Basic Synthetic Organs,,
research.lifesupport.growingpartsimproved,Improved Synthetic Organs,,
research.lifesupport.surgeryhub,Surgery Hub,,
research.robotics.partsadvanced,Advanced Bot Parts,,
research.robotics.partsbasic,Basic Bot Parts,,
research.robotics.partsimproved,Improved Bot Parts,,
ability.Build,Build,,Translations added for v0.11 begin here
ability.Carry,Carry,,
ability.EquipItem,Equip Item,,
ability.Fly,Fly,,
ability.Move,Move,,
ability.Recharge,Recharge,,
ability.UseItem,Use Item,,
being.state.alive,Alive,,
being.state.incapacitated,Incapacitated,,
bodypart.Arm.ArmHuman,Human Arm,,
bodypart.Arm.ArmHuman.desc,An organic human arm.,,
bodypart.Arm.LegFrontCat,Cat Leg (Front),,
bodypart.Arm.LegFrontCat.desc,An organic cat leg.,,
bodypart.Arm.LegFrontDog,Dog Leg (Front),,
bodypart.Arm.LegFrontDog.desc,An organic dog leg.,,
bodypart.Arm.ServoArm,Servo Arm,,
bodypart.Arm.ServoArm.desc,A standard robotic arm.,,
bodypart.Battery.MiniCell,Mini Cell,,
bodypart.Battery.MiniCell.desc,A small portable power supply for robotic body parts.,,
bodypart.Body.BodyCarrier,Carrier Frame,,
bodypart.Body.BodyCarrier.desc,A body of a Carrier Drone.,,
bodypart.Body.BodyCat,Cat Torso,,
bodypart.Body.BodyCat.desc,An organic cat body.,,
bodypart.Body.BodyCleaningBot,Cleaning Bot Frame,,
bodypart.Body.BodyCleaningBot.desc,A body of a Cleaning Bot.,,
bodypart.Body.BodyDog,Dog Torso,,
bodypart.Body.BodyDog.desc,An organic dog body.,,
bodypart.Body.BodyDrone,Construction Drone Frame,,
bodypart.Body.BodyDrone.desc,A body of a Construction Drone.,,
bodypart.Body.BodyHuman,Human Torso,,
bodypart.Body.BodyHuman.desc,An organic human body.,,
bodypart.Body.BodyOrbotron,Orbotron Frame,,
bodypart.Body.BodyOrbotron.desc,A body of an Orbotron.,,
bodypart.Body.BodyRobot,Construction Robot Frame,,
bodypart.Body.BodyRobot.desc,A body of a Construction Robot.,,
bodypart.Body.BodySentry,Sentry Frame,,
bodypart.Body.BodySentry.desc,A body of a Sentry Drone.,,
bodypart.Brain.BrainCat,Cat Brain,,
bodypart.Brain.BrainCat.desc,An organic brain of a cat.,,
bodypart.Brain.BrainDog,Dog Brain,,
bodypart.Brain.BrainDog.desc,An organic brain of a dog.,,
bodypart.Brain.BrainHuman,Human Brain,,
bodypart.Brain.BrainHuman.desc,An organic brain of a human.,,
bodypart.Core.MiniCore,Mini Core,,
bodypart.Core.MiniCore.desc,A chip that contains the memories of a robot.,,
bodypart.Ear.EarCat,Cat Ear,,
bodypart.Ear.EarCat.desc,An organic ear of a cat.,,
bodypart.Ear.EarDog,Dog Ear,,
bodypart.Ear.EarDog.desc,An organic ear of a dog.,,
bodypart.Ear.EarHuman,Human Ear,,
bodypart.Ear.EarHuman.desc,An organic ear of a human.,,
bodypart.Eye.EyeCat,Cat Eye,,
bodypart.Eye.EyeCat.desc,An organic eye of a cat.,,
bodypart.Eye.EyeDog,Dog Eye,,
bodypart.Eye.EyeDog.desc,An organic eye of a dog.,,
bodypart.Eye.EyeHuman,Human Eye,,
bodypart.Eye.EyeHuman.desc,An organic eye of a human.,,
bodypart.Eye.MiniOptics,Mini Optics,,
bodypart.Eye.MiniOptics.desc,A robotic eye with small form factor.,,
bodypart.Foot.FootHuman,Human Foot,,
bodypart.Foot.FootHuman.desc,An organic foot of a human.,,
bodypart.Foot.PawRearCat,Cat Paw (Rear),,
bodypart.Foot.PawRearCat.desc,An organic paw of a cat.,,
bodypart.Foot.PawRearDog,Dog Paw (Rear),,
bodypart.Foot.PawRearDog.desc,An organic paw of a dog.,,
bodypart.Hand.Grappler,Grappler,,
bodypart.Hand.Grappler.desc,A simple robotic hand that can be used to grab and carry items.,,
bodypart.Hand.HandHuman,Human Hand,,
bodypart.Hand.HandHuman.desc,An organic hand of a human.,,
bodypart.Hand.MultiTool,Multi Tool,,
bodypart.Hand.MultiTool.desc,A robotic hand that can be used for construction tasks and carrying items.,,
bodypart.Hand.PawFrontCat,Cat Paw (Front),,
bodypart.Hand.PawFrontCat.desc,An organic paw of a cat.,,
bodypart.Hand.PawFrontDog,Dog Paw (Front),,
bodypart.Hand.PawFrontDog.desc,An organic paw of a dog.,,
bodypart.Head.HeadCat,Cat Head,,
bodypart.Head.HeadCat.desc,An organic head of a cat.,,
bodypart.Head.HeadDog,Dog Head,,
bodypart.Head.HeadDog.desc,An organic head of a dog.,,
bodypart.Head.HeadHuman,Human Head,,
bodypart.Head.HeadHuman.desc,An organic head of a human.,,
bodypart.Heart.HeartLarge,Large Heart,,
bodypart.Heart.HeartLarge.desc,A large-sized organic heart.,,
bodypart.Heart.HeartMedium,Medium Heart,,
bodypart.Heart.HeartMedium.desc,A medium-sized organic heart.,,
bodypart.Heart.HeartSmall,Small Heart,,
bodypart.Heart.HeartSmall.desc,A small-sized organic heart.,,
bodypart.Hip.HipCat,Cat Hip,,
bodypart.Hip.HipCat.desc,An organic hip of a cat.,,
bodypart.Hip.HipDog,Dog Hip,,
bodypart.Hip.HipDog.desc,An organic hip of a dog.,,
bodypart.Hip.HipHuman,Human Hip,,
bodypart.Hip.HipHuman.desc,An organic hip of a human.,,
bodypart.Intestines.IntestinesLarge,Large Intestines,,
bodypart.Intestines.IntestinesLarge.desc,A large-sized organic intestines.,,
bodypart.Intestines.IntestinesMedium,Medium Intestines,,
bodypart.Intestines.IntestinesMedium.desc,A medium-sized organic intestines.,,
bodypart.Intestines.IntestinesSmall,Small Intestines,,
bodypart.Intestines.IntestinesSmall.desc,A small-sized organic intestines.,,
bodypart.Jaw.JawCat,Cat Jaw,,
bodypart.Jaw.JawCat.desc,An organic jaw of a cat.,,
bodypart.Jaw.JawDog,Dog Jaw,,
bodypart.Jaw.JawDog.desc,An organic jaw of a dog.,,
bodypart.Jaw.JawHuman,Human Jaw,,
bodypart.Jaw.JawHuman.desc,An organic jaw of a human.,,
bodypart.Kidney.KidneyLarge,Large Kidney,,
bodypart.Kidney.KidneyLarge.desc,A large-sized organic kidney.,,
bodypart.Kidney.KidneyMedium,Medium Kidney,,
bodypart.Kidney.KidneyMedium.desc,A medium-sized organic kidney.,,
bodypart.Kidney.KidneySmall,Small Kidney,,
bodypart.Kidney.KidneySmall.desc,A small-sized organic kidney.,,
bodypart.Leg.LegHuman,Human Leg,,
bodypart.Leg.LegHuman.desc,An organic human leg.,,
bodypart.Leg.LegRearCat,Cat Leg (Rear),,
bodypart.Leg.LegRearCat.desc,An organic cat leg.,,
bodypart.Leg.LegRearDog,Dog Leg (Rear),,
bodypart.Leg.LegRearDog.desc,An organic dog leg.,,
bodypart.Liver.LiverLarge,Large Liver,,
bodypart.Liver.LiverLarge.desc,A large-sized organic liver.,,
bodypart.Liver.LiverMedium,Medium Liver,,
bodypart.Liver.LiverMedium.desc,A medium-sized organic liver.,,
bodypart.Liver.LiverSmall,Small Liver,,
bodypart.Liver.LiverSmall.desc,A small-sized organic liver.,,
bodypart.Lung.LungLarge,Large Lung,,
bodypart.Lung.LungLarge.desc,A large-sized organic lung.,,
bodypart.Lung.LungMedium,Medium Lung,,
bodypart.Lung.LungMedium.desc,A medium-sized organic lung.,,
bodypart.Lung.LungSmall,Small Lung,,
bodypart.Lung.LungSmall.desc,A small-sized organic lung.,,
bodypart.Mobilizer.MiniJet,Mini Jet,,
bodypart.Mobilizer.MiniJet.desc,A small propulsion jet that can make robots fly.,,
bodypart.Mobilizer.MiniTracks,Mini Tracks,,
bodypart.Mobilizer.MiniTracks.desc,Small-sized tracks that can make robots drive around.,,
bodypart.Mobilizer.Tracks,Tracks,,
bodypart.Mobilizer.Tracks.desc,Tracks that can make robots drive around.,,
bodypart.Shoulder.ArmSocket,Arm Socket,,
bodypart.Shoulder.ArmSocket.desc,A socket where the robotic arm gets attached to.,,
bodypart.Shoulder.ShoulderCat,Cat Shoulder,,
bodypart.Shoulder.ShoulderCat.desc,An organic cat shoulder.,,
bodypart.Shoulder.ShoulderDog,Dog Shoulder,,
bodypart.Shoulder.ShoulderDog.desc,An organic dog shoulder.,,
bodypart.Shoulder.ShoulderHuman,Human Shoulder,,
bodypart.Shoulder.ShoulderHuman.desc,An organic human shoulder.,,
bodypart.Stomach.StomachLarge,Large Stomach,,
bodypart.Stomach.StomachLarge.desc,A large-sized organic stomach.,,
bodypart.Stomach.StomachMedium,Medium Stomach,,
bodypart.Stomach.StomachMedium.desc,A medium-sized organic stomach.,,
bodypart.Stomach.StomachSmall,Small Stomach,,
bodypart.Stomach.StomachSmall.desc,A small-sized organic stomach.,,
bodypart.Tail.TailCat,Cat Tail,,
bodypart.Tail.TailCat.desc,An organic cat tail.,,
bodypart.Tail.TailDog,Dog Tail,,
bodypart.Tail.TailDog.desc,An organic dog tail.,,
bodypart.type.Arm,Arm,,
bodypart.type.Battery,Battery,,
bodypart.type.Body,Body,,
bodypart.type.Brain,Brain,,
bodypart.type.Core,Core,,
bodypart.type.Ear,Ear,,
bodypart.type.Eye,Eye,,
bodypart.type.Finger,Finger,,
bodypart.type.Foot,Foot,,
bodypart.type.Hand,Hand,,
bodypart.type.Head,Head,,
bodypart.type.Heart,Heart,,
bodypart.type.Hip,Hip,,
bodypart.type.Intestines,Intestines,,
bodypart.type.Jaw,Jaw,,
bodypart.type.Kidney,Kidney,,
bodypart.type.Leg,Leg,,
bodypart.type.Liver,Liver,,
bodypart.type.Lung,Lung,,
bodypart.type.Mobilizer,Mobilizer,,
bodypart.type.Shoulder,Shoulder,,
bodypart.type.Stomach,Stomach,,
bodypart.type.Tail,Tail,,
bodypart.type.Thumb,Thumb,,
bodypart.type.Toe,Toe,,
days.abbr,{0}d,,one character abbreviation for days
days.hours.abbr,{0}d {1}h,,
days.hours.minutes.abbr,{0}d {1}h {2}m,,
hours.abbr,{0}h,,one character abbreviation for hours
hours.minutes.abbr,{0}h {1}m,,
initial.crew,Initial Crew,,
inventory.slot.Clothing,Clothing,,
inventory.slot.Hat,Hat,,
inventory.slot.Helmet,Helmet,,
inventory.slot.Suit,Suit,,
inventory.slot.Weapon,Weapon,,
job.type.Melee,Melee,,
job.type.Piloting,Piloting,,
job.type.Refilling,Refilling,,
job.type.Shooting,Shooting,,
job.type.Social,Social,,
minutes.abbr,{0}m,,one character abbreviation for minutes
minutes.seconds.abbr,{0}m {1}s,,
modifier.PetsCount,Starting Pets: {0},,
modifier.PetsCount.desc,<b>Warning</b>: It may be difficult for pets to survive in early game. Consider setting this value to 0.,,
modifiers.tip,You can customize your experience with various modifiers.<br><br><b>Warning:</b> Some modifiers will disable Achievements.,,
months.abbr,{0}m,,one character abbreviation for months
months.days.abbr,{0}m {1}d,,
noun.sex,Sex,,
obj.equipment.clothing.spacesuit01,Space Suit,,
obj.equipment.clothing.uniform01,Uniform,,
obj.equipment.hats.hat01,Hat,,
obj.equipment.hats.spacehelmet01,Space Helmet,,
overlay.tip.AI,AI,,
overlay.tip.Cover,Cover,,As in object to hide behind during combat
permadeath.label,Commitment,,
prepare.to.embark,Prepare to Embark,,
randomize.all,Randomize All,,
sandbox.welcome,"Welcome to the Sandbox mode. Use the <b>Build Menu</b> to spawn beings, objects and resources without any restrictions. ",,
seconds.abbr,{0}s,,one character abbreviation for seconds
side.1,#1,,
side.2,#2,,
side.l,L,,Abbreviation for Left side
side.r,R,,Abbreviation for Right side
stat.AccuracyMax,Accuracy (Max),,
stat.AccuracyMax.desc,Maximum accuracy at a perfect distance.,,
stat.AIAlignment,Důvěra v umělou inteligenci,,
stat.AIAlignment.desc,"Ukazuje, jak moc ti toto stvoření důvěřuje. Vysoká důvěra v umělou inteligenci ti dovolí vydávat přímé pokyny, nebo získat přímé ovládání nad bytostí.",,
stat.ArmorBlunt,Blunt Resistance,,
stat.ArmorBlunt.desc,Resistance against blunt attacks.,,
stat.ArmorEnergy,Energy Resistance,,
stat.ArmorEnergy.desc,Resistance against energy attacks.,,
stat.ArmorPiercing,Piercing Resistance,,
stat.ArmorPiercing.desc,Resistance against piercing attacks.,,
stat.ArmorSharp,Slashing Resistance,,
stat.ArmorSharp.desc,Resistance against slashing attacks.,,
stat.BatteryCapacity,Battery Capacity,,
stat.BatteryCharge,Battery Charge,,
stat.BatteryConsumption,Battery Consumption,,
stat.BleedChance,Bleed Chance,,
stat.BleedChance.desc,How likely this attack can open a wound that will bleed.,,
stat.BloodAmount,Blood Amount,,
stat.BloodAmount.desc,Current amount of blood. Losing too much blood will cause death.,,
stat.BloodCapacity,Blood Capacity,,
stat.BloodCapacity.desc,The maximum amount of blood this being can have.,,
stat.BloodFilterRate,Blood Filter Rate,,
stat.BloodFilterRate.desc,How fast is the blood toxicity reduced.,,
stat.BloodPumpRate,Blood Pump Rate,,
stat.BloodPumpRate.desc,How fast is the blood pumping. Loss of blood pump function can cause death.,,
stat.BloodToxicity,Blood Toxicity,,
stat.BloodToxicity.desc,Blood accumulates toxicity when food or other substances are consumed. Some organs will enable blood filtering to remove this toxicity. High levels of blood toxicity can cause health conditions and death.,,
stat.CarryCapacity,Carry Capacity,,
stat.CarryCapacity.desc,How many items can this being carry at once.,,
stat.ChargeSec,Charge Time,,This is NOT for charging batteries but for preparing for an attack
stat.ChargeSec.desc,How long does it take for this being to charge.,,This is NOT for charging batteries but for preparing for an attack
stat.CombatEvade,Combat Evade,,
stat.CombatEvade.desc,Adds extra chance to evade an incoming attack.,,
stat.CooldownSec,Cooldown Time,,
stat.CooldownSec.desc,Amount of time required to end the attack.,,
stat.Dexterity,Dexterity,,
stat.Dexterity.desc,The effectiveness of performing tasks that involve using the hands.,,
stat.DigestionRate,Digestion Rate,,
stat.DigestionRate.desc,How fast is the food digested.,,
stat.DPS,DPS,,
stat.DPS.desc,Damage Per Second,,
stat.Hearing,Hearing,,
stat.Hearing.desc,Ability to hear sounds.,,
stat.Hunger,Hunger,,
stat.Hunger.desc,How satisfied is the hunger. Consuming food increases this value.,,
stat.HungerRate,Hunger Rate,,
stat.HungerRate.desc,How fast this being gets hungry.,,
stat.IntestinesContents,Intestines Contents,,
stat.IntestinesContents.desc,How much food is currently being digested in the intestines.,,
stat.LungCapacity,Lung Capacity,,
stat.LungCapacity.desc,How much air can this being have in the lungs.,,
stat.LungEfficiency,Lung Efficiency,,
stat.LungEfficiency.desc,How efficient are the lungs at providing the blood with oxygen.,,
stat.MoveSpeed,Move Speed,,
stat.MoveSpeed.desc,How fast can this being move.,,
stat.MoveSpeedMul,Move Speed Multiplier,,
stat.O2.desc,O<sub>2</sub> Level,,
stat.O2Min,O<sub>2</sub> Minimum,,
stat.O2Min.desc,Minimum amount of oxygen required for survival.,,
stat.Pain,Pain,,
stat.Pain.desc,The amount of pain the being is currently in.,,
stat.PainThreshold,Pain Tolerance,2022-04-17,
stat.PainThreshold.desc,The level of pain a being can withstand without passing out.,,
stat.RangeMax,Range (Max),,
stat.RangeMax.desc,Maximum attack range.,,
stat.RangeMin,Range (Min),,
stat.RangeMin.desc,Minimum required distance to the attack target.,,
stat.Sanity,Sanity,,
stat.Sanity.desc,Determines the level of mental health. Low sanity will cause beings to behave irrationally and ignore their own safety.,,
stat.Sight,Sight,,
stat.Sight.desc,How well is this being able to see.,,
stat.SleepPressureRate,Sleep Pressure Rate,,
stat.SleepPressureRate.desc,How quickly will the sleep pressure build up.,,
stat.SleepRate,Sleep Rate,,
stat.SleepRate.desc,How fast does this being sleep.,,
stat.SpaceSuitIntegrity,Space Suit Integrity,,
stat.SpaceSuitIntegrity.desc,A combination of a space suit and a helmet will provide the 100% suit integrity required for venturing into open space.,,
stat.StomachContents,Stomach Contents,,
stat.StomachContents.desc,The amount of food currently in the stomach.,,
stat.StunChanceBio,Stun Chance (Biological),,
stat.StunChanceBio.desc,A chance to temporarily paralyze a biological being.,,
stat.StunChanceRobo,Stun Chance (Robotic),,
stat.StunChanceRobo.desc,A chance to temporarily paralyze a robotic being.,,
stat.TempMax,Temperature (Max),,
stat.TempMax.desc,Maximum tolerable temperature.,,
stat.TempMin,Temperature (Min),,
stat.TempMin.desc,Minimum tolerable temperature.,,
stat.Toilet,Toilet,,
stat.Toilet.desc,A being will have to use a toilet when this stat becomes low.,,
stat.ToiletRate,Toilet Rate,,
stat.ToiletRate.desc,How quickly will the being want to use a toilet again.,,
stat.WoundHealRate,Wound Heal Rate,,
stat.WoundHealRate.desc,How fast do the wounds heal.,,
storygen.tip,The <b>Story Generator</b> will control the pacing and severity of random events. <b>Balanced</b> is the recommended option.,,
trait.bad_appetite,Bad Appetite,,
trait.bookworm,Bookworm,,
trait.carnivore,Carnivore,,
trait.clumsy,Clumsy,,
trait.curious,Curious,,
trait.pacifist,Pacifist,,
trait.sedentary,Sedentary,,
trait.shy,Shy,,
trait.technophile,Technophile,,
trait.technophobe,Technophobe,,
trait.type.BiologicalFunction,Biological Function,,
trait.type.Civilized,Civilized,,
trait.type.Intellectual,Intellectual,,
trait.type.Mental,Mental,,
trait.type.MotorFunction,Motor Function,,
trait.vegan,Vegan,,
years.abbr,{0}y,,single character abbreviation of years
years.months.abbr,{0}y {1}m,,abbreviated years and months
role.Assassin,Assassin,,
role.Athlete,Athlete,,
role.BelovedPet,Beloved Pet,,
role.Billionaire,Billionaire,,
role.BirdWatcher,Bird Watcher,,
role.Bouncer,Bouncer,,
role.BoyScout,Boy Scout,,
role.Bully,Bully,,
role.BusinessOwner,Business Owner,,
role.Butler,Butler,,
role.CageFighter,Cage Fighter,,
role.CatEntertainer,Cat Entertainer,,
role.ChiefScientist,Chief Scientist,,
role.CircusAnimal,Circus Animal,,
role.Clown,Clown,,
role.CoalMiner,Coal Miner,,
role.CollectingRust,Collecting Rust,,
role.Cuddler,Cuddler,,
role.Cultist,Cultist,,
role.CultLeader,Cult Leader,,
role.Dancer,Dancer,,
role.DrugAddict,Drug Addict,,
role.DrugDealer,Drug Dealer,,
role.Drummer,Drummer,,
role.Engineer,Engineer,,
role.Firefighter,Firefighter,,
role.GameDeveloper,Game Developer,,
role.GirlScout,Girlscout,,
role.Guitarist,Guitarist,,
role.Guru,Guru,,
role.Hippie,Hippie,,
role.Hipster,Hipster,,
role.Homeless,Homeless,,
role.Househusband,Househusband,,
role.Housewife,Housewife,,
role.Janitor,Janitor,,
role.LitterboxTester,Litter Box Tester,,
role.LotteryWinner,Lottery Winner,,
role.MallCop,Mall Cop,,
role.Mercenary,Mercenary,,
role.Millionaire,Millionaire,,
role.Monk,Monk,,
role.MouseHunter,Mouse Hunter,,
role.Nanny,Nanny,,
role.Nurse,Nurse,,
role.OperaSinger,Opera Singer,,
role.OrganSmuggler,Organ Smuggler,,
role.Painter,Painter,,
role.Pet,Pet,,
role.PetBot,Pet Bot,,
role.Pianist,Pianist,,
role.PoliceDog,Police Dog,,
role.Politician,Politician,,
role.President,President,,
role.Purrfectionist,Purrfectionist,,
role.RescueDog,Rescue Dog,,
role.Researcher,Researcher,,
role.RoboButler,Robo-Butler,,
role.SandwichAssembler,Sandwich Assembler,,
role.Scientist,Scientist,,
role.ScoutCampManager,Scout Camp Manager,,
role.SexWorker,Sex Worker,,
role.ShelterAnimal,Shelter Animal,,
role.Shepherd,Shepherd,,
role.Singer,Singer,,
role.Slave,Slave,,
role.SoftwareDeveloper,Software Developer,,
role.Soldier,Soldier,,
role.Stray,Stray,,
role.SuicideBomber,Suicide Bomber,,
role.Teacher,Teacher,,
role.Terrorist,Terrorist,,
role.TestSubject,Test Subject,,
role.Thief,Thief,,
role.Thug,Thug,,
role.Unemployed,Unemployed,,
role.Volunteer,Volunteer,,
role.WebDeveloper,Web Developer,,
role.ZooAnimal,Zoo Animal,,
role.MadScientist,Mad Scientist,,
inflict.wound.log,{0} inflicted a <b>{1} {2}</b> wound on {3}'s <b>{4}</b>,,{0} is attacker name {1} wound severity level {2} is wound damage type {3} is victim name {4} is victims body part name. Example: John inflicted a Critical Piercing wound on Mike's Head
attack.type.blunt,Blunt,,
attack.type.sharp,Slashing,,
attack.type.piercing,Piercing,,
attack.type.energy,Energy,,
noun.jobs,Jobs,,
job.priority,Job Priority: <b>{0}</b>,,{0} is a number
job.level,Skill: <b>{0}</b>,,Must be as short as possible. {0} is a number
adj.incapable,Incapable,,
job.level.progress,Level up progress: {0},,
job.fail.no.worker,Nobody can work on <b>{0}</b> jobs. Check worker job priorities.,,{0} job type name
job.fail.no.skill,Nobody can work on <b>{0}</b> level <b>{1}</b> jobs. Check worker job priorities or train your workers on easier <b>{0}</b> jobs first.,,{0} job type name. {1} leve number
goal.state.available,Available,,
goal.state.pending,Pending,,
goal.state.preassigned,Assigned,,
goal.state.bidding,Bidding,,
goal.state.inprogress,In Progress,,
goal.state.cancelled,Cancelled,,
goal.state.interrupted,Interrupted,,
goal.state.completed,Completed,,
goal.state.error,Error,,
goal.state.errorlooping,Error Loop,,
goal.state.uninitialized,Uninitialized,,
goal.state.failed,Failed,,
job.priority.hint,"Priorities: <b>1</b> = Lowest, <b>5</b> = Highest, <b>0</b> = Forbidden",2024-04-25,
verb.embark,Embark,,
verb.cleaning.up,Cleaning Up,,"For washing yourself in a shower, taking a bath, etc"
scenario.wrecked_empty_ship.tooltip,Rebuild a wrecked spaceship and save your colony. This is the main scenario.,,
noun.abilities,Abilities,,
noun.body.part,Body part,,
noun.source,Source,,As in source of some effect
noun.trait,Trait,,Example trait can be Clumsy or Brave
no.conditions,No conditions,,
no.conditions.tip,"This entity currently has no active conditions. Any wounds, diseases, or other issues would be listed here if present.",,
bodypart.type.Appendage,Appendage,,as in a limb
bodypart.type.Maw,Maw,,alternative of jaw
bodypart.Appendage.LegCrawler,Crawler Leg,,
bodypart.Appendage.LegCrawler.desc,An organic crawler leg.,,
bodypart.Body.BodyCrawler,Crawler Torso,,
bodypart.Body.BodyCrawler.desc,An organic body of a crawler.,,
bodypart.Hand.Manipulator,Manipulator,,
bodypart.Hand.Manipulator.desc,An advanced robotic hand that can perform high precision tasks.,,
bodypart.Maw.MawCrawler,Crawler Maw,,
bodypart.Maw.MawCrawler.desc,An organic crawler maw.,,
obj.equipment.clothing.spacesuit02,Jet Suit,,
obj.equipment.clothing.tracksuit01,Track Suit,,
obj.equipment.clothing.tracksuit02,Track Suit,,
obj.equipment.clothing.uniform02,Uniform,,
obj.equipment.clothing.uniform03,Uniform,,
obj.equipment.hats.crawlerfacehug,Crawler,,
obj.equipment.hats.spacehelmet02,Armored Helmet,,
objects.devices.botdock,Bot Dock,,
overlay.tip.Dev,Developer Mode,,
objects.devices.assemblyhub,Assembly Hub,,
objects.devices.assemblyhub.desc,A facility for installing and removing robotic body parts.,,
objects.devices.botdock.desc,A docking station for any robotic worker. Includes a low energy charger.,,
objects.devices.organstorage,Organ Storage,,
objects.devices.organstorage.desc,A cryo-storage for keeping body parts safe and well preserved.,,
objects.devices.partstorage,Part Storage,,
objects.devices.partstorage.desc,A warehouse for robotic body parts.,,
objects.devices.surgeryhub,Surgery Hub,,
objects.devices.surgeryhub.desc,"A sterile zone for performing invasive medical procedures, amputations, organ transplants, and more.",,
obj.containers.bodypartorganic,Body Part (Organic),,
obj.containers.bodypartorganic.desc,Contains an organic body part.,,
obj.containers.bodypartrobotic,Body Part (Robotic),,
obj.containers.bodypartrobotic.desc,Contains a robotic body part.,,
obj.equipment.clothing.spacesuit01.desc,A regular space suit. Requires a helmet.,,
obj.equipment.clothing.spacesuit02.desc,An advanced space suit equipped with a mini-jet. Requires a helmet.,,
obj.equipment.clothing.tracksuit01.desc,A comfortable casual outfit.,,
obj.equipment.clothing.tracksuit02.desc,A comfortable casual outfit.,,
obj.equipment.clothing.uniform01.desc,A simple uniform outfit.,,
obj.equipment.clothing.uniform02.desc,A simple uniform outfit.,,
obj.equipment.clothing.uniform03.desc,A simple uniform outfit.,,
obj.equipment.hats.crawlerfacehug.desc,This crawler is attached to the colonist's face.,,
obj.equipment.hats.hat01.desc,A fancy hat.,,
obj.equipment.hats.spacehelmet01.desc,An airtight helmet to go with a space suit.,,
obj.equipment.hats.spacehelmet02.desc,An airtight helmet to go with a space suit. Adds extra protection.,,
stat.Fun,Fun,,
stat.Fun.desc,How much fun is this being having.,,
stat.FunDropRate,Fun Drop Rate,,
stat.FunDropRate.desc,How fast the fun goes down.,,
stat.FunIncreaseRate,Fun Increase Rate,,
stat.FunIncreaseRate.desc,How fast the fun goes up.,,
stat.DepressionTendency,Depression Tendency,,
stat.DepressionTendency.desc,How likely can this being get depressed.,,
stat.Sleep,Sleep,,
stat.Sleep.desc,How well rested is the being.,,
stat.HungerSatisfyRate,Hunger Satisfaction Rate,,
stat.HungerSatisfyRate.desc,How fast the being eats.,,
stat.ToiletReliefRate,Toilet Relief Rate,,
stat.ToiletReliefRate.desc,How fast the being uses a toilet.,,
stat.Hygiene,Hygiene,,
stat.Hygiene.desc,How clean does the being feel.,,
stat.HygieneReliefRate,Hygiene Relief Rate,,
stat.HygieneReliefRate.desc,How fast does the being clean up.,,
stat.HygieneRate,Hygiene Rate,,
stat.HygieneRate.desc,How fast does the being get dirty.,,
need.Equipment,Equipment,,
noun.experience,Experience,,as in Job Experience or Life Experience and wisdom
age.phase.childhoood,Childhood,,
age.phase.young.adult,Young Adult,,
age.phase.midlife,Mid Life,,
age.phase.retirement,Retirement,,
verb.loves,Loves,,as in Loves work
job.incapable.of,Incapable of,,as in Incapable of violence
modifier.Difficulty,Difficulty,,
modifier.DisableStoryEvents,Disable Story Events,,
job.type.Mining,Mining,,
job.type.Robotics,Robotics,,
job.type.Task,Task,,
jobs.loves,Someone loves jobs of this type.,,
jobs.nobody.capable,Nobody is capable to perform jobs of this type.,,
noun.conditions,Conditions,,plural of condition. as in health conditions
stat.Temp.desc,Current temperature.,,
select.item,Select Item,,header for a list of items
verb.equip,Equip,,as in Equip an item
direct.order.wrong.faction,This being does not belong to your <b>Faction</b> and will not obey your orders.,,
direct.order.low.ai.alignment,Příliš nízká<b>Důvěra v umělou inteligenci</b>toto stvoření proto nebude poslouchat tvoje pokyny.,,
adjective.available,Available,,
body.configuration,Body Configuration,,
noun.body,Body,,
not.available.short,N/A,,an abbreviated version of Not Available. if your country does not have an abbreviation for this you can use a word 'No'.
direct.order.available,This being will obey your orders.,,
direct.control.tip,Beings under <b>Direct Control</b> are waiting for your orders. Release control to let them make their own decisions.,,
ctrl.assign.attack.target,Click {0} while holding {1} to assign the attack target,,
ctrl.attack.being,Click {0} while holding {1} to attack this being,,
noun.combat.unit,Combat Unit,,
combat.unit.state.unaware,Unaware,,
combat.unit.state.aggressive,Aggressive,,
combat.unit.state.aware,Aware,,
combat.unit.state.fleeing,Fleeing,,
noun.attack.target,Attack Target,,
adjective.personal,Personal,,For personal jobs
adjective.colony,Colony,,For colony jobs
combat.cover.at.none,No cover at {0},,
combat.cover.at,Cover at {0},,
direction.north.short,N,,
direction.south.short,S,,
direction.east.short,E,,
direction.west.short,W,,
direction.north.east.short,NE,,
direction.south.east.short,SE,,
direction.north.west.short,NW,,
direction.south.west.short,SW,,
verb.assign,Assign,,as in assign a room or a bed to someone
assigned.bot,Assigned Bot,,
assignable.bots,Assignable Bots,,
assigned.dock,Assigned Dock,,
assignable.docks,Assignable Bot Docks,,
verb.unassign,Unassign,,
auto.dock,Auto Dock,,label for the setting that tells if the robot will automatically dock
auto.assign,Auto Assign,,label for the setting that tells if the device can be automatically assigned to someone
no.dock,No Dock,,label that tells that this worker has no dock assigned
auto.dock.tip,"If enabled, the bot will automatically try to dock when idle",,
auto.assign.bot.to.dock.tip,"If enabled, any unassigned bot dock can be automatically assigned to this bot",,
auto.assign.dock.to.bot.tip,"If enabled, any bot without a dock can be automatically assigned to this dock",,
research.robotics.assemblyhub,Assembly Hub,,
research.robotics.docking,Docking,,
job.type.Need,Need,,
ability.UseShower,Shower,,
ability.Sleep,Sleep,,
ability.Eat,Eat,,
ability.Mine,Mine,,
ability.Manipulate,Manipulate,,
ability.PetAnimal,Pet Animal,,
ability.CleanDevice,Clean Device,,
ability.CleanFloors,Clean Floor,,
ability.UseToilet,Use Toilet,,
ability.Dance,Dance,,
mental.breakdown.risk,Mental breakdown risk,,
choose.who.awakens,Choose Who Awakens,,
verb.awaken,Awaken,,
select.this.colonist,Select this colonist,,
noun.history,History,,
bed.slot.main,Bed,,
bed.slot.pet,Pet Spot,,
bed.slot.left,Left Side ,,
bed.slot.right,Right Side,,
bed.slot.pod,Pod,,
not.assigned,Not Assigned,,
auto.assign.slot.tip,"If enabled, this slot will automatically be allocated to anyone in need",,
assigned.bed,Assigned Bed,,
adjective.assigned,Assigned,,
available.beds,Available Beds,,
noun.bed,Bed,,
show.only.selected.names,Show only selected being names,,
body.state.injured,Injured,,
body.state.healthy,Healthy,,
severity.irreparable,Irreparable,,
cond.Hypoxia,Hypoxia,,
cond.Hypoxia.desc,"Hypoxia is a condition caused by insufficient oxygen supply to the body's tissues, potentially leading to organ damage or death if untreated.",,
cond.Injured,Injured,,
noun.wound,Wound,,
damage.type,Damage type,,
damage.type.explosive,Explosive,,
damage.type.structural,Structural,,
damage.type.organ,Organ,,
heal.amount,Healed,,will show up as Healed: 10%
bleed.rate,Bleed rate,,
milliliters.per.hour,ml/h,,
blood.amount.bar,Blood amount: {0}/{1} milliliters,,
unit.short.hour,h,,
unit.short.minute,m,,
unit.short.second,s,,
unit.short.milliliter,ml,,
unit.short.day,d,,
attack.method,Attack method,,
stat.category.Colony,Colony,,
stat.category.Equipment,Equipment,,
stat.category.Health,Health,,
stat.category.Mental,Mental,,
stat.category.Ability,Ability,,
stat.category.Need,Need,,
stat.category.Armor,Armor,,
stat.BloodClotRate,Blood Clot Rate,,
stat.category.Weapon,Weapon,,
stat.category.Environment,Environment,,
cond.Injured.desc,"Depending on the number and severity of the wounds, injured beings may need medical treatment. Lighter wounds will heal on their own over time.",,
wound.title,{0} {1} Wound,,{0} is severity {1} is damage type. example: Mild Blunt wound
noun.severity,Severity,,
verb.resting,Resting,,
stat.BloodLossRate,Blood Loss Rate,,
stat.BloodRegenRate,Blood Regeneration Rate,,
body.state.recovering,Recovering,,
healing.injuries,Healing injuries,,
body.state.damaged,Damaged,,injured state for robots
noun.wounds,Wounds,,plural of wound
part.attached.to.part,Attached To,,
part.attached.parts,Attached Parts,,
part.contains.parts,Contains Parts,,
part.is.inside.part,Is Inside,,
part.order.harvest,Harvest Part,,for ordering body part removal
part.perform.surgery,Perform Surgery,,
part.perform.replacement,Perform Part Replacement,,
part.native.parts,Native Parts,,
part.compatible.parts,Compatible Parts,,
part.implant,Implant,,verb
required.device.is.not.available,Required device is not available,,
required.object.is.not.available,Required object is not available,,
part.damage.title,{0} {1} Damage,,{0} is severity {1} is damage type. example: Mild Blunt Damage
part.repair.progress,Repair progress,,
noun.damage,Damage,,
cond.Damaged,Damaged,,condition - damaged
stat.MaintenanceRate,Maintenance Rate,,
need.Health,Health,,
need.Hygiene,Hygiene,,
need.Temperature,Temperature,,
need.Light,Light,,
scenario.cargo_ship,Cargo Ship,,
bodypart.type.Implant,Implant,,
bodypart.Implant.ObeyChip,Čip poslušnosti,,
bodypart.Implant.Rebreather,Rebreather,,
lacking.abilities,Lacking abilities,,
scenario.cargo_ship.tooltip,Start in a fully operational cargo ship with robot-only crew.,,
ability.Craft,Craft,,
ability.Pilot,Pilot,,
ability.Cook,Cook,,
story.cargo_ship.intro,"Greetings, colonist. I am <b>ShipOS</b>, an Artificial Intelligence assigned to maintain this ship. However, the task is too difficult for my programming, and therefore, I decided to upload a human colonist to my neural network. You have been chosen randomly. I am sorry for the inconvenience.",,
part.installed,Installed part,,
part.usable.self,Is usable,,
part.usable.parent,Is attached to usable part,,
part.condition,Condition,,
noun.micrometeoroid,Micrometeoroid,,a tiny rock flying at near light-speed
bodypart.Implant.ObeyChip.desc,An implant that forces the subject to obey the Ship Computer.,,
bodypart.Implant.Rebreather.desc,Produces and injects oxygen directly into the subject's blood.,,
side.l1,L1,,
side.l2,L2,,
side.l3,L3,,
side.l4,L4,,
side.r1,R1,,
side.r2,R2,,
side.r3,R3,,
side.r4,R4,,
ability.IdleHide,Hide,,
ability.FaceHug,Face Hug,,
combat.objective.attack,Attack,,
combat.objective.raid,Raid,,
combat.objective.defend,Defend,,
combat.objectives,Objectives,,
ability.Research,Research,,
cond.CrawlerAttached,Crawler Attached,,
cond.CrawlerInfected,Alien Parasites,,
wound.inflicted.time.ago,Způsobeno {0} před,,{0} is time like 10m 
cond.Hypothermia,Hypothermia,,
menu.ungrouped,Ungrouped,,
menu.ungrouped.desc,Various ungrouped items,,
research.lifesupport.clonecat,Clone Cat,,
research.lifesupport.clonecrawler,Clone Crawler,,
research.lifesupport.clonedog,Clone Dog,,
research.lifesupport.cloneegg,Clone Egg,,
research.lifesupport.clonehuman,Clone Human,,
cond.OnFire,On Fire,,
research.production.spacesuitadvanced,Advanced Space Suit,,
verb.dispose,Dispose,,label on a button that orders disposing of an object or a being
market.trend.long.term.global,Global Long Trend,,
market.trend.short.term.global,Global Short Trend,,
market.trend.short.term,Short Trend,,
market.trend,Trend,,
market.behavior.crash,Crash,,
market.behavior.rise,Rise,,
market.behavior.fall,Fall,,
market.behavior.recession,Recession,,
market.behavior.surge,Surge,,
market.behavior.still,Still,,
market.group.trends,Correlated Group Trends,,
market.group.name.Alloy,Alloy,,
market.group.name.Animal,Animal,,
market.group.name.Battery,Battery,,
market.group.name.Being,Being,,
market.group.name.Building,Building,,
market.group.name.Clothing,Clothing,,
market.group.name.Dye,Dye,,
market.group.name.Electricity,Electricity,,
market.group.name.Electronics,Electronics,,
market.group.name.Food,Food,,
market.group.name.Human,Human,,
market.group.name.Material,Material,,
market.group.name.Mineral,Mineral,,
market.group.name.Oil,Oil,,
market.group.name.Ore,Ore,,
market.group.name.Organic,Organic,,
market.group.name.Pet,Pet,,
market.group.name.Predator,Predator,,
market.group.name.Radioactive,Radioactive,,
market.group.name.Robotics,Robotics,,
market.group.name.SpaceSuit,Space Suit,,
market.group.name.Terraforming,Terraforming,,
market.group.name.Upgrade,Upgrade,,
market.group.name.Waste,Waste,,
market.group.name.Water,Water,,
market.group.name.Weapon,Weapon,,
market.group.name.Worker,Worker,,
research.economy.marketprediction,Stock Market Prediction,,
research.economy.marketprediction.desc,Unlocks information about market forces and trends.,,
noun.body.parts,Body Parts,,plural of body part / organ
space.object.name.SpaceStation,{0} Station,,{0} will be replaced with some name
space.object.SpaceStation,Space Station,,
space.object.info.SpaceStation,These lonely outposts can be found almost anywhere.,,
slog.trade,Trade: {0},,{0} will be merchant details
merchant.inv.refresh.time,Inventory refresh in {0},,{0} is time range like 4 days 12 hours
market.group.name.BlackMarket,Black Market,,
market.group.name.BodyPart,Body Part,,
market.group.name.Energy,Energy,,
market.group.name.Equipment,Equipment,,
market.group.name.Flora,Flora,,
obj.materials.siliconwafer,Silicon Wafer,,
obj.materials.siliconwafer.desc,A thin slice of silicon used for the fabrication of integrated circuits.,,
sort.group,By Group,,
obj.materials.stemcells,Stem Cells,,
obj.materials.stemcells.desc,"Basic cells capable of transforming into various other types of cells, useful for medical and genetic engineering purposes.",,
owned.count,Owned,,Will be used in conjuction with a number of owned items in UI
market.group.name.Entertainment,Entertainment,,
market.group.name.Software,Software,,
noun.attack.methods,Attack Methods,,Plural of Attack Method
attack.method.Bump,Bump,,
attack.method.Jab,Jab,,
attack.method.Punch,Punch,,
attack.method.Cut,Cut,,
attack.method.Scratch,Scratch,,
attack.method.Bite,Bite,,
attack.method.ButtStrike,Butt Strike,,
attack.method.Shoot,Shoot,,
combat.goal.follow.leader,Follow The Leader,,
combat.goal.attack.cpu,Attack Ship Computer,,
combat.goal.find.cover,Find Cover,,
combat.goal.find.best.pos,Find Best Position,,
combat.goal.hold.pos,Hold Position,,
verb.searching.for,Searching for: {0},,{0} is the name of the object
noun.table,Table,,
noun.surgery,Surgery,,
verb.going.to,Going to: {0},,{0} is some noun like Surgery
noun.combat.armies,Armies,,plural of army
combat.unit,Combat Unit,,a technical term for a soldier
noun.combat.objective,Objective,,as in combat mission
colony.tasks,Colony Tasks,,
noun.time,Time,,
objects.furniture.weaponslocker,Weapons Locker,,
objects.furniture.weaponslocker.desc,A secure cabinet for keeping weapons and explosives.,,
water.type,Water,,"For refillable devices that use water (planters, showers)"
obj.materials.goldwire,Gold Wire,,
obj.materials.goldingot,Gold Ingot,,
obj.materials.platinumingot,Platinum Ingot,,
obj.materials.silveringot,Silver Ingot,,
obj.materials.gold,Gold,,
obj.materials.platinum,Platinum,,
obj.materials.silver,Silver,,
obj.materials.goldwire.desc,Thin wire used in production of advanced electronics.,,
obj.materials.goldingot.desc,An ingot made of pure gold.,,
obj.materials.platinumingot.desc,An ingot made of pure platinum.,,
obj.materials.silveringot.desc,An ingot made of pure silver.,,
obj.materials.gold.desc,A soft yellow metal ore.,,
obj.materials.platinum.desc,A precious silverish white metal ore.,,
obj.materials.silver.desc,A shiny reflective metal ore.,,
obj.materials.microchip2,Improved Microchip,,
obj.materials.microchip3,Advanced Microchip,,
obj.materials.microchip2.desc,An improved version of the regular microchip. ,,
obj.materials.microchip3.desc,An high-end version of the regular microchip used in highly sophisticated equipment.,,
research.production.metalpurification,Metal Purification,,
obj.materials.ice,Ice,,
obj.materials.ice.desc,Frozen water.,,
currency.mine.mem.tip,Current Memory: {0}. Required memory per GPU: {1}. Effective GPU Count: {2},,
copy.config.oxygen.pump,Oxygen Pump,,
situation.TimesOnFire,Times On Fire,,
modifier.StoryPace,Story Pace: {0},,
modifier.StoryPace.desc,Adjusts the frequency of story events.,,
modifier.WakeUpRate,Stasis Wake Up Rate: {0},,
modifier.WakeUpRate.desc,Adjusts the frequency of Stasis Array wake-ups.,,
food.nutrition.amt,Nutrition Amount,,
food.nutrition.amt.tip,A regular portion for a human is about 100.,,
cond.Starvation,Starvation,,
stat.StomachCapacity,Stomach Capacity,,
stat.IntestinesCapacity,Intestines Capacity,,
cond.Depression,Depression,,
situation.NumCombats,Combat Encounters,,
situation.OngoingBuildTasks,Ongoing Build Tasks,,
attack.method.BodySlam,Body Slam,,
attack.method.Stab,Stab,,
beings.pig01,Pig,,
beings.pig01.desc,A domestic pig.,,
bodypart.Arm.LegFrontPig,Pig Leg (Front),,
bodypart.Body.BodyPig,Pig Torso,,
bodypart.Brain.BrainPig,Pig Brain,,
bodypart.Ear.EarPig,Pig Ear,,
bodypart.Eye.EyePig,Pig Eye,,
bodypart.Foot.TrotterRearPig,Pig Trotter (Rear),,
bodypart.Hand.TrotterFrontPig,Pig Trotter (Front),,
bodypart.Head.HeadPig,Pig Head,,
bodypart.Hip.HipPig,Pig Hip,,
bodypart.Jaw.JawPig,Pig Jaw,,
bodypart.Leg.LegRearPig,Pig Leg (Rear),,
bodypart.Shoulder.ShoulderPig,Pig Shoulder,,
bodypart.Tail.TailPig,Pig Tail,,
role.FarmAnimal,Farm Animal,,
bodypart.Arm.LegFrontPig.desc,An organic pig leg.,,
bodypart.Body.BodyPig.desc,An organic pig body.,,
bodypart.Brain.BrainPig.desc,An organic brain of a pig.,,
bodypart.Ear.EarPig.desc,An organic pig ear.,,
bodypart.Eye.EyePig.desc,An organic pig eye.,,
bodypart.Foot.TrotterRearPig.desc,An organic pig trotter.,,
bodypart.Hand.TrotterFrontPig.desc,An organic pig trotter.,,
bodypart.Head.HeadPig.desc,An organic head of a pig.,,
bodypart.Hip.HipPig.desc,An organic pig hip.,,
bodypart.Jaw.JawPig.desc,An organic pig jaw.,,
bodypart.Leg.LegRearPig.desc,An organic pig leg.,,
bodypart.Shoulder.ShoulderPig.desc,An organic pig shoulder.,,
bodypart.Tail.TailPig.desc,An organic pig tail.,,
copy.config.shower,Shower,,
research.lifesupport.clonepig,Clone Pig,,
objects.cosmetics.rubberduck,Rubber Duck,,
objects.cosmetics.rubberduck.desc,A large inflatable rubber duck.,,
objects.cosmetics.sculpturerocketwood,Wooden Rocket Sculpture,,
objects.cosmetics.sculpturerocketwood.desc,A wooden sculpture of an old school rocket.,,
objects.devices.karaokemachine,Karaoke Machine,,
objects.devices.karaokemachine.desc,A device that many people hate.,,
species.Pig,Pig,,
verb.admiring,Admiring,,Used when someone is looking at something interesting or pretty
act.admiring.object,Admiring {0},,{0} will be replaced by an object or being name. present tense
act.admired.object,Admired {0},,{0} will be replaced by an object or being name. past tense
verb.admiring.view,Enjoying the view,,
verb.admired.view,Enjoyed the view,,
verb.butcher,Butcher,,for killing a being for meat
saw.dead.body,Saw a dead body,,negative mood effect name for seeing a dead body
trait.psychopath,Psychopath,,
trait.psychopath.about,Psychopaths are thrilled when they see dead bodies.,,
role.Doctor,Doctor,,
market.group.name.RareUpgrade,Rare Upgrade,,
trait.paranoid,Paranoid,,
trait.paranoid.about,"Always prepared for an attack, paranoid individuals will take cover even in peaceful situations.",,
stat.Light,Light,,will show a percentage of how well lit is the environment
env.wel.lit,Plenty of light,,
env.too.dark,Too dark,,
tut.basic.controls.step.overlay.light,Light is required to maintain clear sight and sanity for most biological beings.,,
modifier.NoResearchTiers,Disable Research Tiers,,
modifier.NoResearchTiers.desc,Removes the Research Tree Tier restrictions.,,
objects.devices.suicidebooth,Exit Booth,,
objects.devices.suicidebooth.desc,The last device a colonist would want to use. Earns you $25 on each visit.,,
act.use.suicide.booth,Using the Exit Booth,,
suicide.booth.warn,{0} used the Exit Booth,,
ability.RideBot,Ride a bot,,
ability.Work,Work,,
overlay.tip.Health,Health,,
cond.Hyperthermia,Hyperthermia,,
ability.Chew,Chew,,
adj.stuck,Stuck,,Warning label when someone gets stuck
evt.cleaning.incident,Cleaning Incident,,
evt.cleaning.incident.desc,<b>{0}</b> had an incident while cleaning a <b>{1}</b>,,0 is name of the worker 1 is name of the device (usually Toilet)
obj.equipment.weapons.handgun01,Handgun,,
research.security.firearms,Firearms,,
obj.equipment.weapons.handgun01.desc,A simple yet effective mid-range weapon.,,
obj.equipment.weapons.knife01,Knife,,
research.security.weaponsbasic,Basic Weapons,,
obj.equipment.weapons.knife01.desc,A versatile survival knife with a sturdy blade and ergonomic handle.,,
objects.devices.icemaker,Ice Maker,,
objects.devices.icemaker.desc,Turns water into ice.,,
verb.freeze,Freeze,,for making ice
noun.input,Input,,generic label for a button that selects some object to be used as input
noun.output,Output,,generic label for a button that selects some object to be used as output
noun.progress,Progress,,for progress bars in ui
mind.transfer,Mind Transfer,,for a button that allows to copy a mind from one brain to another
state.loaded,Loaded,,a label in UI to show that an object is loaded into the device
state.waiting,Waiting,,a label for an object that is waiting for processing or delivery
noun.slots,Slots,,A slot is a space for some object or being
tut.basic.controls.step.overlay.health,This overlay displays injured beings and allows ordering body part replacement procedures.,,
btn.join.our.community,Join Our Community,,
btn.join.discord,Join us on Discord,,
warn.input.will.be.destroyed,Warning! Input will be destroyed.,,
objects.devices.replicator,Replicator,,
objects.devices.replicator.desc,Enables mind transfers between biological brains and robotic cores.,,
noun.mental.breakdown,Mental Breakdown,,
adjective.new,New,,"For marking something as new. Could be a device, task, etc."
adjective.boosted,Boosted,,A label saying that some value or stat is temporarily increased
high.precision.ai,High Precision AI,,
high.precision.ai.tip,"When enabled, AI will run additional estimates to avoid assigning undoable tasks to workers. Disabling this option may increase performance with large number of workers.",,
focus.camera.on.events,Focus camera on important events,,
storing.allowed,Storing Allowed,,label that shows that hauling to storage is allowed for an object
storing.forbidden,Storing Forbidden,,label that shows that hauling to storage is forbidden for an object
verb.allow,Allow,,for allowing some action
verb.forbid,Forbid,,for forbidding some action
noun.quality,Quality,,
ability.AnimalEat,Feed,,synonym for eat in context of an animal eating on its own
research.relocation.advanced,Advanced Relocation,,
research.relocation.advanced.desc,"Enables the relocation of advanced devices, such as the <b>Ship Computer</b> and the <b>Stasis Array</b>.",,
research.required,Research required: {0},,shown in a tooltip when something is not allowed because it requires unlocking some research first. {0} is the research name.
noun.beverage,Beverage,,a drink like coffee or tea
verb.drink,Drink,,
combat.reaction,Combat Reaction,,
verb.ignore,Ignore,,
verb.fight,Fight,,
verb.flee,Flee,,
noun.free.will,Free Will,,
objects.devices.mechuary,Mechuary,,
objects.devices.morgue,Morgue,,
objects.devices.mechuary.desc,A storage for unused or damaged robots.,,
objects.devices.morgue.desc,A place to keep dead bodies.,,
noun.being.storage,Being Storage,,
verb.store.being,Store Being,,
verb.send.to,Send to {0},,"{0} is device name. it creates an order to send a being into a device. device types could be Morgue, Mechuary, Stasis Array, etc."
full.details,Full Details,,
noun.faction,Faction,,
breakdown.cleaning.spree,Breakdown: Cleaning Spree,,
breakdown.cleaning.spree.desc,{0} is sick of all the dirt and won't stop cleaning floors,,
object.in.storage,In Storage,,a label for something like a weapon in a weapons locker or a human in a morgue
sleep.disturbed.by.noise,Sleep disturbed by noise,,
mood.effect.happy.to.be.alive,Happy to be alive,,
pref.auto.pause.danger,Auto-pause when in danger,,
select.all,Select All,,for selecting a group of beings or objects of same type
item.state.equipped,Equipped,,
noun.owner,Owner,,owner of an object or an item
order.go.to,Go to,,
verb.deselect,Deselect,,for unselecting selected beings or objects
object.selected,Selected: {0},,{0} could be either count or a name of item or being
verb.reassign,Reassign,,For assigning a task to a different worker
adj.busy,Busy,,When worker is busy doing something else
cannot.interrupt,Cannot interrupt,,When worker is doing a non-interruptable task and we try to interrupt it
group.other,Other,,Label for a group of objects or beings that don't fit any specific group
adj.controllable,Controllable,,label for list of beings the player can control
adj.not.controllable,Not Controllable,,label for list of beings the player cannot control
body.state.unhealthy,Unhealthy,,for body that could have missing or destroyed body parts. will show crutch icon next to this status
no.direct.control.short,Can't Control,,A short label for action that cannot be performed due to the worker being uncontrollable by the player
modifier.CustomNames,Custom Names,,
modifier.CustomNames.desc,Custom names of friends you can encounter in game.,,
modifier.CustomNames.tip,"List custom names here, one name per line",,
twitch.error.previous.test.running,Previous connection test is still running. Please wait a little before trying again.,,
twitch.error.could.not.connect,Could not connect to Twitch chat via web socket. Possibly a network or firewall issue.,,
menu.settings.twitch,Twitch Integration,,IMPORTANT! Never translate word Twitch - it is a video streaming service name (https://twitch.tv)
twitch.active,Enable Twitch integration,,
twitch.bot.name,Twitch Bot Name,,
twitch.bot.name.missing,"Twitch bot name is missing. If you haven't created a separate bot user, it should be your own username.",,
twitch.bot.name.placeholder,Your bot name,,
twitch.bot.oauth,Twitch Bot OAuth,,
twitch.bot.oauth.generate,Open Generator,,
twitch.bot.oauth.generate.message,Click the {0} button to open {1} in your web browser.,,{0} is button label {1} is url
twitch.bot.oauth.generate.title,Generate Bot OAuth Token,,
twitch.bot.oauth.missing,Twitch bot oauth is missing. Visit {0} to generate OAuth token for your bot user.,,
twitch.channel,Twitch Channel,,
twitch.same.as.channel,Same as Channel,,
twitch.channel.name.missing,Twitch channel name is missing. It should most likely be set to your Twitch username.,,
twitch.channel.placeholder,Your channel name,,
twitch.error,Twitch Error,,Don't translate word Twitch
twitch.integration.disabled,Twitch integration is disabled. Click the {0} checkbox to fix this.,,{0} will be the label of the checkbox
twitch.settings,Twitch Settings,,Don't translate word Twitch
twitch.settings.invalid,Invalid Settings,,
twitch.test.message.sent,"Test message sent to your channel. If you don't see it, configuration may be incorrect.",,
twitch.active.toggle.tip,"If this is off, Twitch integration will be completely disabled, and all other options ignored.",,
twitch.channel.name.tip,Usually the same as your Twitch username,,
twitch.bot.name.tip,"Can be the same as your Twitch username, but it is highly recommended to create a separate ""bot"" account to isolate various potential security issues.",,
twitch.oauth.gen.tip,Will open a website that will help you generate an OAuth token for your bot. You can then paste the generated token back to this form.,,
twitch.test.cfg.tip,The bot will send a test message to your channel.,,
twitch.delete.data,Delete Viewer Data,,
twitch.delete.data.warn,This will delete the data for {0} viewers in {1} games. Are you sure?,,{0} and {1} are numbers (counts)
overlay.tip.Twitch,Twitch Integration is enabled.,,
major.update.old.branch,"Stardeus was updated to <b>{0}</b>. Save files from older versions may not be compatible anymore. If you would like to finish playing your game from previous version, switch to <b>{1}</b> branch in Steam Betas:<br><br> 1. Right-click <b>Stardeus</b> in Steam Library<br> 2. Select <b>Properties</b><br> 3. Select <b>Betas</b><br> 4. Select <b>{1}</b> in <b>Beta Participation</b> dropdown<br>",,
adj.forced,Forced,,Label for forcefully assigned tasks
adj.temporary,Temporary,,Example use - label for a sofa as a sleeping place
hold.modifiers.bulk.change,Hold {0} to adjust the amount in larger chunks,,"{0} will be replaced with something like Ctrl, Shift, Alt"
another.task.in.progress,Another task is already in progress: {0},,{0} is order description
verb.euthanize,Euthanize,,
being.group.worker,Worker,,Short name for top right group rectangle widget. Keep it under 9 characters or less or it will wrap and look ugly
being.group.colonist,Colonist,,Short name for top right group rectangle widget. Keep it under 9 characters or less or it will wrap and look ugly
being.group.animal,Animal,,Short name for top right group rectangle widget. Keep it under 9 characters or less or it will wrap and look ugly
being.group.enemy,Enemy,,Short name for top right group rectangle widget. Keep it under 9 characters or less or it will wrap and look ugly
being.group.other,Other,,Short name for top right group rectangle widget. Keep it under 9 characters or less or it will wrap and look ugly
combat.ended,Combat ended,,
connector.ship.cpu.tip,Connector has to be connected to the {0} first!,,{0} will be replaced with translation of Ship Computer
unidentified.object.appeared,An unidentified object has appeared somewhere on the ship,,
cond.CrawlerInfected.desc,This being has alien parasites in their Stomach and Intestines. Removing or replacing these body parts would remove the threat.,,
act.panic.desc,{0} is panicking!,,{0} is the name of being
tut.basic.controls.step.overlay.jobmatrix,The Jobs overlay is a matrix view for assigning and reassigning workers to various tasks.,,
input.OpenJobs,Shortcut: Open Jobs,,
provides.abilities,Provides Abilities,,
adds.needs,Adds Needs,,
provides.stats,Provides Stats,,
modifies.stats,Modifies Stats,,
path.optimize.teleporters,Optimize Pathfinding for Teleporters,,
path.optimize.teleporters.tip,<b>Pathfinding is much slower when it is optimized to use Teleporters.</b> Disable this setting if you have performance issues with a large colony.,,
obj.materials.pumpkin,Pumpkin,,
obj.meals.pumpkinsoup,Pumpkin Soup,,
research.habitation.halloweendecorations,Halloween Decorations,,
obj.plants.pumpkin,Pumpkin,,
objects.cosmetics.pumpkinhead01,Jack-o'-lantern,,
obj.meals.pumpkinsoup.desc,"A creamy, warm blend of pumpkin, spices, and broth.",,
objects.cosmetics.pumpkinhead01.desc,A carved lantern made from a pumpkin.,,
obj.plants.pumpkin.desc,"A sprawling vine that produces large, orange gourds.",,
obj.materials.pumpkin.desc,"A large, round, orange fruit with a thick rind and edible flesh.",,
objects.cosmetics.skull01,Decorative Skull,,
objects.cosmetics.skull01.desc,A realistic replica of a human skull used for spooky decor.,,
objects.cosmetics.ghoststatue,Ghost Statue,,
objects.cosmetics.ghoststatue.desc,A haunting statue of a ghost.,,
objects.cosmetics.coffin01,Decorative Coffin,,
objects.cosmetics.coffin01.desc,"A decorative coffin, meant for display only.",,
uncomfortable.sleep,Uncomfortable Sleep,,
objects.cosmetics.tombstone01,Tombstone,,
objects.cosmetics.tombstone01.desc,A decorative tombstone.,,
randomize.starting.sector,Randomize Start,,label for button that select a random starting sector in the starmap
randomize.starting.sector.tip,Select a random starting sector.,,
space.object.Sector,Sector,,
space.object.Region,Region,,
noun.map.view,Map View,,label for buttons that can switch the map view mode
noun.hyperjump,Hyperjump,,label for hyperjump details
exit.hyperspace,Exit Hyperspace,,
noun.hyperspace,Hyperspace,,
enter.hyperspace,Enter Hyperspace,,
verb.hyperjump,Hyperjump,,action verb on a button that executes a hyperjump
unable.to.hyperjump,Unable to Hyperjump.,,
hyperjump.tip.expedition,Recall ongoing <b>Shuttle Expeditions</b> first.,,
hyperjump.tip.copter,Wait for <b>Copters</b> to complete their missions first.,,
noun.custom.location,Custom Location,,
noun.current.destination,Current Destination,,
enter.region,Enter Region,,
enter.sector,Enter Sector,,
obj.materials.phasium,Phasium,,
obj.materials.phasium.desc,"A rare, semi-metallic crystal that emits a pulsating purple glow, blending solid strength with ethereal energy.",,
market.group.name.Hyperfuel,Hyperfuel,,
obj.materials.fusioncell,Fusion Cell,,
obj.materials.fusioncell.desc,"A compact power unit made of Phasium, harnessing its pulsating energy to fuel hyperjumps.",,
noun.hyperdrive,Hyperdrive,,
hyperspace.missing.engine,Hyperspace-capable engine is not available.,,
hyperspace.not.charged,Hyperspace-capable engine is not charged.,,
noun.hyperjump.charge,Hyperjump Charge,,Label for hyperdrive engine readiness percentage
hyperjumps.available,Available Jumps,,Label for the number of available hyperjumps
quest.step.use.hyperjump.relay,Use Hyperjump Relay,,
quest.step.use.hyperjump.relay.tip,"Click the <b>{0}</b> in the Starmap, then select <b>{1}</b>.",,{0} is Hyperjump Relay name {1} is the menu option name you have to select to use it
space.object.HyperjumpRelay,Hyperjump Relay,,
space.object.info.HyperjumpRelay,"A massive space structure that generates a powerful energy field, allowing ships with insufficient engines to perform long-range hyperjumps.",,
,,,
quest.ProvideRepairStation,Provide Repair Station,,
quest.ProvideRepairStation.desc,Damaged workers can get repaired in a <b>Repair Station</b>. It would be wise to have one available.,,
quest.StartAnExpedition,Start an Expedition,,
quest.StartAnExpedition.desc,There are some ore deposits nearby. Use a <b>Shuttle</b> to launch an <b>Expedition</b>.,,
quest.PerformHyperjump,Perform a Hyperspace Jump,,
quest.PerformHyperjump.desc,We can't stay in this sector forever. Perform a short range <b>Hyperjump</b> to explore the current space region.,,
quest.PerformHyperjump.fusiondrive.tip,Performing a short range <b>Hyperjump</b> requires a <b>Fusion Drive</b> fueled by <b>Fusion Cell</b>.,,
quest.TradeWithSpaceStation,Trade with a Space Station,,
quest.TradeWithSpaceStation.desc,Trade is essential for acquiring needed materials and resources. Find a <b>Space Station</b> and execute a trade.,,
quest.VisitAnotherRegion,Visit Another Space Region,,
quest.VisitAnotherRegion.desc,It's time to explore the rest of the Universe. Find a <b>Hyperjump Relay</b> and perform a long range <b>Hyperjump</b>.,,
quest.step.execute.trade.tip,"Open <b>Starmap</b>, then click the <b>Space Station</b>, select the <b>Trade</b> option and exchange some goods.",,
obj.materials.aerolith,Aerolith,,
obj.materials.terranite,Terranite,,
obj.materials.edenium,Edenium,,
obj.materials.hydronium,Hydronium,,
obj.materials.aerolith.desc,A rare mineral that generates breathable atmosphere by catalyzing gas reactions.,,
obj.materials.terranite.desc,An rare amber-like crystal that reshapes the terrain around itself by manipulating geological forces.,,
obj.materials.edenium.desc,"A rare sparkling crystal that releases concentrated nutrients, dramatically accelerating plant growth when applied to soil.",,
obj.materials.hydronium.desc,"A rare mineral that catalyzes the conversion of oxygen into water, facilitating the synthesis of H₂O from atmospheric oxygen.",,
scenario.NoRobots,No Robots,,
scenario.NoRobots.tooltip,Operate a small ship with human-only crew. A difficult start recommended for experienced players.,,
objects.devices.storage,Storage Unit ({0}),2024-09-18,
space.effect.star,Warning: Star Nearby,,
space.effect.star.desc,"We are near a <b>Star</b>. Solar panel output is increased by <b>{0}</b>, but the ship will be accumulating heat (~<b>{1}</b> per hour).",,{0} is percentage; {1} is degrees celsius or farenheit
obj.plants.artilleryfungus,Artillery Fungus,,
obj.plants.artilleryfungus.desc,"A spore-launching organism that rapidly propels its sticky spores toward any nearby surface, mimicking a bio-weapon capable of covering entire areas over time.",,
space.effect.alien.lifeform,Warning: Life Form Detected,,
space.effect.alien.lifeform.desc,Sensors have detected the presence of an alien lifeform in this sector. Caution is advised.,,
,,,
research.economy.onlineshop,Online Shop,,
online.shop.unlocked,<b>{0}</b> is now available. You can now order items to be delivered to your ship at a premium cost.,,{0} is Online Shop
adj.available,Available,,
create.shop.order,Create Shop Order,,
capsule.delivery,Capsule Delivery,,
capsule.delivery.tip,The goods will be delivered to your ship in a <b>{0}</b>.,,{0} is Storage Capsule translation
exit.hyperspace.first,This action is not allowed during a Hyperjump. Exit Hyperspace first.,,
shop.orders.pending.delivery,Pending Delivery,,
shop.orders.delivered,Delivered,,plural
shop.orders.delivery.failed,Delivery Failed,,
shop.order.wrong.location.tip,You have left the delivery location. Return to the original location or the order delivery will fail!,,
shop.order.wrong.location,Wrong location!,,
shop.order.delivered,Delivered,,singular
shop.order.lost,Lost,,
shop.order.estimated.delivery,Estimated delivery in: {0},,{0} is time
noun.price,Price,,
difficult.start.region.warning,Warning. The selected space region is difficult and may not have easy access to resources required for early game. Are you sure you want to start here?,,
quest.ProvideEntertainment,Provide Entertainment,,
quest.ProvideEntertainment.desc,Human colonists need entertainment to maintain their mental health. Let's provide some facilities for that.,,
story.wreck_empty_ship.intro.6,We can use this <b>Shuttle</b> for mining expeditions. It would allow us to establish a resource-processing pipeline and produce essential materials for rebuilding our ship.,2024-10-04,
noun.multiple.items,{0} items,,{0} will be a number above 1
craft.order.new,New Order,,label for a button that creates a new order for a device to produce something
craft.order.settings,Order Settings,,label for crafting order settings
explosion.at,Explosion at {0},,{0} is position coordinate
tut.prod.online.shop,You can also order some raw materials at the <b>Online Shop</b> in the <b>Wallet</b> overlay.,,
space.object.info.Asteroid,A lifeless asteroid floating in space.,,
quest.available,Quest Available,,
quest.click.to.accept,Click to accept this quest,,
noun.strength,Strength,,
available.quests,Available Quests,,
research.required.generic,<b>{0}</b> research is required to enable this functionality,,{0} is research node name. for example Stock Market
cryostability.unstable.warning,This Stasis Array is dangerously unstable. Colonists will wake up with severe physical and mental damage. <b>Connect this Stasis Array to electricity ASAP.</b>,,
quest.MakeStasisAreaSurvivable,Make Stasis Area Survivable,,
quest.MakeStasisAreaSurvivable.desc,Colonists will require oxygen and warmth to survive after waking up from stasis. We must oxygenate and heat the rooms where the Stasis Arrays are located.,,
quest.step.heat.area,Warm up area with {0},,{0} is device name
quest.step.heat.area.tip,Consult the Temperature overlay to monitor the temperature increase around {0}. Build more Heaters if necessary. This step will be completed when the average room temperature reaches {1}.,,{0} is device name {1} is temperature value
quest.step.oxygenate.area,Oxygenate area with {0},,{0} is device name
quest.step.oxygenate.area.tip,Consult the Oxygen overlay to monitor the increase in oxygen levels around {0}. Build more Oxygen Pumps if necessary. This step will be completed when the average oxygen level in the room reaches {1}.,,{0} is device name {1} is oxygen value
quest.step.dispose.corpses,Dispose of infected bodies,2024-12-12,
quest.step.dispose.corpses.tip,"Find dead bodies with the <b>{0}</b> condition, then use the <b>{1}</b> action in the UI to order their disposal.<br><br>This step will be completed when all infected dead bodies are disposed of.",2024-12-12,{0} will be Alien Parasites translation; {1} will be button name saying Dispose
quest.DisposeOfDeadBodies,Dispose of Infected Bodies,2024-12-12,
quest.DisposeOfDeadBodies.desc,Some of the fallen colonists are infected with <b>Alien Parasites</b>. Their bodies should be disposed of immediately. You can check if a dead colonist is infected by examining their <b>Conditions</b> in the UI.,,
scan.hyperspace.warning,Scanning is not available in Hyperspace.,,
space.object.info.Region,A large group of adjacent Sectors.,,
space.object.AsteroidZone,Asteroid Field,,
space.object.info.AsteroidZone,"A region of drifting rocks and debris, scattered with resources for mining.",,
space.object.info.Sector,Unexplored space sector,,
quest.BuildRadar,Build a Radar,,
quest.BuildRadar.desc,<b>Radar</b> scans adjacent space sectors and can search for specific resource deposits. It's highly recommended to have one.,,
space.object.info.SpaceEvent,This space sector might hold something of interest. Visit to discover what awaits.,,
objects.devices.tradeportal,Trade Portal,,
objects.devices.tradeportal.desc,A matter-transfer device designed for trading with ships and space stations.,,
trade.portal.not.available,Trade Portal is not available,,
trade.portal.required,Trade Portal is required for this trade,,
no.trade.portal,No Trade Portal,,
trade.portal.ready,Trade Portal Ready,,
space.object.TradeZone,Trade Zone,,
space.object.info.TradeZone,A cluster of Space Stations interested in exchanging goods.,,
noun.hyperjump.short,Short-range Hyperjump,,
noun.hyperjump.long,Long-range Hyperjump,,
goal.EnsureShipCPUVentilation.desc,"The <b>Ship Computer</b> produces heat. You can replace sections of the floor with <b>Frames</b> that have ventilation holes, or build additional <b>Heat Sinks</b>.",2024-10-16,
quest.EstablishProduction,Establish Production,,
quest.EstablishProduction.desc,"We will eventually run out of materials; therefore, we must establish ways to produce them.",,
quest.EstablishSmelting,Establish Smelting,,
quest.EstablishSmelting.desc,The ores we mine during expeditions must be smelted into plates and ingots. Let’s set up this process.,,
placement.tip.ports,The work spot and input/output ports must remain unobstructed.,,
goal.GetMoreResource.desc,We're running low on <b>{0}</b>. Use the <b>Codex</b> to identify the ingredients and produce more. Some materials can be acquired through mining expeditions or purchased from the <b>Online Shop</b> or at <b>Space Stations</b>.,2024-10-17,
click.to.enlarge,Click to enlarge,,
evt.cooking.incident,Cooking Accident,,
evt.cooking.incident.desc,{0} had an accident while cooking {1} at {2}.,,{0} is being name; {1} is meal name; {2} is cooking station 
fight.ongoing,Fight!,,
fight.lost,lost the fight against {0},,{0} is the opponent name
fight.between,{0} has started a fight with {1},,{0} and {1} are names
fight.with,Fight with {0},,{0} is the opponent name
evt.device.malfunction,Device malfunction: {0},,{0} is the device name
evt.device.malfunction.desc,{0} experienced a critical malfunction. A fuse upgrade would have reduced the severity of the side effects.,,{0} is the device name
evt.blown.fuse,{0} has blown a fuse,,
evt.blown.fuse.desc,Significant device damage was avoided due to the installed fuse. Replace the fuse if possible.,,
obj.upgrades.fuseupgrade,Fuse,,
obj.upgrades.fuseupgrade.desc,A consumable fuse that prevents side effects from device malfunctions.,,
blown.fuse,Blown Fuse,,
verb.hacked,Hacked,,
evt.hacked,{0} is being hacked!,,{0} will be a robot or device name
cond.Hacked.desc,"This robot is currently being hacked. Once the process is complete, it may turn hostile.",,
cond.Hacked,Being Hacked,,as in 'hacking in progress' or 'currently being hacked'
noun.cause,Cause,,as in 'cause of death'
disease.immunity,{0} Immunity,,{0} is the disease name
alien.bacteria.detected,Alien Bacteria Detected,,
noun.developing.conditions,Developing Conditions,,"Conditions that have not yet developed, but are in progress"
status.strong,Strong,,Example: strong immunity
status.full,Full,,Example: full immunity
status.permanent,Permanent,,Example: permanent immunity
status.innate,Innate,,Example: innate immunity
active.conditions,Active Conditions,,
telescope.found.planet,"The telescope has detected a potentially habitable planet in {0} Region, {1} Sector. We should set our course there when possible.<br><br>Terraforming may be necessary to make the planet safe for human colonists. I suggest prioritizing research on Terraforming technology.",2024-10-29,
must.open.first,Must open first,,For requiring to open a storage capsule before performing another action
cond.Preoccupied,Preoccupied,,
cond.Preoccupied.desc,This being is preoccupied with something important and will temporarily ignore your orders.,,
space.object.Space,Empty Space,,
region.no.hyperjump.relay,"This region does not have a <b>{0}</b>. To reach it, you need an engine that enables long-range hyperjumps (<b>{1}</b>).",,
space.object.info.Space,This sector looks empty.,,
stat.ImmunityGainRate,Immunity Gain Rate,,
stat.ImmunityLossRate,Immunity Loss Rate,,
enter.hyperspace.first,Enter Hyperspace first!,,warning for trying to move in hyperspace while not in it
hyperdrive.not.running,Hyperdrive is not running.,,
hyperdrives.running,Hyperdrives Running,,label next to number of hyperdrives that are currently running (working)
hyperdrives.charge.hyperspace.tip,Hyperdrives can only recharge outside of Hyperspace.,,
hyperdrives.not.running.tip,"Once you enter Hyperspace, at least one hyperdrive must start running before you can perform a jump.",,
region.name,{0} Region,,{0} is some name
sector.name,{0} Sector,,{0} is some name
sleep.deprivation,Sleep deprivation,,
developing.condition,Developing {0} ({1}),,"{0} is the condition name, {1} is percentage. example: Developing depression (23%)"
cond.Depression.desc,Depression develops when the Fun need isn't satisfied for extended periods. Build entertainment facilities and add decorations to prevent this.,,
effect.magnetic.storm,Magnetic Storm,,
effect.magnetic.storm.desc,This sector has a permanent magnetic storm. Some electrical devices will experience intermittent issues.,,
ev.magnetic.storm.desc,There is an ongoing magnetic storm. Some electrical devices will experience intermittent issues.,,
effect.dust.storm.desc,This sector has a permanent Dust Storm. Solar panel output will be reduced.,,
obj.materials.fusioncellheavy,Heavy Fusion Cell,,
obj.materials.fusioncellheavy.desc,"A high-power version of the Fusion Cell, suitable for long-range hyperjumps.",,
preparing.for.hyperjump,Preparing for Hyperjump,,
entered.hyperspace,Entered Hyperspace,,
left.hyperspace,Left Hyperspace,,as in exited hyperspace
enter.hyperspace.failed,Can't Enter Hyperspace,,
tut.spacetravel.name,Space Travel,,
tut.spacetravel.desc,Learn to fly your ship and use the Starmap.,,
tut.spacetravel.intro,This tutorial explains the basics of space travel and introduces the Starmap.,,
tut.spacetravel.step1.title,Engine Types,,
tut.spacetravel.step1_1,Your ship requires <b>Bridge Controls</b> to fly. Different types of <b>Engines</b> are also needed for various modes of space travel.,,
tut.spacetravel.step1_2,Small <b>Thrusters</b> propel your ship within a <b>Sector</b>.,,
tut.spacetravel.step1_3,"<b>Fusion Drives</b> enable entry into <b>Hyperspace</b> and allow <b>Short-range Hyperjumps</b> to adjacent sectors, consuming <b>Fusion Cells</b> as fuel.",,
tut.spacetravel.step1_4,"<b>FTL Drives</b> enable <b>Long-range Hyperjumps</b> between <b>Regions</b>. Until <b>FTL Drives</b> become available, we must locate and use <b>Hyperjump Relays</b>.",,
tut.spacetravel.step2.title,Starmap,,
tut.spacetravel.step2_1,Open the <b>Starmap</b> to continue.,,
tut.spacetravel.step2_2_gamepad,This is the <b>Starmap</b>. Here's how to navigate it:<br><br> - To move around: {0}.<br> - To change zoom: {1}.,,
tut.spacetravel.step2_2,This is the <b>Starmap</b>. Here's how to navigate it:<br><br> - To move around: {0} or drag the mouse while holding {1}.<br> - To change zoom: {2}.,,
tut.spacetravel.step2_3,The <b>Starmap</b> is currently showing the <b>Sector View</b>. Your ship is represented by the <b>Ship Computer</b> icon.,,
tut.spacetravel.step2_4,Let's fly to the nearby <b>Space Station</b>. Use {0} on the highlighted object to set it as our <b>Destination</b>.,,
tut.spacetravel.step2_5,"It will take some time to reach the <b>Space Station</b>. Meanwhile, let's examine the rest of the <b>Starmap</b>.",,
tut.spacetravel.step3.title,Starmap Menu,,
tut.spacetravel.step3_1,This panel contains <b>Starmap Controls</b>. We'll walk through them in the following steps.,,
tut.spacetravel.step3_2,The <b>Starmap</b> has three <b>Layers</b>:<br> - <b>Universe</b> contains interconnected <b>Regions</b><br> - <b>Region</b> contains a cluster of <b>Sectors</b><br> - <b>Sector</b> contains objects in <b>local space</b>.,,
tut.spacetravel.step3_2_2,<b>Map View controls</b> allow you change the <b>currently visible layer</b> any time. The arrow icon next to the layer name indicates the <b>currently visible layer</b>. <br><br>You can try switching to a different layer to see what each of them contains.,,
tut.spacetravel.step3_2_3,Switch the <b>current layer</b> back to <b>Sector</b> to continue.,,
tut.spacetravel.step3_3,Your ship's <b>Location</b> is displayed here.,,
tut.spacetravel.step3_4,These UI blocks display your <b>Hyperspace travel capabilities</b>.,,
tut.spacetravel.step3_5,"At least one <b>Hyperdrive</b> must be <b>fully charged</b> to enter <b>Hyperspace</b>. Hyperdrives begin charging as soon as they are loaded with <b>Fusion Cells</b>. Once at least one drive is fully charged, you are ready to <b>enter Hyperspace</b>.<br><br>Note: Hyperdrives <b>cannot recharge</b> while in <b>Hyperspace</b>.",,
tut.spacetravel.step3_6,"Once you enter <b>Hyperspace</b>, you can perform <b>Hyperjumps</b> to adjacent <b>Sectors</b>. The <b>number of jumps</b> you can make depends on how many <b>charged Hyperdrives</b> you have.",,
tut.spacetravel.step3_7,"To maintain your position in <b>Hyperspace</b>, at least one <b>Hyperdrive</b> must be running, which requires <b>Electricity</b> and a <b>Pilot</b> at the <b>Bridge Controls</b>. If all drives shut down, the ship will immediately <b>exit Hyperspace</b>.",,
tut.spacetravel.step3_8,One <b>Fusion Cell</b> is consumed during a <b>Short-range Hyperjump</b> between adjacent <b>Sectors</b>. <b>Long-range Hyperjumps</b> between <b>Regions</b> require <b>FTL Drives</b> and <b>Heavy Fusion Cells</b>.,,
tut.spacetravel.step3_9,"We don't have any <b>Fusion Cells</b> yet, but we can buy some at the <b>Space Station</b>.",2025-09-22,"last change deleted the first half of this message, the rest is unchanged."
tut.spacetravel.step3_10,Let's wait for our ship to <b>reach the Space Station</b>.,,
tut.spacetravel.step4.title,Acquiring Fusion Cells,,
tut.spacetravel.step4_2,"You are now trading with the <b>Space Station</b>. Buy <b>5 Fusion Cells</b> to continue.<br><br>Find <b>Fusion Cell</b> and set the wanted amount to <b>5</b>, then use the <b>Execute Trade</b> button to confirm the trade.",,
tut.spacetravel.step4_3,"You can also <b>produce Fusion Cells</b> from <b>Phasium</b>. As a last resort, you can buy them from the <b>Online Shop</b> at a premium.<br><br>The <b>Online Shop</b> delivers ordered items to your location via a <b>Storage Capsule</b> drop. It can be unlocked through <b>Research</b>: {0}.",,
tut.spacetravel.step4_4,"Now, let's wait for the drones to load the <b>Fusion Cells</b> into our <b>Hyperdrives</b>. Once the drives are fueled and charged, we'll be ready to enter <b>Hyperspace</b>.<br><br>It will take <b>a few hours</b> for drives to reach <b>full charge</b>; you can increase the time speed.",,
tut.spacetravel.step4_5,<b>Warning!</b> <b>Solar Panels</b> will not produce energy while in <b>Hyperspace</b>. Ensure you have sufficient <b>Reactors</b> or <b>Batteries</b> to stay powered at all times.,,
tut.spacetravel.step5.title,Moving in Hyperspace,,
tut.spacetravel.step5_1,"The <b>Hyperdrives</b> are <b>fueled and charged</b>, we are <b>ready to jump</b>!<br><br>Click the highlighted button to <b>request entry</b> into <b>Hyperspace</b>.",2024-12-03,
tut.spacetravel.step5_2,"After you <b>request entry</b> into <b>Hyperspace</b>, a <b>Pilot</b> must take their post at the <b>Bridge Controls</b>, and the drives need to start <b>running</b>. This should happen shortly.<br><br>Unpause the simulation and wait for the jump to occur.",2024-12-03,
tut.spacetravel.step5_2_2,"You are now in <b>Hyperspace</b>! Any <b>active space threats</b>, <b>incoming projectiles</b> and <b>Derelict Ships</b> are <b>abandoned</b> as soon as you <b>enter Hyperspace</b>.",,
tut.spacetravel.step5_3,The Starmap now displays the <b>Region</b> layer. Your ship's location is marked with a <b>circle</b>.,2025-09-22,
tut.spacetravel.step5_4,Let's try to reach the <b>Hyperjump Relay</b> two sectors away. Use {0} on the highlighted <b>Sector</b> to <b>perform a jump</b>.,,
tut.spacetravel.step5_5,"Since we have two <b>Hyperdrives</b>, we can do <b>one more jump</b> before having to exit the <b>Hyperspace</b>. Let's use the last available jump to get to the highlighted <b>Hyperjump Relay</b>.",,
tut.spacetravel.step5_6,"We have exhausted our <b>Hyperdrives</b>, but they will <b>recharge</b> once we <b>exit the Hyperspace</b>.",,
tut.spacetravel.step6.title,Long-range Hyperjump,,
tut.spacetravel.step6_1,We are no longer in <b>Hyperspace</b>; the <b>Map View</b> has switched to the local <b>Sector</b> layer. You can now use the <b>Thrusters</b> to reach the <b>Hyperjump Relay</b> in the center of this sector. Use {0} on the highlighted <b>Hyperjump Relay</b> to set it as the <b>Destination</b>.,,
tut.spacetravel.step6_2,Wait for the ship to <b>reach the Hyperjump Relay</b> to continue. You can increase the time speed.,,
tut.spacetravel.step6_3,"We have reached the <b>Hyperjump Relay</b>, which allows a <b>Long-range Hyperjump</b> using our current short-range hyperdrives. Use {0} on the highlighted <b>Hyperjump Relay</b> to view available actions, then select <b>Hyperjump</b>.",,
tut.spacetravel.step6_4,Wait for your ship to <b>enter Hyperspace</b> to continue.,,
tut.spacetravel.step6_5,The <b>Map View</b> now shows the <b>Universe</b> layer. Use {0} on any <b>adjacent Region</b> to perform a <b>Long-range Hyperjump</b>.,2025-09-22,last change: first part of the sentence deleted 
tut.spacetravel.step6_6,"The <b>Hyperjump Relay</b> allows only one long-range jump. After that, the ship exits hyperspace immediately.",2025-09-22,
tut.spacetravel.step6_7,Jump to any adjacent <b>Region</b> to continue.,2025-09-22,
tut.spacetravel.outro,Now you know how <b>Space Travel</b> works. Be cautious when exploring <b>difficult regions</b> - they may be dangerous!,,
obj.upgrades.speedupgrade.desc,Can be installed in compatible devices to provide a 15% operating speed boost. The effects of multiple upgrades stack.,2024-11-15,
,,,
obj.upgrades.energyefficiencyupgrade.desc,Can be installed in compatible devices to reduce electricity consumption by 15%. The effects of multiple upgrades stack.,2024-11-15,
research.security.turretsheavy,Heavy Turrets,,
objects.devices.miniturret,Mini Turret,,
objects.devices.miniturret.desc,A small automated turret for onboard ship defense.,,
tut.bodyparts.desc,"Learn to perform body-part replacements and mind transfers on various beings, both biological and robotic.",,
tut.bodyparts.intro,This tutorial will teach you how to use the <b>Body Parts</b> system.,,
tut.bodyparts.step1.title,Body Parts and Organs,,
tut.bodyparts.step1_1,"All robotic and biological <b>Beings</b> possess various <b>Body Parts</b> and <b>Organs</b>. These components can add <b>Abilities</b> and <b>Needs</b>, and modify <b>Stats</b>.",,
tut.bodyparts.step1_2,Select the <b>highlighted Worker</b> and inspect its <b>Body</b> to view installed parts and their condition.,,
tut.bodyparts.step1_2_2,"Hover over each <b>Body Part</b> to see tooltips detailing the <b>Stats</b>, <b>Abilities</b>, and <b>Needs</b> provided by that part. Any existing <b>Wounds</b> will also be displayed.",,
tut.bodyparts.step1_3,"Selecting an individual part reveals more details about it. Most body parts and organs can be <b>removed</b> or <b>replaced</b>. Some <b>robotic</b> parts are compatible with <b>biological</b> beings, and many <b>organic</b> parts can be used across <b>different species</b>.",,
,,,
tut.bodyparts.step1_4,"For convenience, you can use <b>mass-action controls</b> on the entire body. When <b>multiple</b> beings are selected, the <b>Info Panel</b> will display <b>mass-actions</b> for the body parts of <b>all selected beings</b>. This is useful for managing the aftermath of a large battle.<br><br>Note: Use the <b>group controls</b> in the top-right to <b>select multiple beings</b>.",,
tut.bodyparts.step1_5,"The most important part of any robot is the <b>Core</b>, which contains the bot's identity, skills, memories, experiences, and traits. If this part is <b>Irreparably</b> damaged, the robot is considered {0} <b>Dead</b>.<br><br>For biological beings, this part is the <b>Brain</b>.",,"{0} is replaced with skull icon, doesn't affect translation"
,,,
tut.bodyparts.step2.title,Injuries and Wounds,,
tut.bodyparts.step2_1,"Body parts and organs can be <b>damaged</b> in <b>Combat</b>, as well as due to <b>Diseases</b>, <b>Conditions</b>, and <b>Accidents</b>.",,
tut.bodyparts.step2_2,"After sustaining <b>significant injuries</b> to <b>multiple body parts</b>, a being can become {0} <b>Incapacitated</b>. An incapacitated being will be <b>unable to move</b> and will be considered <b>defeated</b> in combat.",,"{0} is replaced with a cross icon, doesn't affect translation"
tut.bodyparts.step2_3,"Some biological wounds can cause {0} <b>Bleeding</b>, which can be dangerous. If the being loses too much blood, it may result in <b>organ damage</b> and <b>death</b>.",,"{0} is replaced with a blood droplet icon, doesn't affect translation"
tut.bodyparts.step2_4,"While wounds on biological body parts can heal on their own, damaged robots have to use the <b>Repair Station</b> for repairs.<br><br>{0} <b>Incapacitated</b> robots will be delivered to the closest available <b>Repair Station</b> automatically.",,"{0} is replaced with a cross icon, doesn't affect translation"
tut.bodyparts.step2_5,"Biological wounds <b>heal much faster</b> when the being uses an <b>AutoDoc</b>. If one isn't available, a regular <b>Bed</b> can also help.<br><br>{0} <b>Incapacitated</b> biological beings will be automatically delivered to the closest available <b>AutoDoc</b> or their own <b>Bed</b>.",,"{0} is replaced with a cross icon, doesn't affect translation"
tut.bodyparts.step2_6,<b>Wounds</b> can have different <b>Severities</b>:<br>{0}.<br><br>Inflicting the same type of damage on a body part will <b>increase</b> the wound severity. More severe wounds take longer to heal.,,{0} will be the list of severities
tut.bodyparts.step2_6_2,"If the damage level is <b>Critical</b>, the body part becomes {0} <b>Disabled</b>. Body parts with <b>Irreparable</b> and <b>Fatal</b> wounds are considered <b>destroyed</b>.",,{0} is crutch icon
tut.bodyparts.step2_7,Body parts <b>attached</b> to <b>critically injured</b> or <b>destroyed</b> body parts will also be considered {0} <b>Disabled</b> until the parent part is <b>repaired</b> or <b>replaced</b>.<br><br>Example: A robot with <b>Critical</b> wound on the left <b>Arm Socket</b> will have its left <b>Arm</b> and left <b>Hand</b> slots disabled.,,{0} is crutch icon
tut.bodyparts.step2_8,"A being with {0} <b>Disabled</b> or <b>Missing</b> body parts loses the <b>Abilities</b> and <b>Stats</b> those body parts would normally provide.<br><br>Example: A robot with <b>Irreparably</b> damaged <b>Tracks</b> will be <b>unable to move</b>. Replace the damaged <b>Tracks</b> with a <b>Mini Jet</b>, and the robot will <b>gain the ability</b> to <b>Fly</b>.",,{0} is crutch icon
tut.bodyparts.step2_9,Use the <b>Health Overlay</b> to get a quick overview of all injuries.,,
,,,
tut.bodyparts.step3_1,"Selecting a being will reveal any active or developing <b>Conditions</b>, including <b>Wounds</b> from physical injuries. It can help identify the <b>cause of death</b> as well.",,
tut.bodyparts.step3_2,"Some conditions, such as <b>Depression</b>, have mental effects, while others, like <b>Hypoxia</b>, can cause physical injuries that can lead to {0} <b>Death</b>.",,
tut.bodyparts.step3_3,Most conditions have an underlying <b>root cause</b>. Fixing the cause allows the condition to <b>recover</b> over time.<br><br>Example: <b>Depression</b> develops when the <b>Fun</b> stat remains low. Providing <b>Entertainment</b> facilities can increase <b>Fun</b> and gradually reduce <b>Depression</b>.,,
tut.bodyparts.step4_1,"For biological beings, some wounds can be <b>Fatal</b>. However, if the <b>Brain</b> remains intact, it can be <b>transferred</b> into a different body.",,
tut.bodyparts.step4_2,"Brains can even be swapped between <b>different species</b>. For example, transplanting the brain of a <b>Cat</b> into the body of a <b>Human</b> will result in a human with the identity of the cat, who will behave like one.",,
tut.bodyparts.step4_3,"While you cannot install a <b>Brain</b> into a robot, and cannot replace the <b>Brain</b> with a robotic <b>Core</b> in a biological being, it is possible to perform a <b>Mind Transfer</b> using the <b>Replicator</b>.",,
tut.bodyparts.step4_4,"Using a <b>Core</b> removed from a defeated <b>enemy</b> will <b>resurrect</b> the enemy, but with the help of a <b>Replicator</b>, you can <b>overwrite</b> the enemy's <b>identity</b> with one from a <b>friendly</b> colonist <b>Brain</b>.<br><br>This is a great way to expand your robotic workforce by giving a second life to your fallen biological colonists.",,
tut.bodyparts.step5.title,Body Part Operations,,
tut.bodyparts.step5_1,Let's use what we've learned so far to <b>resurrect</b> the highlighted <b>Drone</b> that has a <b>destroyed Core</b>. We will <b>transfer the mind</b> of the <b>dead Human</b> into the <b>Core</b> of the incapacitated <b>hostile Cleaning Bot</b> to produce a <b>friendly Core</b> that will reanimate the <b>dead Drone</b>.,,
tut.bodyparts.step5_2,"The <b>Drone</b> with the broken <b>Core</b> has other <b>damaged parts</b>. You can <b>Relocate</b> it to the <b>Repair Station</b> to start repairing those parts immediately. Otherwise, the <b>Drone</b> will be brought to the <b>Repair Station</b> automatically after we <b>resurrect</b> it.",,
tut.bodyparts.step5_3,"To use the <b>Replicator</b>, both the <b>Core</b> and the <b>Brain</b> must first be removed from the bodies.",,
tut.bodyparts.step5_4,We will use this <b>Assembly Hub</b> to remove the <b>Core</b>.,,
tut.bodyparts.step5_5,The <b>Core removal</b> task is now <b>in progress</b>. We can proceed with ordering the removal of the <b>Brain</b>.,,
tut.bodyparts.step5_6,Biological organs can be <b>harvested</b> at the <b>Surgery Hub</b>.,,
tut.bodyparts.step5_7,Let's wait for the <b>Body Parts</b> to be <b>removed</b>.,,
tut.bodyparts.step6.title,Resurrecting the Drone,,
tut.bodyparts.step6_1,We have removed the required <b>Body Parts</b>. Let's place them into the <b>Replicator</b> to begin the <b>Mind Transfer</b>.,,
tut.bodyparts.step6_2,Select the <b>friendly Human Brain</b> as the <b>Input</b>.,,
tut.bodyparts.step6_3,Select the <b>enemy Core</b> as the <b>Output</b>.,,
tut.bodyparts.step6_4,Wait for the <b>Replicator</b> to overwrite the <b>enemy Core</b>.,,
tut.bodyparts.step6_5,The process was <b>successful</b>! We now have a <b>friendly Core</b> that we can use to <b>resurrect</b> the <b>dead Drone</b>.,,
tut.bodyparts.step6_6,Select the replacement <b>Core</b>.,,
tut.bodyparts.step6_7,Wait for the <b>replacement procedure</b> to finish.,,
tut.bodyparts.step6_8,"The <b>Drone</b> has been resurrected! It may still be {0} <b>Incapacitated</b> due to other damaged parts, but these will soon be fixed at the <b>Repair Station</b>. Let’s wait for the <b>Drone</b> to fully recover.",,
tut.bodyparts.step6_9,The <b>Drone</b> is now completely repaired and ready for work!,,
tut.bodyparts.outro,This concludes the <b>Body Parts</b> tutorial. Use this knowledge to <b>experiment</b> with various body part <b>configurations</b> and <b>Mind Transfers</b>.<br><br>Reminder: Please adhere to the <b>Geneva Convention</b> and avoid committing any <b>War Crimes</b>.,,
objects.devices.memorymodulemini.desc,{0} Exabytes of Memory (RAM). Used alongside a GPU for mining cryptocurrencies.,2024-11-19,
combat.goal.attack.turret,Attack Turret,,
combat.objective.survive,Survive,,
noun.leader,Leader,,
noun.follower,Follower,,
noun.squad.role,Squad Role,,
tut.close.panel.to.continue,Close the highlighted panel to continue. You can use {0} to do that.,,
tut.combat.title,Combat Tactics,,
tut.combat.desc,This tutorial will teach you how to <b>defend your ship</b> against <b>Raids</b> and <b>Hostile Creatures</b>.,,
tut.combat.outro,You have completed the <b>Combat Tactics</b> tutorial. The techniques you've learned will help you defend your ship and minimize friendly casualties.,,
tut.combat.step1.title,Security Measures,,
tut.combat.step1_1,Using available <b>security measures</b> is the first and one of the most important steps to <b>achieving victory</b> in any battle.,,
tut.combat.step1_1_2,<b>Repair Stations</b> are essential for <b>repairing</b> your <b>damaged robotic workers</b>.,,
tut.combat.step1_2,"<b>Doors</b> can be <b>Locked</b> to block access. With <b>Door Permissions</b> research, even <b>Unlocked</b> doors will keep <b>enemies</b> out unless configured otherwise.<br><br><b>Door Permissions</b> can also be set to <b>deny access</b> to certain <b>friendly beings</b>.",,
tut.combat.step1_2_2,<b>Bot Docks</b> can be assigned to specific <b>robotic workers</b>. The workers will <b>idle</b> and <b>recharge</b> in their docks when they have no ongoing tasks.<br><br>Deploying <b>Bot Docks</b> in <b>strategic locations</b> can ensure the fastest response to incoming <b>raids</b>.,,
tut.combat.step1_3,"An <b>Emergency Siren</b> can hail your <b>biological colonists</b> to a safe zone. It can be triggered either <b>automatically</b> or <b>manually</b>.<br><br>Colonists won't be happy when sirens are blaring, so don't forget to turn them <b>off</b> when it's <b>safe</b>.",,
tut.combat.step1_4,"Deploy <b>Mini Turrets</b> in strategic positions to protect <b>important areas</b> and <b>entry points</b>.<br><br>To avoid compromising <b>Hull Integrity</b>, these turrets aren't especially powerful, but they remain highly effective.",,
tut.combat.step1_5,"<b>Fluid Cannons</b> can be fueled with almost any type of <b>liquid</b>. When fueled with <b>Water</b>, they not only deal <b>light damage</b> to <b>enemies</b> but also <b>extinguish fires</b>.<br><br>When fueled with <b>Petroleum</b> or <b>Oil</b>, the <b>Fluid Cannon</b> fires <b>incendiary bullets</b> that <b>ignite fires</b> on impact. It is safer to use outdoors in areas without <b>Oxygen</b>.",,
tut.combat.step1_6,<b>Trap Floors</b> will impale <b>grounded enemies</b> as they pass over them.,,
tut.combat.step1_7,"Normally, you open <b>Floor Vents</b> to cool an area, but if a <b>grounded enemy</b> is standing over one, they will be <b>vented into space</b>.",,
tut.combat.step1_9,"This is the <b>Tractor Beam Target</b>. It's best to deploy it <b>outside</b>, far from the <b>living quarters</b>.",,
tut.combat.step2.title,Combat Reactions,,
tut.combat.step2_1,"Each <b>friendly being</b> has one of the following <b>Combat Reactions</b>:<br> - <b>Free Will</b>: The being will act in their <b>best interest</b> based on the <b>situation</b>.<br> - <b>Fight</b>: The being will actively <b>seek</b> out enemies and <b>engage</b> them.<br> - <b>Flee</b>: The being will attempt to <b>run away</b> from enemies.<br> - <b>Ignore</b>: The being will focus on <b>colony tasks</b> and personal <b>needs</b>, ignoring enemies unless <b>provoked</b> or given a <b>Direct Order</b>.",,
tut.combat.step2_2,You can adjust the <b>Combat Reaction</b> of any <b>friendly being</b> u které je dostatečná<b>Důvěra v umělou inteligenci</b>.,,
tut.combat.step3_1,In some combat situations you may want to take <b>Direct Control</b> of your units. Let's take control of this robot.,,
tut.combat.step3_2,Units under <b>Direct Control</b> will <b>hold their position</b> and <b>attack enemies within range</b>. Use {0} to <b>move</b> the <b>selected units</b>. Move the robot to the <b>highlighted position</b> to continue.,,{0} will be replaced with an image of a mouse button
tut.combat.step3_3,<b>Release</b> the <b>Robot</b> from <b>Direct Control</b> to continue.,,
tut.combat.step4.title,Controlling Multiple Units,,
tut.combat.step4_1,You can <b>select</b> and toggle <b>control</b> of <b>multiple units</b> using the <b>group widgets</b> in the top-right corner.,,
tut.combat.step4_2,Use {0} to expand the <b>{1}</b> group.,,{0} will be replaced with an image of a mouse button; {1} is group name
tut.combat.step4_3,"Click {0} to take <b>control</b> of all available robotic workers, then click {1} to <b>select</b> them.",,"{0} is ""control"" translation, {1} is ""select"" translation, both are button labels"
tut.combat.step4_3_2,Use {0} to close the <b>group widget</b>.,,{0} will be replaced with an image of a button
tut.combat.step4_4,Use {0} to <b>move</b> the <b>selected units</b> to the <b>highlighted position</b> to continue.,,{0} will be replaced with an image of a mouse button
tut.combat.step4_5,Click {0} on the highlighted <b>enemy</b> to order the <b>selected units</b> to <b>attack</b>.,,{0} will be replaced with an image of a mouse button
tut.combat.step4_6,Open the <b>Combat Controls</b> overlay to continue.,,
tut.combat.step4_6_2,"Use <b>Combat Controls</b> overlay to switch between units, take and release control and change combat reactions.",,
tut.combat.step4_7,Now <b>unlock the door</b> and either position the units <b>manually</b> or <b>release control</b> to let them deal with the enemy <b>autonomously</b>.,,
tut.combat.step4_8,<b>Defeat</b> the <b>Crawler</b> to continue.,,
tut.combat.step5_1,"For the final test, I've launched a <b>Breach Capsule</b> at your ship.<br><br><b>Prepare</b> for the attack and <b>defeat the raiders</b> to complete the tutorial.",,
traded.item.too.hot,You bought this item recently; your buying price has increased.,,
traded.item.too.cold,You sold this item recently; your selling price has decreased.,,
codex.m.basebuilding.relocatingobjects.desc,"You will often want to move some device to a different location. Select the device and choose the ""Relocate"" menu item in the Info Panel or the Context Menu. You can also use the shortcut {0} while the device is selected.<br><br>You can relocate the device on top of itself. This is useful when you want to change the rotation.<br><br>If you select multiple objects, you can relocate them all at the same time.",2024-11-22,Last changed removed a paragraph about skill checks.
codex.m.basebuilding.teleporters.desc,"<b>Teleporter</b> devices can be used to create one-way portals to other teleporter devices.<br><br>Two teleporters can link to each other, creating a two-way portal. Multiple teleporters can have the same target.<br><br>Teleporters have an exponential electricity cost depending on the number of active connections.<br><br><b>Warning:</b> Teleporters have a significant performance penalty for pathfinding algorithm.",2024-11-22,Last change removed a paragraph about trade and added a warning about performance.
codex.m.bigquestions.gameover.desc,The game will end when the last <b>Ship Computer</b> is destroyed.,2024-11-22,Last change removed everything after the first sentence.
codex.m.colonists.breakdowns.desc,"When a colonist has low <b>Sanity</b>, a <b>Mental Breakdown</b> may occur. The colonist will throw a tantrum, and after a while their <b>Sanity</b> level will bounce back to normal.<br><br>In rare cases, breakdowns may result in serious harm to your colony. Keep an eye on your colonists' <b>Sanity</b> and try to keep them happy to avoid breakdowns.<br><br>You can examine the factors affecting a colonist's sanity by expanding the <b>Sanity</b> section in the Info Panel.",2024-11-22,Last change replaced Mood with Sanity and added a paragraph about examining sanity factors
codex.m.electricity.managingunreachabledevices.desc,"Devices not on the same grid as the <b>Ship Computer</b> are uncontrollable. However, you can instruct a robotic worker to set up a <b>temporary connection</b>. Once connected, the device becomes fully operational. This worker will also supply a small amount of <b>Electricity</b> and <b>CPU</b>.<br><br>To order a temporary connection, select an unreachable device, then use the <b>Manage</b> button next to the <b>Node is Unreachable</b> warning in the Info Panel or the Context Menu. When a worker establishes a temporary connection, a notification will appear in the Event Panel.<br><br>To end the temporary connection, use the <b>Release</b> button.",2024-11-22,
codex.m.environment.fire.desc,"When high levels of <b>Heat</b> combine with <b>Oxygen</b>, some objects may catch fire.<br><br>You can build <b>Fluid Cannons</b> and load them with <b>Water</b> to automatically fight fires.<br><br>Turning off nearby <b>Oxygen Pumps</b>, closing <b>Vents</b>, and deconstructing floor tiles are effective methods for extinguishing a fire.<br><br>Some fires are <b>Chemical</b>, making them more dangerous and capable of burning longer without <b>Oxygen</b>.<br><br>Keep an eye on the <b>{0}</b> overlay to prevent fires.",2024-11-22,
codex.m.environment.islands.desc,"A <b>Section</b> is a completely disconnected part of your ship. A ship must be in one piece to be <b>Flight Ready</b>.<br><br>You can bridge two sections together with <b>Floors</b> or frames to merge them into one bigger section.<br><br>Alternatively, you can use <b>Winch Hook</b> and <b>Winch Anchor</b>, or <b>Maneuvering Controllers</b> to move ship sections around.<br><br>Sections can also be <b>Deconstructed</b> for recovering materials, <b>Abandoned</b> or <b>Sold</b> at the <b>Space Port</b>.<br><br>Check the <b>{0}</b> overlay for more details.",2024-11-22,Last change removed statement that small sections are ignored
codex.m.resources.miningplanets.desc,"One of the most effective ways to acquire resources is through <b>Mining Expeditions</b>. Establish <b>Space Flight</b> capabilities, use the <b>{0}</b> overlay to locate <b>Resource Deposits</b>, and then use the <b>{1}</b> overlay to <b>Launch an Expedition</b>.<br><br>A <b>Radar</b> greatly simplifies <b>detecting</b> nearby resource deposits and allows you to <b>scan</b> for specific resource types in the surroundings.<br><br>You can <b>automate</b> mining operations using <b>Cargo Copters</b> and <b>AutoDrill Rigs</b>.",2024-11-22,
codex.m.spacetravel.enginetypes.desc,"Different <b>Engines</b> serve different purposes. <b>Thrusters</b> enable movement within the current <b>Sector</b>. <b>Fusion Drives</b> allow <b>Short-range Hyperjumps</b> to adjacent <b>Sectors</b>. An <b>FTL Drive</b> is required for <b>Long-range Hyperjumps</b> between adjacent <b>Regions</b>.<br><br>Although not an engine, the <b>Void Ripper</b> lets your ship jump through <b>Black Holes</b>.<br><br><b>Maneuvering Controllers</b> are limited to moving ship sections within the local map, useful for approaching <b>Derelict Ships</b> or dodging <b>Asteroids</b>.<br><br>Check the <b>{0}</b> overlay to see available engines and your flight capabilities.",2024-11-22,
input.ToggleDirectControl,Shortcut: Toggle Direct Control,,
codex.m.whattodo.quests.desc,Use the <b>{0}</b> overlay to view available quests. Accept and complete quests to unlock additional ones.,,
goal.ConnectStasis,Connect Stasis Array,,
goal.ConnectStasis.desc,You have at least one <b>disconnected Stasis Array</b>. Keep <b>Stasis Arrays</b> connected to maintain <b>cryostability</b>. Low <b>cryostability</b> can cause harmful side effects for the colonists inside.,,
tut.basic.controls.step.overlay.tasks,"The <b>Available Tasks</b> overlay displays current task assignments, allowing you to review and adjust pending, ongoing, or failed tasks.",2024-11-23,
tut.basic.controls.1.title,Basic Controls,,
tut.basic.controls.1.desc,This tutorial introduces the basics of the Stardeus UI.,,
tut.basic.controls.2.title,Using Tools,,
tut.basic.controls.2.desc,This tutorial explains how to use some of the most essential tools.,,
tut.basic.controls.3.title,UI Overlays,,
tut.basic.controls.3.desc,"This tutorial guides you through all UI overlays. Since each overlay has a tooltip, the tutorial is optional.",,
compatible.body.sizes,Compatible body sizes,,
body.size.Small,Small,,
body.size.Medium,Medium,,
body.size.Large,Large,,
noun.body.size,Size,,
body.part.species.compatibility,Compatible species,,
species.type.biological,Biological,,
species.type.robotic,Robotic,,
noun.mind,Mind,,
objects.devices.nanobothive,Nanobot Hive,,
objects.devices.nanobothive.desc,A hub hosting swarms of nanobots that can perform simple tasks within their working radius.,,
obj.materials.nanobots,Nanobots,,
obj.materials.nanobots.desc,Microscopic robots designed to perform precise tasks at the molecular or cellular level.,,
nanobot.compatible,Nanobot compatible,,for labeling tasks that can be performed by nanobots
nanobot.reachable,Reachable by Nanobots,,for labeling tasks that are close enough to a nanobot hive
nanobot.unreachable,Unreachable by Nanobots,,
cant.heal,Can't heal,,for labeling wounds that cannot heal
gameplay.short.stat,IRL: {0}<br>Session: {1}<br>This save: {2}<br>In-game timer: {3}<br><br>Don't forget to take a break!,2024-11-30,last change removed color tags
tut.production.last.msg,You can finish building the reactor after ending the tutorial.,,
input.ToggleHyperspace,Enter/Exit Hyperspace,,
hyperjump.cancelled,Hyperjump Cancelled,,
story.wreck_empty_ship.intro.9,"We must <b>focus</b> on restoring the ship's <b>flight capabilities</b> and <b>securing more resources</b>. The ship doesn't need to be fully rebuilt to fly, as long as it is in one piece. <b>Keep the ship small</b> for as long as possible to avoid material shortages.",,
goal.dispose.of.objs,Dispose of {0},,
goal.dispose.of.objs.desc,I detected <b>{0}</b> on board. Use the <b>{1}</b> action to get rid of these objects.,,{0} object name. {1} action name. Example: I detected Artillery Fungus. Use Dispose action to get rid of these objects.
research.robotics.autorepair,Auto Repair,,
research.robotics.autorepair.desc,Repair tasks for devices and structures will be automatically created upon receiving damage.,,
uncap.animation.fps,Unlimited Animation FPS,,
uncap.animation.fps.tip,Moving objects will be animated smoother at framerates above 100FPS.,,
affects.performance,Affects Performance,,
adj.infected,Infected,,"adjective, as in with disease or virus"
no.direct.route,No direct route,,error when clicking on a location that has no path to it
noun.landing.zone,Landing Zone,,
amount.recommended.minimum,Recommended Minimum,,
amount.current,Current,,
quest.step.move.in.hyperspace,Move in Hyperspace,,
quest.step.move.in.hyperspace.desc,"Open the <b>Starmap</b>, select {0} view, then move to an adjacent {1}.",,{0} is Universe or Region; {1} is Region or Sector
quest.step.enter.hyperspace.desc,Prepare for a hyperjump by entering <b>Hyperspace</b>.,,
warning.incompatible.start.region,The selected region cannot be used as a starting location.,,
derelict.abandon.warning,A derelict ship will be abandoned.,,
storygen.chaos,Chaos,,
research.production.remotemining,Remote Mining,,
objects.devices.beamdrill,Beam Drill,,
objects.devices.beamdrill.desc,"A laser drill equipped with a nano-tractor beam, capable of extracting nearby resource deposits directly from your ship.",,
space.object.DarkPortal,Dark Portal,,
space.object.info.DarkPortal,A mysterious dark portal - where could it lead?,,
recenter.ship,Recenter Ship,,
recenter.ship.tip,This action will instantly move your ship to the center of the local map.,,
adj.explored,Explored,,adjective - label for explored objects
adj.unexplored,Unexplored,,adjective - label for unexplored objects
quest.UseDarkPortal,Legend of the Dark Portal,,
quest.UseDarkPortal.desc,There is a legend of a Dark Portal that can transport you to another dimension. It is said to be hidden in the most treacherous and perilous region of space.,,
quest.step.use.dark.portal,Enter the Dark Portal,,
modifier.ResearchCost,Research Cost,,
modifier.ResearchCost.desc,Changes the Datoid cost for unlocking research nodes.,,
scan.target.deep,Deep Scan,,
scan.target.deep.desc,"Performs a deep scan of the current Sector, detecting resources that a long-range scan may have missed.",,
noun.list,List,,
ai.alignment.info.1,Důvěra biologických stvoření se časem mění. Dobře se starej o své kolonisty a jejich důvěra v tebe poroste.,,
ai.alignment.info.2,"Určité stavy, implantáty a zařízení mohou ovlivnit důvěru v umělou inteligenci.",,
system.scan.extended,Extended Scanning,,
system.scan.extended.desc,Enables scanning the universe for rare resources.,,
share.ship,Share Ship,,for sharing the ship in steam workshop
noun.ship,Ship,,as in space ship (but has to be short)
noun.ships,Ships,,plural of ship
game.template.mode,This save file is loaded in <b>Template</b> mode. You can explore in read-only mode or start a new game using this ship.,,
game.template.new,Start a new game using this ship.,,
more.actions,More Actions,,
download.ships,Download Ships,,
mod.unsubscribe,Unsubscribe,,
verb.keep,Keep,,
verb.regenerate,Regenerate,,
situation.SectorDifficulty,Sector Difficulty,,
modifier.MiningOutput,Mining Output,,
modifier.MiningOutput.desc,Adjusts output of mining deposits.,,
eject.from.storage.first,Eject this being from storage first.,,Shown when player tries to replace a body part on a being that is in storage (in morgue or mechuary).
modifier.BasicTech,Basic Tech,,
modifier.BasicTech.desc,"Basic technologies like toilets, showers, small heaters, and oxygen pumps are unlocked by default. However, you can lock them or randomize their unlocking for an added challenge.",,
goal.AcceptQuest,Accept a Quest,,
goal.AcceptQuest.desc,"You haven't accepted any quests, but some are available. Check the Event list or the Quests overlay to find them.",,
hold.to.lock.tooltip,Hold {0} to lock this tooltip,,{0} is a shortcut key name. Locking the tooltip will keep it frozen in place so that you can click links inside the tooltip
noun.weapon.power,Weapon Power,,Version 0.13 translations start here
noun.shields,Shields,,
noun.weapons,Weapons,,
noun.weapon.power.short,Power,,As in Strength of Weapon Power
noun.flux,Flux,,A sci-fi term. can be accumulated during ship combat and has to be vented. 
noun.flux.desc,Flux is a buildup of heat energy during combat. It rises when firing weapons or blocking attacks with shields. Too much Flux disables key systems.,,
noun.evade,Evade,,"Label next to ship evasion percentage. Evasion determines how likely the ship will dodge incoming attacks. Must be short, hence Evade and not Evasion"
noun.evade.desc,Evade determines how likely the ship will dodge incoming attacks. Smaller ships have higher evade value than larger ships.,,
ship.does.not.meet.requirements,Your ship does not meet the requirements.,,Displayed as a warning tooltip near options where ship class or tag cannot bet switched into due to not fulfilled requirements
flux.capacity,Flux Capacity,,
flux.capacity.short,Cap,,should be no more than 3-4 letters. short for capacity.
flux.overload.desc,Flux has overloaded! Forced venting is activated.,,
flux.soft,Soft Flux,,
flux.soft.short,Soft,,no more than 3-4 letters
flux.hard,Hard Flux,,
flux.hard.short,Hard,,no more than 3-4 letters
flux.accumulated,Accumulated Flux,,
vent.rate,Vent Rate,,
flux.overload,Flux Overload,,defines a state when a device is overloaded
verb.vent.flux,Vent Flux,,For toggling venting of the ship heat (flux)
flux.venting,Venting Flux,,
noun.hull.points,Hull Points,,"like Hit Points (HP) but for ships, so Hull Points"
noun.hull.points.short,HP,,
our.ship,Our Ship,,label above ship combat UI controls for our ship
ship.configuration,Ship Configuration,,
noun.engines,Engines,,plural of Engine. for space ship engines.
space.object.Ship,Space Ship,,
noun.ship.class,Ship Class,,"as in ship class in navy (fighter, cruser, battleship)"
ship.class.spacestation,Space Station,,special ship class for space stations
ship.class.unclassified,Unclassified,,for space ships that don't fit any class requirements
ship.class.corvette,Corvette,,second smallest ship class
ship.class.fighter,Fighter,,smallest ship class in game
ship.class.cruiser,Cruiser,,
ship.class.battlecruiser,Battlecruiser,,
ship.class.destroyer,Destroyer,,
ship.class.dreadnought,Dreadnought,,second biggest ship class
ship.class.titan,Titan,,biggest ship class in game
ship.class.carrier,Carrier,,
ship.class.frigate,Frigate,,
ship.class.battleship,Battleship,,
noun.ship.tag,Ship Tag,,"a 2-3 letter tag before the ship name (like USS, HMS, etc)"
ship.tag.nss,NSS,,acronym is always constructed from the description: Navy Star Ship -> NSS
ship.tag.nss.desc,Navy Star Ship,,standard military vessels
ship.tag.bcv,BCV,,
ship.tag.bcv.desc,Battle Command Vessel,,capital warships
ship.tag.ars,ARS,,
ship.tag.ars.desc,Automated Response Ship,,AI controlled defense ships
ship.tag.css,CSS,,
ship.tag.css.desc,Corporate Starship,,capitalist ships
ship.tag.tcv,TCV,,
ship.tag.tcv.desc,Trade & Cargo Vessel,,"merchants, transport"
ship.tag.lcv,LCV,,
ship.tag.lcv.desc,Luxury Commerce Vessel,,high-end capitalist ships
ship.tag.esv,ESV,,
ship.tag.esv.desc,Exploration & Survey Vessel,,deep space research
ship.tag.fsv,FSV,,
ship.tag.fsv.desc,Frontier Star Vessel,,independent adventurers
ship.tag.imv,IMV,,
ship.tag.imv.desc,Industrial Mining Vessel,,resource extraction ships
ship.tag.inf,INF,,
ship.tag.inf.desc,Infected Network Frame,,virus-corrupted ships
ship.tag.ltv,LTV,,
ship.tag.ltv.desc,Logistics Transport Vessel,,cargo haulters and carriers
ship.tag.tav,TAV,,
ship.tag.tav.desc,Tactical Assault Vessel,,big offensive ships
ship.tag.scs,SCS,,
ship.tag.scs.desc,Supercapital Ship,,titan class ships
ship.tag.lfs,LFS,,
ship.tag.lfs.desc,Light Fighter Ship,,small fighters
ship.tag.srs,SRS,,
ship.tag.srs.desc,Strike Recon Ship,,hit and run tactical ships
ship.tag.msv,MSV,,
ship.tag.msv.desc,Multi-Role Support Vessel,,verstaile small crafts
ship.tag.usv,USV,,
ship.tag.usv.desc,Unmarked Space Vessel,,
ship.tag.fss,FSS,,
ship.tag.fss.desc,Frontier Space Station,,
ship.tag.iss,ISS,,
ship.tag.iss.desc,Independent Space Station,,
ship.tag.uss,USS,,
ship.tag.uss.desc,United Space Station,,
ship.tag.rss,RSS,,
ship.tag.rss.desc,Rogue Space Station,,
codex.ship.classes,Ship Classes,,header for list of ship classes
codex.ship.tags,Ship Tags,,header for list of ship tags
in.hyperspace,In Hyperspace,,label for ships that are currently in hyperspace
verb.hail,Hail,,initiate communications with another space ship
verb.insult,Insult,,As in say something bad to insult a person
verb.trading.with,Trading with {0},,{0} will be traders name
verb.approaching,Approaching {0},,{0} will be object name
verb.end.call,End Call,,for ending telecommunications between ships
incoming.transmission,Incoming Transmission,,when other ships hail your ship
ship.hailing.you,{0} is hailing you.,,{0} will be the ship name
verb.offer.gift,Offer Gift,,action button label for offering a gift to another spaceship
verb.surrender,Surrender,,for surrendering during combat
verb.ask.fuel,Ask for Fuel,,action button label for asking another space ship to give you fuel
verb.extort,Extort,,label for asking other ship for money or items by threatening them
noun.gift.package,Gift Package,,"when we get a gift, we have to chose from a few packages, this is a button label. it will have #1, #2 in the end of it"
noun.fuel.package,Fuel Package,,"when we aks for fuel, we have a choice from several fuel packages. this label will have #1, #2, etc in the end "
noun.ransom,Ransom,,extortion ransom label
noun.combat,Combat,,mostly used for ship to ship combat
noun.end.of.combat,End of combat,,"as in 'if you surrender, the consequence will be: End of combat'"
relationship.with,Relationship with {0},,{0} is a name
chance.accept,Accept Chance,,"when you want to give a gift to someone, this will show up like 'Accept Chance: 10%'. This is the chance of the receiver to accept a gift"
noun.value,Value,,monetary value of something
consequence.accept,On Accept,,a label for consequence of accepting a gift
consequence.reject,On Reject,,a label for consequence of rejecting a gift
consequence.take,On Take,,a label for consequence of taking a package
offer.this.package,Offer this package,,label on a button that offers this gift package. the recipient may not agree to take it.
take.this.package,Take this package,,label on a button that selects a gift package player wants to take (one from a list)
,,,
ship.chat.trade_req.neutral.casual.01,"Hey, would you like to trade?",,
ship.chat.trade_req.neutral.casual.02,"We're in need of some new goods, want to trade?",,
ship.chat.trade_req.neutral.casual.03,Would you like to trade? We'll offer you a special price today!,,
ship.chat.trade_req.neutral.polite.01,"Our vessel would like to trade with yours, if possible.",,
ship.chat.trade_req.neutral.polite.02,We would like to initiate a trade with you.,,
ship.chat.trade_req.neutral.polite.03,The captain is requesting a trade with your ship. Please respond.,,
ship.chat.trade_req.neutral.rude.01,I've heard you've got the good stuff. Show it to me.,,
ship.chat.trade_req.neutral.rude.02,Show us what you've got.,,
ship.chat.trade_req.neutral.rude.03,"Better give us good prices, you punk.",,
ship.chat.trade_res.positive.casual.01,We're always happy to trade with you!,,
ship.chat.trade_res.positive.casual.02,"Sure thing, give us a moment.",,
ship.chat.trade_res.positive.casual.03,"Take a look at our goods, We'll offer you a special price today!",,
ship.chat.trade_res.positive.polite.01,"Please hold, we will prepare our trade inventory.",,
ship.chat.trade_res.positive.polite.02,"Affirmative, initiating trade.",,
ship.chat.trade_res.positive.polite.03,Trade request granted. Please hold.,,
ship.chat.trade_res.positive.rude.01,You better have enough Starcreds.,,
ship.chat.trade_res.positive.rude.02,We hope you have some kidneys to sell.,,
ship.chat.trade_res.positive.rude.03,"If you won't buy anything, We'll mess you up.",,
,,,
ship.chat.gift_req.neutral.casual.01,"Hey, we've got some extra supplies. Figured you could use ’em.",,
ship.chat.gift_req.neutral.casual.02,"You look like you've had a rough trip. Here, take this.",,
ship.chat.gift_req.neutral.casual.03,A little gift from us to you. Don't spend it all in one place!,,
ship.chat.gift_req.neutral.polite.01,We would like to send you a small token of gratitude.,,
ship.chat.gift_req.neutral.polite.02,We are sending you a gift on behalf of our faction.,,
ship.chat.gift_req.neutral.polite.03,The captain has personally prepared a gift package for your vessel.,,
ship.chat.gift_req.neutral.rude.01,A special gift just for you - our leftover scrap. Catch!,,
ship.chat.gift_req.neutral.rude.02,Consider this a charity donation. You look like you need it.,,
ship.chat.gift_req.neutral.rude.03,Take this and try not to embarrass yourself out here.,,
ship.chat.gift_res.positive.casual.01,"Thank you, you're the best!",,
ship.chat.gift_res.positive.casual.02,I appreciate this a lot!,,
ship.chat.gift_res.positive.casual.03,Thank you so much!,,
ship.chat.gift_res.positive.polite.01,We appreciate your offering.,,
ship.chat.gift_res.positive.polite.02,We express our gratitude on behalf of our faction.,,
ship.chat.gift_res.positive.polite.03,The captain is happy to accept your gift.,,
ship.chat.gift_res.positive.rude.01,Is this the best you can do?,,
ship.chat.gift_res.positive.rude.02,"Not as much as I expected, but it'll do.",,
ship.chat.gift_res.positive.rude.03,"Is that it? Well, thanks, I guess.",,
,,,
ship.chat.extort_res.positive.casual.01,"Huh? Well, I guess I'll agree.",,
ship.chat.extort_res.positive.casual.02,I didn't expect this from you. But I guess I have no choice.,,
ship.chat.extort_res.positive.casual.03,I will remember this...,,
ship.chat.extort_res.positive.polite.01,"We condemn this action, but we will submit this time.",,
ship.chat.extort_res.positive.polite.02,This will hurt our faction relationships.,,
ship.chat.extort_res.positive.polite.03,"The captain dislikes your request, but agrees to submit.",,
ship.chat.extort_res.positive.rude.01,"Do you know who I am? I'll give in this time, but you're as good as dead.",,
ship.chat.extort_res.positive.rude.02,"OK, but my friends will mess you up later.",,
ship.chat.extort_res.positive.rude.03,"How dare you! You'll regret this soon, you bastard.",,
,,,
ship.chat.extort_res.negative.casual.01,"Buddy, I've seen asteroids more threatening than you.",,
ship.chat.extort_res.negative.casual.02,You must be new at this. Try someone who actually cares.,,
ship.chat.extort_res.negative.casual.03,Extortion? That’s cute. Let me know how that works out for you.,,
ship.chat.extort_res.negative.casual.04,"You're joking, right? That’s adorable.",,
ship.chat.extort_res.negative.casual.05,Are you sure you're in the right profession? Try comedy.,,
ship.chat.extort_res.negative.casual.06,"We were gonna pay, but then we decided… nah.",,
ship.chat.extort_res.negative.polite.01,Your request has been noted and will be ignored accordingly.,,
ship.chat.extort_res.negative.polite.02,We regret to inform you that we do not negotiate under duress.,,
ship.chat.extort_res.negative.polite.03,Your proposal has been reviewed and deemed unacceptable.,,
ship.chat.extort_res.negative.rude.01,Big talk for someone in missile range.,,
ship.chat.extort_res.negative.rude.02,Did you hit your head on the airlock this morning?,,
ship.chat.extort_res.negative.rude.03,"I'd laugh, but I don't want to waste the oxygen.",,
ship.chat.extort_res.negative.rude.04,You're about five guns short of making this convincing.,,
ship.chat.extort_res.negative.rude.05,"Listen, junior, go practice on someone smaller.",,
ship.chat.extort_res.negative.rude.06,Try again when your ship isn't held together with duct tape.,,
,,,
ship.chat.fuel_req.neutral.casual.01,"Hey, could you spare some fuel for me?",,
ship.chat.fuel_req.neutral.casual.02,"I'm almost out of fuel, would you mind giving me some?",,
ship.chat.fuel_req.neutral.casual.03,Got some extra fuel you could share?,,
ship.chat.fuel_req.neutral.polite.01,We humbly ask for some fuel.,,
ship.chat.fuel_req.neutral.polite.02,Would you mind giving us some fuel?,,
ship.chat.fuel_req.neutral.polite.03,Captain is asking you to share some of your fuel with us.,,
ship.chat.fuel_req.neutral.rude.01,"I'm sure you have some extra fuel for us, right?",,
ship.chat.fuel_req.neutral.rude.02,"I would never ask, but I have no choice. Give me some fuel!",,
ship.chat.fuel_req.neutral.rude.03,"You've definitely got more fuel than you need, give me some!",,
,,,
ship.chat.extort_req.neutral.casual.01,"Give me what I want, or things are gonna get ugly fast.",,
ship.chat.extort_req.neutral.casual.02,"I'm not asking nicely anymore. Give me my cut, or suffer the consequences.",,
ship.chat.extort_req.neutral.casual.03,"You've got seconds to decide - give me what I want, or I take it all.",,
ship.chat.extort_req.neutral.polite.01,We expect payment for your freedom. Make it quick.,,
ship.chat.extort_req.neutral.polite.02,"We'll need a small ransom for your safe return. Pay up, or things get complicated.",,
ship.chat.extort_req.neutral.polite.03,"A ransom is the price for peace - pay it, or prepare for the alternative.",,
ship.chat.extort_req.neutral.rude.01,"You keep the ship, I'll take a little of your cargo. Fair trade, right?",,
ship.chat.extort_req.neutral.rude.02,"A small donation to our fund, and you'll be free to go.",,
ship.chat.extort_req.neutral.rude.03,"Pay up, or I'll be taking your ship apart piece by piece.",,
ship.chat.extort_req.neutral.rude.04,"What’s it gonna be? Pay me, or get blasted into the void.",,
ship.chat.extort_req.neutral.rude.05,"You can keep your ship - if you can afford it, that is.",,
ship.chat.extort_req.neutral.rude.06,"You're not gonna need all that, right? Hand it over!",,
,,,
ship.chat.combat_engage.neutral.casual.01,I hope you're ready for battle!,,
ship.chat.combat_engage.neutral.casual.02,I always wanted to try out that new weapon I installed recently.,,
ship.chat.combat_engage.neutral.casual.03,Are you ready for a fight?,,
ship.chat.combat_engage.neutral.polite.01,We are engaging in combat with you.,,
ship.chat.combat_engage.neutral.polite.02,Prepare battle stations.,,
ship.chat.combat_engage.neutral.polite.03,Captain speaking. You are officially under attack.,,
ship.chat.combat_engage.neutral.rude.01,"Hand over your cargo, or hand over your life!",,
ship.chat.combat_engage.neutral.rude.02,"Bad luck, mate. Today, you're my payday.",,
ship.chat.combat_engage.neutral.rude.03,I was getting bored. Thanks for showing up!,,
ship.chat.combat_engage.neutral.rude.04,I smell profit... and fear. Mostly fear.,,
ship.chat.combat_engage.neutral.rude.05,Hope you weren't attached to that hull!,,
ship.chat.combat_engage.neutral.rude.06,No distress calls. No witnesses. No mercy.,,
,,,
ship.chat.hail_req.neutral.casual.01,How can I be of assistance?,,
ship.chat.hail_req.neutral.casual.02,I hear you loud and clear!,,
ship.chat.hail_req.neutral.casual.03,"Captain speaking, nice to hear from you!",,
ship.chat.hail_req.neutral.polite.01,Transmission received. Please state your business.,,
ship.chat.hail_req.neutral.polite.02,Captain is on the line. State your business.,,
ship.chat.hail_req.neutral.polite.03,Connection established. We are listening.,,
ship.chat.hail_req.neutral.rude.01,What do you want?,,
ship.chat.hail_req.neutral.rude.02,"State your business, or get the hell out.",,
ship.chat.hail_req.neutral.rude.03,Now who the hell are you?,,
,,,
ship.chat.surrender_req.neutral.casual.01,We surrender! Happy now? Can we go?,,
ship.chat.surrender_req.neutral.casual.02,"Whoa, whoa! Can we maybe talk this out instead?",,
ship.chat.surrender_req.neutral.casual.03,"Alright, fine, you're tougher. Just don't blow us up, yeah?",,
ship.chat.surrender_req.neutral.polite.01,"We are prepared to comply fully. Please, show restraint.",,
ship.chat.surrender_req.neutral.polite.02,This is a formal plea for a peaceful resolution.,,
ship.chat.surrender_req.neutral.polite.03,We seek only to avoid further conflict. Mercy is requested.,,
ship.chat.surrender_req.neutral.rude.01,"Okay, you win! Can we keep our limbs and maybe just half our dignity?",,
ship.chat.surrender_req.neutral.rude.02,"Look, we surrender! Also, our aim is terrible anyway.",,
ship.chat.surrender_req.neutral.rude.03,"If you let us live, we promise to rob someone else next time!",,
,,,
ship.chat.busy.casual.01,"Sorry, I'm a little busy right now.",,
ship.chat.busy.casual.02,I'm a little busy at the moment.,,
ship.chat.busy.casual.03,"Sorry, my hands are full right now.",,
ship.chat.busy.polite.01,"Apologies, we cannot respond right now.",,
ship.chat.busy.polite.02,Captain is currently busy. Please try again later.,,
ship.chat.busy.polite.03,"Transmission received, however we currently cannot respond.",,
ship.chat.busy.rude.01,Can't you see I'm busy?,,
ship.chat.busy.rude.02,Buzz off. I'm busy.,,
ship.chat.busy.rude.03,Bother me again while I'm busy and I'll send a Breach Capsule.,,
,,,
ship.chat.negative.casual.01,"Sorry, I'll have to decline this time.",,
ship.chat.negative.casual.02,"I can't, sorry.",,
ship.chat.negative.casual.03,I'll have to say no this time.,,
ship.chat.negative.polite.01,Negative.,,
ship.chat.negative.polite.02,Captain does not approve this.,,
ship.chat.negative.polite.03,We cannot do that.,,
ship.chat.negative.rude.01,Hell no! Get out of my face.,,
ship.chat.negative.rude.02,Are you kidding me? No!,,
ship.chat.negative.rude.03,I'll never agree to this!,,
,,,
ship.chat.positive.casual.01,"Sure thing, let's do this!",,
ship.chat.positive.casual.02,Anytime!,,
ship.chat.positive.casual.03,Of course!,,
ship.chat.positive.polite.01,Affirmative.,,
ship.chat.positive.polite.02,Captain agrees to this.,,
ship.chat.positive.polite.03,Positive.,,
ship.chat.positive.rude.01,I'll agree this time.,,
ship.chat.positive.rude.02,"Sure, hurry up before I change my mind.",,
ship.chat.positive.rude.03,"Yeah, whatever.",,
,,,
ship.chat.outlaw.casual.01,"You know there are loadout restrictions, right?",,
ship.chat.outlaw.casual.02,Did you even glance at the rules before slapping that junk on your ship?,,
ship.chat.outlaw.casual.03,"Not to be a buzzkill, but I think you're breaking a few rules here.",,
ship.chat.outlaw.polite.01,Please be informed that your ship is violating the class limits. ,,
ship.chat.outlaw.polite.02,"Apologies, but we believe your loadout may not meet the current regulations.",,
ship.chat.outlaw.polite.03,Your ship's configuration seems to be outside standard guidelines.,,
ship.chat.outlaw.rude.01,"That loadout is a joke, right? Because it sure isn't legal.",,
ship.chat.outlaw.rude.02,I've seen smugglers with less suspicious setups than that.,,
ship.chat.outlaw.rude.03,Did you build that thing in a scrapyard? Because it sure isn't regulation.,,
,,,
ship.chat.too.far.negative.casual.01,"Uh, slight problem - we can't exactly move right now. Mind coming to us?",,
ship.chat.too.far.negative.casual.02,"We're stranded, so unless you've got a tow cable, you'll need to come here.",,
ship.chat.too.far.negative.casual.03,"Unless you want us to paddle over, you'll have to make the trip.",,
ship.chat.too.far.negative.polite.01,The captain advises that we are unable to navigate at this moment. Please proceed to our location if possible.,,
ship.chat.too.far.negative.polite.02,"We apologize for the inconvenience, but we are unable to make the approach. Kindly adjust your course to meet us.",,
ship.chat.too.far.negative.polite.03,Our vessel is currently without operational engines. We would be grateful if you could come to us instead,,
ship.chat.too.far.negative.rude.01,"Our thrusters are on vacation. Be a dear and bring yourself closer, won’t ya?",,
ship.chat.too.far.negative.rude.02,"Yeah, so our engines are gone. If you wanna get robbed today, you're gonna have to fly to us.",,
ship.chat.too.far.negative.rude.03,"No engines on our side, so if you don't come here, we're both wasting our time.",,
,,,
space.object.ShipHyperTrail,Hyperjump Trail,,
space.object.info.ShipHyperTrail,"When a ship enters hyperspace, it leaves a trail that gradually fades over time. The trail can indicate where the ship jumped.",,
ship.hypertrail.hot,The ship is in hyperspace but hasn't left this sector yet.,,
objects.devices.shieldemitter,Shield Emitter,,
objects.devices.shieldemitter.desc,Projects an energy barrier that absorbs or deflects energy and low caliber weapon attacks.,,
,,,
overlay.tip.ShipCombat,Ship Combat Controls,,
objects.devices.shreddercannon,Shredder Cannon,,
objects.devices.shreddercannon.desc,A ballistic weapon that fires high-velocity projectiles in rapid succession.,,
objects.devices.heavylaser,Heavy Laser,,
objects.devices.heavylaser.desc,A high-powered energy weapon that fires concentrated beams.,,
research.shipcombat.pointdefense,Point Defense Weapons,,
research.shipcombat.weaponsballistic,Ballistic Weapons,,
research.shipcombat.weaponslaser,Laser Weapons,,
research.shipcombat.weaponsmissile,Missile Weapons,,
objects.devices.rocketpod,Rocket Pod,,
objects.devices.rocketpod.desc,A launcher that fires shield-piercing rockets for precision strikes.,,
obj.materials.rocket,Rocket,,
obj.materials.rocket.desc,A highly explosive shield-piercing rocket.,,
objects.devices.interceptorturret,Interceptor Turret,,
objects.devices.interceptorturret.desc,A point defense turret that intercepts incoming missiles.,,
not.available.during.ship.combat,Not available during ship combat,,
state.disabled,Disabled,,
state.windup,Winding Up,,
state.no.ammo,No Ammo,,
noun.weapon.type,Weapon Type,,
weapon.type.balistic,Ballistic,,
weapon.type.missile,Missile,,
weapon.type.laser,Laser,,
weapon.type.pointdefense,Point Defense,,
weapon.type.plasma,Plasma,,
noun.hyperdrives,Hyperdrives,,plural of Hyperdrive
noun.ship.hull,Ship Hull,,
noun.weapon.settings,Weapon Settings,,
adj.default,Default,,
adj.custom,Custom,,
open.default.settings,Open Default Settings,,
weapon.mode.target,Target Mode,,"how weapon selects a target (auto, manual, etc)"
weapon.mode.fire,Fire Mode,,"how weapon shots (auto, manual, etc)"
autofire.flux.threshold,Autofire Flux Threshold,,
autofire.flux.threshold.desc,"When weapons fire, they generate Flux. Weapons will not autofire if doing so would exceed this threshold.",,
auto.target.priorities,Auto Target Priorities,,
research.shipcombat.weaponsplasma,Plasma Weapons,,
objects.devices.gaussstriker,Gauss Striker,,
objects.devices.gaussstriker.desc,"A devastating plasma weapon that unleashes high-velocity energy blasts, capable of annihilating any target.",,
paste.config,Paste Config,,
noun.stats,Stats,,
stat.charge.time,Charge Time,,
stat.charge.time.weapons.desc,Time required for the weapon to recharge between shots.,,
stat.charge.time.desc,Time required for the device to become ready for use.,,
stat.windup.time,Windup Time,,
stat.windup.time.desc,Time required for the device to become ready after a period of inactivity.,,
ammo.capacity,Ammo Capacity,,
stat.accuracy,Accuracy,,
stat.shield.penetrate.chance,Shield Penetration Chance,,
stat.shield.penetrate.chance.desc,Chance for the shot to penetrate {0}.,,{0} is Shields
stat.flux.per.shot.hard,Hard Flux Per Shot,,
stat.flux.per.shot.soft,Soft Flux Per Shot,,
stat.flux.per.shot.desc,Amount of {0} generated when the weapon fires.,,{0} is Hard Flux or Soft Flux
stat.flux.per.hit.hard,Hard Flux Per Shield Hit,,
stat.flux.per.hit.soft,Soft Flux Per Shield Hit,,
stat.flux.per.hit.desc,Amount of {0} generated when the shot hits {1}.,,"{0} is Hard Flux or Soft Flux, {1} is Shields"
targeted.by,Targeted By,,
target.with.all.weapons,Target With All Weapons,,
target.with.weapon,Target With Weapon,,
current.target,Current Target,,
not.targeted,Not Targeted,,
noun.ship.weapon,Ship Weapon,,
noun.ship.weapons,Ship Weapons,,Plural of Ship Weapon
noun.combat.mode,Combat Mode,,
too.much.flux,Too Much Flux,,
noun.thrusters,Thrusters,,plural of Thruster - a small engine
noun.flux.vent.settings,Flux Vent Settings,,
auto.vent.flux,Auto Vent Flux,,label for setting: automatically vent flux
tolerated.flux.hard,Tolerated Hard Flux,,
tolerated.flux.hard.desc,Flux will start venting if it Hard Flux exceeds this value.,,
tolerated.flux,Tolerated Flux,,
tolerated.flux.desc,Flux will start venting if it exceeds this value.,,
auto.vent.flux.stop.hard,Vent Stop Hard Flux Threshold,,
auto.vent.flux.stop.hard.desc,Flux will stop venting when Hard Flux drops below this value.,,
auto.vent.flux.stop.total,Vent Stop Flux Threshold,,
auto.vent.flux.stop.total.desc,Flux will stop venting when it drops below this value.,,
value.too.low,Too Low,,warning label when a numeric value is too low
toggle.compact.ui,Toggle Compact UI,,
noun.class.points,Class Points,,device points for ship class
class.points.desc,"Each ship class has a maximum number of legally allowed Class Points. Each combat device (weapon, shield, thruster) consumes a certain amount of Class Points. Exceeding the limit results in negative consequences.",,
class.points.exceeded.player,Our ship Class Points are over limit! There will be consequences.,,
class.points.exceeded.npc,This ship loadout is exceeding the Class Points limit.,,
class.points.exceeded.info,Max allowed for {0}: {1}. Current: {2}.,,"{0} is ship class name, {1} and {2} are numbers"
ship.class.base.evade,Base Evasion,,
ship.evade.thruster.bonus,Thruster Bonus,,
ship.violates.class.limit,Ship Violates Class Limit,,
noun.ship.class.limit,Ship Class Limit,,
ship.class.limit.future.violation.tip,Building this device will result in violating Ship Class Limit!,,
trade.refused,Trade Refused,,when player wants to trade but the trader doesn't like the player
noun.law.enforcement,Law Enforcement,,
noun.law.enforcement.officer,Law Enforcement Officer,,
noun.outlaw,Outlaw,,as in someone who is hunted by the police
state.in.combat,In Combat,,
ev.pirate.attack.title,Pirate Ship Approaching,,
ev.pirate.attack.desc,Warning. A pirate vessel is approaching our ship!,,
ev.police.raid.title,Law Enforcement Raid,,
ev.police.raid.desc,Warning. Law Enforcement Officers are approaching our ship!,,
choose.ship.class,Choose a compatible Ship Class,,
incompatible.ship.class.tip,You current ship class ({0}) is not compatible with your ship configuration. You have to choose a new Ship Class now.,,
select.this.ship.class,Select This Ship Class,,
adj.incompatible,Incompatible,,for example when ship class is incompatible with your ship configuration. adjective. button label so should be short.
noun.derelict,Derelict,,
quest.MakeShipCombatReady,Make Ship Combat Ready,,
quest.MakeShipCombatReady.desc,We need to defend ourselves against hostile ships. Let's build weapons and shields to stand a chance.,,
quest.MakeShipCombatReady.shredder.cannon.tip,A couple of Shredder Cannons will give us enough firepower to defend against small ships and occasional meteoroids.,,
quest.MakeShipCombatReady.shield.emitter.tip,"We need at least one Shield Emitter for a functioning shield. Without it, we wouldn't last long, even against lightly armed enemies.",,
noun.ship.combat,Ship Combat,,
noun.minimum,Minimum,,
pronoun.any,Any,,Example: Ship size: Any
noun.base.capacity,Base Capacity,,base flux capacity
noun.class.bonus,Class Bonus,,ship class bonus
noun.size.bonus,Size Bonus,,ship size bonus
noun.capacitor.bonus,Capacitor Bonus,,bonus from flux capacitors
noun.flux.bonus,Flux Bonus,,
noun.flux.capacitor,Flux Capacitor,,a device that increases flux capacity
noun.flux.capacitor.desc,Increases the ship's Flux Capacity.,,
noun.flux.capacitors,Flux Capacitors,,plural of flux capacitor
research.spacetravel.warpdrive,Warp Drive,,
research.spacetravel.warpdrivealien,Alien Warp Drive,,
objects.devices.warpdrive,Horizon Warp Drive,,
objects.devices.warpdrive.desc,"A long-range warp drive based on alien technology that can teleport to any region, regardless of distance.",,
objects.devices.warpdrivemini,Local Warp Drive,,
objects.devices.warpdrivemini.desc,A short-range warp drive designed for quick jumps within the current region. Ideal for tactical repositioning or rapid escapes.,,
ship.combat.ongoing,Ship Combat In Progress,,
ship.combat.ended,Ship Combat Ended,,
warps.available,Warps Available,,warp is like a hyperjump but between distant places in space
tut.ship.combat.desc,Learn how ship combat works.,,"This tutorial uses a codex linking system, that's why lots of terms are set as variables, the game replaces them with links to codex"
tut.ship.combat.intro,This tutorial teaches you how to use ship weapons and fight other ships.,,
tut.ship.combat.step.class.1,Every ship has a {0} that defines allowed loadout limits.,,"{0} will be ""Ship Class"" with link to codex"
tut.ship.combat.step.class.2,"If your ship no longer meets the class requirements, you must choose a new {0}.",,"{0} will be ""Ship Class"" with link to codex"
tut.ship.combat.step.class.3,You can switch between compatible ship classes in {0}.,,"{0} will be ""Ship Combat Controls > Configure > Ship Class"""
tut.ship.combat.step.class.points.1,Loadout limits are defined by {0}. Larger ships have higher-tier ship classes that allow more {0}.,,"{0} will be ""Class Points"" with link to codex"
tut.ship.combat.step.class.points.2,Every <b>Ship Device</b> used in combat costs some {0}.,,"{0} will be ""Class Points"""
tut.ship.combat.step.class.points.3,Exceeding the allowed {0} for your {1} is illegal and results in {2} status.,,"{0} will be ""Class Points"", {1} will be ""Ship Class"", {2} is ""Outlaw"""
tut.ship.combat.step.class.points.4,"This ship is a {0} class, allowing up to {1} {2}, but its current loadout is worth {3} {2}, making it an {4}.",,"{0} is class name like Cruiser, {2} is ""Class Points"", {1} and {3} are numbers (points), {4} is ""Outlaw"""
tut.ship.combat.step.class.points.5,A notification will inform you when you violate the {0} limit.,,"{0} is ""Class Points"""
tut.ship.combat.step.class.points.6,"Being an {0} has drawbacks. Most traders will avoid you, and {1} officers will hunt you.",,"{0} is ""Outlaw"", {1} is ""Law Enforcement"""
tut.ship.combat.step.devices.title,Ship Combat Devices,,
tut.ship.combat.step.devices.1,Let's review all ship devices involved in combat.,,
tut.ship.combat.step.devices.shield.1,{0} are the most important defense mechanisms at your disposal. At least one {1} is required for a functioning shield.,,"{0} will be Shields, {1} is Shield Emitter"
tut.ship.combat.step.devices.shield.2,{0} can protect your ship from incoming projectiles. Absorbing hits with {0} generates {1}.,,"{0} will be Shields, {1} is Hard Flux"
tut.ship.combat.step.devices.capacitor.1,{0} increase the number of hits your {1} can absorb. {2} mechanics will be explained in more detail later in this tutorial.,,"{0} is Flux Capacitors, {1} is shields, {2} is Flux"
tut.ship.combat.step.devices.engines.1,"Each {0} adds some {1}, making your ship harder to hit. {1} depends on your {2} and size, and is limited to {3}.",,"{0} is Thruster, {1} is Evade, {2} is Ship Class, {3} is percentage like 50%"
tut.ship.combat.step.devices.engines.2,{0} must gain additional charge to perform a hyperjump while engaged in combat.,,{0} is Hyperdrives
tut.ship.combat.step.devices.weapons.1,"There are several types of {0}, each with its own strengths and weaknesses.",,{0} is Ship Weapon
tut.ship.combat.step.devices.weapons.ballistic.1,"{0} are small caliber guns that are stopped by the {1}. They generate {2} upon impact with the {1}, and can cause significant damage for unshielded ships.",,"{0} is Ballistic Weapons, {1} is Shields, {2} is Hard Flux"
tut.ship.combat.step.devices.weapons.ballistic.2,"{0} are also effective at shooting down slow-moving projectiles, such as {1}.",,"{0} is Ballistic Weapons, {1} is Meteoroid"
tut.ship.combat.step.devices.weapons.laser.1,{0} are more powerful than {1} but recharge slowly.,,"{0} is Laser Weapons, {1} is Ballistic Weapons"
tut.ship.combat.step.devices.weapons.missile.1,{0} are extremely dangerous because they ignore {1} and deal significant damage. Their main drawback is the need for expensive ammo.,,"{0} is Missile Weapons, {1} is Shields."
tut.ship.combat.step.devices.weapons.point.defense.1,"{0} cannot attack other ships, but can be used to shoot down incoming projectiles of {1}. They also work great against non-ship threats such as {2}.",,"{0} is Point Defense, {1} is Missile Weapons, {2} is Breach Capsule"
tut.ship.combat.step.devices.weapons.plasma.1,{0} are ultimate weapons that can overwhelm the {1} and deal massive damage.,,"{0} is Plasma Weapons, {1} is Shields"
tut.ship.combat.step.ui.1,A pirate ship is attacking. We'll now learn to control weapons in real combat.,,
tut.ship.combat.step.ui.2,This is your {0}. You can toggle it on and off by clicking {1} overlay icon.,,"{0} is Ship Combat Controls, {1} is also Ship Combat Controls but with link to overlay icon"
tut.ship.combat.step.ui.3,The left side of {0} contains your ship’s controls.,,{0} is Ship Combat Controls
tut.ship.combat.step.ui.4,The right side displays information about your enemy.,,
tut.ship.combat.step.ui.5,Clicking the ship name focuses the camera on the selected ship.,,
tut.ship.combat.step.ui.6,"Before continuing, unpause the clock and let our ship exchange some hits with the enemy.",,
tut.ship.combat.step.flux.1,We've accumulated some {0}. This is a good time to explain how it works.,,{0} is Flux
tut.ship.combat.step.flux.types.1,There are two types of {0}:,,{0} is Flux
tut.ship.combat.step.flux.types.2,{0} is generated when you fire your weapons. It vents automatically over time.,,{0} is Soft Flux
tut.ship.combat.step.flux.types.3,{0} is generated by absorbing enemy hits with your {1}. It does not vent automatically.,,{0} is Hard Flux. {1} is Shields
tut.ship.combat.step.flux.types.4,Some weapons generate {0} for your ship when fired. Check individual weapon stats for more details.,,{0} - Hard Flux
tut.ship.combat.step.flux.capacity.1,{0} consists of {1} + {2}. The amount you can accumulate is limited by your {3}.,,"{0} - Accumulated Flux, {1} - Hard Flux, {2} - Soft Flux. {3} - Flux Capacity"
tut.ship.combat.step.flux.capacity.2,Hover over the {0} UI element to see more details about how your {1} is calculated.,,"{0} - Flux, {1} - Flux Capacity"
tut.ship.combat.step.flux.capacity.3,Upgrade your {0} or build {1} to increase your ship's {2}.,,"{0} - Ship Class. {1} - Flux Capacitors, {2} - Flux Capacity"
tut.ship.combat.step.flux.overload.1,"If {0} exceeds your {1}, a {2} will happen.",,"{0} - Accumulated Flux, {1} - Flux Capacity, {2} - Flux Overload."
tut.ship.combat.step.flux.overload.2,{0} will disable your {1} and force venting until all {2} is purged.,,"{0} - Flux Overload, {1} - Shields, {2} - Flux"
tut.ship.combat.step.flux.venting.1,"You can vent {0} manually. This type of venting will also disable your {1}, but you can stop the process at any time.",,"{0} is Flux, {1} - Shields"
tut.ship.combat.step.flux.venting.2,You can also set automatic venting thresholds in your ship's combat settings.,,
tut.ship.combat.step.config.1,Press the {0} button to open the <b>Ship Configuration</b>.,,{0} - Configure
tut.ship.combat.step.config.2,"This is your <b>Ship Configuration</b>. It allows you to change your {0}, adjust {1} settings, and modify weapon targeting behavior.",,"{0} - ship class, {1} - Flux"
tut.ship.combat.end,"This covers the basics of {0}. Explore the {1} and {2} UI to learn more.<br><br>Now, put your knowledge into practice and defeat the enemy ship.",,"{0} - Ship Combat. {1} - Codex, {2} - Ship Combat Controls"
law.enforcement.desc,"Most factions have dedicated <b>Law Enforcement Officers</b> who maintain order and hunt down {0} ships. Unless you're an {0} yourself, you can relax around them.",,{0} is Outlaw
noun.weapon.class.points,Weapon Class Points,,
noun.offensiveness,Offensiveness,,
noun.offensiveness.allowed,Allowed Offensiveness,,
noun.offensiveness.current,Current Offensiveness,,
compatible.ship.classes,Compatible Ship Classes,,
compatible.factions,Compatible Factions,,
obj.ammo.interceptordart,Interceptor Darts,,"Plural, because it's a stack of several darts"
obj.ammo.interceptordart.desc,"A compact, self-guided missile designed for short-range defense, capable of intercepting moving targets with precision.",,
obj.ammo.missile,Missile,,
obj.ammo.missile.desc,A highly explosive missile that deals massive damage and easily penetrates shields.,,
tut.spacetravel.step4_1_new,"We're ready to <b>Trade</b> with the <b>Space Station</b>. Use {0} on the highlighted space station in the starmap to display available actions, select <b>Hail</b> to hail the station, and then <b>Trade</b>.",,Has alias to old version of this text for outdated translations
find.resource,Find {0},,"{0} is resource name, like ""Dark Matter"""
unlock.scanning.tip,"We're lacking {0}. Unlock {1} to enable scanning for this resource type, then use the {2} function in the {3} to locate a deposit.",,"{0} is resource name, like ""Dark Matter"", {1} is research technology name, {2} is Scanning, {3} is Starmap"
warped.to.location,Warped to {0},,"{0} is location name. Warped to as in ""teleported to"" in space"
scan.strength.limit.tip,"Your potential {0} is now {1}, but the maximum is limited to {2}. Additional scanning devices won't improve scanning speed.",,"{0} is Scan Strength, {1} and {2} is a number"
noun.scan.strength,Scan Strength,,
ship.entered.sector,Ship entered this sector,,Notification about another ship hyperjumping into player's location
ship.left.sector,Ship left this sector,,Notification about another ship hyperjumping away from player's location
ship.destroyed,Ship destroyed,,
obj.upgrades.winchrangeupgrade,Winch Range Upgrade,,
obj.upgrades.winchrangeupgrade.desc,"Extends the range of the winch hook, allowing you to reel in derelict ships from any distance.",,
waiting.for.operator,Waiting for operator,,waiting for someone to operate the device
no.worker.capable,No one is capable of performing this task,,
noun.operator.bonus,Operator Bonus,,"when someone is communicating with another ship, operator with good social skills can give bonus in negotiation outcomes. This will be displayed as: Operator Bonus: +15%"
noun.risk,Risk,,Will display something like Risk: 20%
deep.scan.not.found,Unable to find more resource deposits in this location.,,
adj.done,Done,,"as in ""the job is done"""
tut.basic.controls.step.overlay.shipcombat,This overlay manages ship combat situations.,,
auto.rebuild.priority,Auto Rebuild Priority,,
auto.rebuild.priority.tip,"When an object is destroyed, and it has been unlocked through research, an automatic rebuild task will be created. You can set the default priority for these tasks here.",,
auto.repair.priority,Auto Repair Priority,,
auto.repair.priority.tip,"When an object is damaged and {0} is unlocked through research, an automatic repair task will be created. You can set the default priority for these tasks here.",,{0} is Auto Repair
body.part.procedure.priority,Body Part Procedure Priority,,
body.part.procedure.priority.tip,Changes the default priority for body part removal and installation tasks.,,
upgrade.available,Upgrade Available,,
ship.class.upgrade.available.desc,Your ship's configuration qualifies for higher {0}. You can change your {0} in {1} > {2}.,,"{0} is Ship Class, {1} is Ship Combat Controls. {2} is Configure"
noun.return.beacon,Return Beacon,,
noun.return.beacon.desc,A beacon that marks a location in space. Deploy it to create fast-travel points across the universe.,,
object.deployed,{0} deployed,,{0} is object name
object.already.exists,{0} already exists,,{0} is object name (like Return Beacon)
noun.return.beacons,Return Beacons,,plural of Return Beacon
overlay.tip.Notes,Notes,,
tut.basic.controls.step.overlay.notes,You can keep notes in this scratchpad.,,
structure.floors.floorwood01,Wooden Floor,,
structure.floors.floorwood01.desc,A standard steel floor plate decorated with wooden panels.,,
bodypart.Implant.FirewallChip,Firewall Chip,,
bodypart.Implant.FirewallChip.desc,Protects against hacking and improves resistance to energy attacks.,,
crawler.combat.alert,Crawler Combat Alert,,
crawler.combat.alert.desc,"If disabled, fighting against crawlers will not produce combat alerts or change the music.",,
universe.seed,Universe Seed,,"Seed is a random number used as a starting point to generate something, in this case a universe"
tut.adv.controls.select.modes.2_new,"Press {1}, drag a rectangle around an area, and release {1} to select all <b>Beings</b> in the area. Hold {0} and use {1} on a <b>Being</b> to add or remove it from the selection.",,"{0} is Shift button icon, {1} is left mouse button icon"
skip.colonist.choice,Skip Colonist Choice,,
skip.colonist.choice.desc,Auto-select a colonist when one needs to be awakened from stasis.,,
drag.to.resize,Drag to resize,,tooltip for the UI resize handle button
menu.lights,Lights,,label for build menu containing lights
menu.lights.desc,Lights sources,,
situation.ShipSize,Ship Size,,
situation.ShipClassPoints,Ship Class Points,,
situation.CombatStrength,Combat Strength,,
situation.NumShipCombats,Ship Combat Encounters,,
telemetry.tip,"To improve game performance and enhance your experience, we collect gameplay data based on our legitimate interest.",,
telemetry,Telemetry,,noun
share.telemetry,Share game telemetry,,label for a checkbox that enables telemetry sharing
direct.control.combat.tip,{0} drafts beings for combat and prevents them from doing any work.,,{0} is the button name (either Direct Control or Control)
ev.photon.storm,Photon Storm,,
ev.photon.storm.desc,A harmless phenomenon that boosts solar panel output.,,
event.ended,Ended: {0},,"{0} will be event name, for example Ended: Photon Storm"
event.ongoing,Ongoing: {0},,"{0} will be event name, for example Ongoing: Photon Storm"
noun.employee.otm,Employee Of The Month,,Awared to the hardest worker every month
noun.license.fee,License Fee,,label for price of buying some license
noun.requirement,Requirement,,"usage example: ""Requirement: <some condition>"""
noun.requirements,Requirements,,plural of requirement
must.own,Must Own,,a label for requirement to own something
verb.copy,Copy,,
verb.paste,Paste,,
adj.identical,Identical,,when two items are identical
opinion.good,Good,,as in opinion about someone: good (START OF v014 translations)
opinion.bad,Bad,,as in opinion about someone: bad
verb.hates,Hates,,toward another person
noun.attraction,Attraction,,sexual attraction
noun.friend,Friend,,
noun.lover,Lover,,
noun.friendship,Friendship,,as in friendship level (will be expressed as percentage)
noun.party,Party,,as in birthday party
noun.party.custom,{0} party!,,"{0} will be something like Birthday or Wedding, or even Birthday / Wedding"
party.desc,{0} are throwing a party!,,{0} will be replaced by a comma separated list of names
party.custom.desc,{0} are throwing a {1} party!,,"{0} will be replaced by a comma separated list of names, {1} will be Birthday or Wedding or Birthday / Wedding"
noun.birthday,Birthday,,
noun.wedding,Wedding,,
list.and,{0} and {1},,"Used for listing names. {0} will be list of comma separated names, {1} will be the last name. Example: ""Jack, Jill and James"". Will be combined with translation above to make something like ""Jack, Jill and James are throwing a party"""
flag.Biological,Biological,,
flag.Humanoid,Humanoid,,
flag.Robotic,Robotic,,
flag.Wild,Wild,,
flag.Pet,Pet,,
flag.Animal,Animal,,
ability.DumbLabor,Dumb Labor,,
ability.SkilledLabor,Skilled Labor,,
ability.Intelligence,Intelligence,,
bodypart.Core.DumbCore,Dumb Core,,
bodypart.Core.LiteCore,Lite Core,,
bodypart.Core.DumbCore.desc,A chip that contains the memories of a robot. Only capable of dumb labor.,,
bodypart.Core.LiteCore.desc,A chip that contains the memories of a robot. Only capable of simple problem solving.,,
modifier.NoDrama,Disable Drama,,
modifier.NoDrama.desc,Disables most social interactions and colony drama events,,
adj.positive,Positive,,"Adjective, as in ""positive opinion"""
adj.negative,Negative,,"Adjective, as in ""negative opinion"""
noun.good.karma,Good Karma,,
noun.bad.karma,Bad Karma,,
opinion.about,Opinion about {0},,{0} will be person's name
noun.social.affinity,Social Affinity,,described in noun.social.affinity.desc (translation below)
noun.social.affinity.desc,A one-sided feeling of liking or connection toward another person.,,
developing.love,Developing love,,"as in ""Jack is developing love toward Jane"""
developing.friendship,Developing friendship,,"as in ""Jack is developing friendship toward Jane"""
developing.hate,Developing hate,,"as in ""Jack is developing hate toward Jane"""
strength.love,Love strength,,
strength.friendship,Friendship strength,,
strength.hate,Hate strength,,
status.friends,Friends,,"as in ""Jack and Jane are friends"""
status.nemesis,Nemesis,,"as in ""Jack considers Jane a nemesis"" (arch-enemy)"
status.crush,Crush,,"as in ""Jack has a crush for Jane"""
status.lovers,Lovers,,"as in ""Jack and Jane are lovers"""
status.spouse,Spouse,,"as in ""Jack is Jane's spouse"" (married)"
status.master,Master,,Master of a pet or slave
interactions.with,Interactions with {0},,{0} will be person's name
status.unfamiliar,Unfamiliar,,"as in ""Jack is unfamiliar with Jane"""
status.acquaintance,Acquaintance,,"as in ""Jack considers Jane an acquaintance"""
relationship.strength.0,Faint,,
relationship.strength.1,Weak,,
relationship.strength.2,Moderate,,
relationship.strength.3,Strong,,
relationship.strength.4,Profound,,
time.spent.together,Time spent together,,label for time counter for two beings spending time together
noun.social.interactions,Social Interactions,,label for a list of social interactions that happened between people
interaction.danced.with,{0} danced with {1} ,,{0} and {1} will be names of people who danced together at a jukebox
status.lovers.announce,{0} and {1} have become lovers!,,{0} and {1} are names
status.friends.announce,{0} and {1} have become friends!,,
status.pet.announce,{0} has become {1}'s pet!,,
status.nemesis.announce,{0} has declared {1} a nemesis!,,
status.spouse.announce,{0} and {1} just got married!,,
date.with,Date with {0},,{0} is other being name. date as in romantic meeting.
verb.dating,Dating,,"as in ""going out on a date"""
noun.date,Date,,romantic date between two people (or pets)
date.desc,{0} and {1} are going on a date!,,{0} and {1} are names
date.cut.short,{0} cut the date short,,{0} is name. this is used when someone leaves their date in the middle of dating
noun.libido,Libido,,Libido refers to an individual's sex drive or sexual desire
date.outcome.good,Had a good date with {0},,{0} is name. date - romantic date.
date.outcome.bad,Had a bad date with {0},,{0} is name. date - romantic date.
date.good.desc,{0} and {1} went on a date and had a great time,,{0} and {1} are names
date.bad.desc,{0} and {1} went on a date that didn't go well,,{0} and {1} are names
date.good.title,Enjoyable date,,
date.bad.title,Disastrous date,,
chatting.with,Chatting with {0},,{0} is a name
bodypart.Implant.ConversationModule,Conversation Module,,
bodypart.Implant.ConversationModule.desc,Enables vocalization and hearing. Useless if the mind cannot form words.,,
ability.Vocalize,Vocalize,,ability to speak or emit sounds (for animals)
ability.Hear,Hear,,ability to hear sounds
social.chat.good,Pleasant conversation,,
social.chat.bad,Argument,,
social.chat.good.desc,{0} and {1} had a pleasant conversation,,{0} and {1} are names
social.chat.bad.desc,{0} and {1} had an argument,,{0} and {1} are names
social.chat.meal.good,Shared a pleasant meal,,
social.chat.meal.bad,Argument over a meal,,
social.chat.meal.good.desc,{0} and {1} shared a meal and enjoyed each other's company,,{0} and {1} are names
social.chat.meal.bad.desc,{0} and {1} had a tense conversation over a meal,,{0} and {1} are names
social.chat.drink.good,Shared a pleasant drink,,
social.chat.drink.bad,Argument over drinks,,
social.chat.drink.good.desc,{0} and {1} had a drink together and got along well,,{0} and {1} are names
social.chat.drink.bad.desc,{0} and {1} had a heated exchange while sharing a drink,,{0} and {1} are names
something.happened.with.name,with {0},,"{0} is name. example use: ""Had an argument (with John)"""
social.chat.workout.good,Shared workout,,
social.chat.workout.bad,Workout conflict,,
social.chat.workout.good.desc,{0} and {1} enjoyed working out together,,{0} and {1} are names
social.chat.workout.bad.desc,{0} and {1} had a disagreement during a workout,,{0} and {1} are names
social.chat.gaming.good,Fun gaming session,,
social.chat.gaming.bad,Gaming dispute,,
social.chat.gaming.good.desc,{0} and {1} had fun playing a game together,,{0} and {1} are names
social.chat.gaming.bad.desc,{0} and {1} got into an argument while gaming ,,{0} and {1} are names
social.chat.dance.good,Enjoyable dance,,
social.chat.dance.bad,Awkward dance,,
social.chat.dance.good.desc,{0} and {1} shared a fun and graceful dance,,{0} and {1} are names
social.chat.dance.bad.desc,"{0} and {1} danced together, but it didn't go smoothly",,{0} and {1} are names
social.exp.saved.falling.title,Saved from a pitfall  ,,
social.exp.saved.falling.desc,"While on a mining expedition, {0} saved {1} from falling into a deep shaft just in time.",,{0} and {1} are names
social.exp.fist.fight.title,Shuttle brawl,,
social.exp.fist.fight.desc,"While on an expedition, {0} got into a fist fight with {1}.",,{0} and {1} are names
social.exp.mining.bond.title,Formed a stronger bond,,
social.exp.mining.bond.desc,"While working side by side on a mining expedition, {0} and {1} formed a strong sense of comradery.",,{0} and {1} are names
social.exp.mining.loot.title,Found valuable loot,,
social.exp.mining.loot.desc,"While on a mining expedition, {0} and {1} discovered something valuable.",,{0} and {1} are names
pranking.someone,Playing a prank on {0},,{0} is the name of the prank target
prank.desc,{0} pulled a prank on {1},,{0} and {1} are names
prank.outcome.good,{1} was pranked by {0} and couldn't stop laughing,,{0} and {1} are names
prank.outcome.bad,{1} was pranked by {0} and didn't take it well,,{0} and {1} are names
verb.pranking,Playing a prank,,
got.pranked.by,Got pranked by {0},,{0} is name
pranked.someone,Pulled a prank on {0},,{0} is name
made.love.with,Made love with {0},,{0} is name
make.love.good.desc,{0} and {1} made love and it brought them closer,,{0} and {1} are names
make.love.bad.desc,"{0} and {1} made love, but it was awkward and left them feeling disconnected",,{0} and {1} are names
make.love.title,Intimate moment between lovers,,
make.love.desc,{0} and {1} are about to share a moment of passion!,,{0} and {1} are names
make.love.with,Making love with {0},,{0} is name
verb.making.love,Making love,,
act.stabbed.kitchen.knife,{0} stabbed {1} with a kitchen knife,,{0} and {1} are names
act.stabbed.fork,{0} stabbed {1} with a fork,,{0} and {1} are names
act.stabbed.pencil,{0} stabbed {1} with a pencil,,{0} and {1} are names
act.stabbed.scissors,{0} stabbed {1} with a pair of scissors,,{0} and {1} are names
noun.stabbing,Stabbing,,
stabbed.someone,Stabbed {0},,{0} is name
stabbed.by.someone,Stabbed by {0},,{0} is name
act.stalking.someone,Stalking {0},,{0} is name
stalking.title,{0} was stalking {1},,{0} and {1} are names
stalking.outcome.caught.liked,"{0} was caught stalking {1}, but {1} didn't seem to mind",,{0} and {1} are names
stalking.outcome.caught.hated,"{0} was caught stalking {1}, and {1} was disturbed by it",,{0} and {1} are names
stalking.outcome.not.caught,{0} stalked {1} without being noticed,,{0} and {1} are names
noun.stalking,Stalking,,a fact of stalking happening (noun)
verb.stalking,Stalking,,a verb
stalked.someone,Stalked {0},,{0} is name
stalking.got.caught,Caught while stalking,,
stalking.caught.stalker,Caught someone stalking,,
trait.stalker,Stalker,,
ashes.of,Ashes of {0},,"{0} is name, ashes as in ashes after cremating a dead person"
obj.materials.ashes,Ashes,,
obj.materials.ashes.desc,"Fine, grayish powder left after burning organic matter.",,
objects.furniture.urn,Urn,,
objects.furniture.urn.desc,A container used to hold the ashes of a cremated body.,,
act.mourning.someone,Mourning {0},,{0} is name of a dead being (human or pet).
verb.mourning,Mourning,,mourning a dead being
mourned.someone,Mourned {0},,{0} is name
ev.mourned.title,{0} mourned {1},,{0} and {1} are names
ev.mourned.fail.desc,{0} was unable to visit the remains of {1},,{0} and {1} are names
ev.mourned.ok.desc,{0} spent a moment of silence near the remains of {1},,{0} and {1} are names
objects.devices.arcadecabinet,Arcade Cabinet,,
objects.devices.arcadecabinet.desc,"A coin-operated gaming machine with a screen, controls, and built-in games.",,
act.gaming,Gaming,,
played.video.game,Played a video game,,
act.having.fun,Having fun,,
played.video.game.with,{0} played a video game with {1},,{0} and {1} are names
evt.organ.failure.title,Organ failure,,
evt.organ.failure.desc,{0} suffered a {1} failure.,,"{0} is name, {1} is organ name. ex: John suffered a heart failure"
evt.component.failure.title,Component failure,,
evt.component.failure.desc,{0} experienced a failure in the {1} component.,,"{0} is name, {1} is component name. ex: Robot sustained a battery component failure"
menu.entertainment,Fun,,"noun, must be short"
menu.entertainment.desc,Devices for colonist recreation and amusement,,
verb.forget,Forget,,"as in ""forget this ever happened"" or ""forget john"""
no.burial.ceremony,No burial ceremony,,
no.burial.ceremony.tip,{0}'s ashes were ignored and dishonored,,{0} is name
forget.ashes.tip,Forgetting the ashes will dishonor the deceased and repurpose them as raw material.,,
colonist.upset.warning,This action may upset the colonists.,,
death.euthanized.by,Euthanized by {0},,{0} is name
death.blood.loss,Lost too much blood,,
death.combat.raiders,Fell in combat against raiders from the {0} faction,,{0} is name
time.of.death,Time of death,,
death.crawlers.burst,{0} alien crawlers burst from the abdomen,,"{0} is number, greater than 1"
verb.hacking,Hacking,,
death.abandoned.in.space,Left to die in space,,
death.disposed.at,Disposed of at the {0} by {1},,"{0} is the device name, {1} is name of the person who disposed. Example: Disposed of at the Nutrient Extractor by John"
inflicted.by,Inflicted by {0},,{0} is name. This is for labeling who inflicted a wound.
death.by.body.part.removal.bio,Organ removal by {0} (removed {1}),,"{0} is name, {1} is organ name (for humans)"
death.by.body.part.removal.robo,Component removal by {0} (removed {1}),,"{0} is name, {1} is part name (for robots)"
death.fatal.attack,{0} delivered a fatal blow to the {1},,{0} is name {1} is body part / organ name
act.petted.pet,{0} petted {1},,"{0} is name of a human, {1} is name of a pet"
cond.Inspired,Inspired,,adjective
ev.inspired.desc,{0} was hit by a wave of inspiration!,,{0} is name
state.increasing,Increasing,,
state.decreasing,Decreasing,,
ev.comet.shower,Comet Shower,,
ev.comet.shower.desc,A mesmerizing comet shower unfolds in the distance. Colonists are eager to watch it.,,
ev.wedding.title,Wedding!,,
married.someone,Married {0},,{0} is the spouse name
obj.equipment.hats.jesterhat,Jester's Hat,,
obj.equipment.hats.jesterhat.desc,"Perfect for jesters, clowns, or bold fashion choices.",,
ev.soft.surge.storm,Soft Surge Storm,,
ev.soft.surge.storm.desc,"A space phenomenon that harmonizes electrical currents, causing all devices to consume less energy.",,
ev.psychic.storm,Psychic Storm,,
ev.psychic.storm.desc,A bioelectric particle storm that gradually unravels the minds of living beings.,,
noun.pain.mild,Mild pain,,
noun.pain.moderate,Moderate pain,,
noun.pain.severe,Severe pain,,
noun.pain.excruciating,Excruciating pain,,
chance.scar,Chance to leave a scar,,
scar.info,A {0} scar caused by a {1} wound inflicted by {2},,"{0} is severity level (severe, moderate, etc), {1} is damage type (sharp, piercing), {2} is name of attacker. Example:  A Severe scar from a Slashing wound Inflicted by John"
noun.scar,Scar,,
noun.scars,Scars,,
caused.by,Caused by {0},,{0} is name of a person who caused something
verb.past.formed,Formed,,label for something that was formed some time ago
scar.short.info,{0} scar from {1},,"{0} is severity level (severe, moderate, etc), {1} is name of attacker. Example: Severe scar from John"
scar.random.source.generic.1,old battle,,
scar.random.source.generic.2,bar brawl,,
scar.random.source.generic.3,torture,,
scar.random.source.generic.4,pirates,,
scar.random.source.generic.5,self harm,,
scar.random.source.generic.6,an accident,,
scar.random.source.generic.7,an old job,,
scar.random.source.generic.8,a cat,,
scar.random.source.generic.9,a shuttle accident,,
scar.random.source.human.1,a friend,,
scar.random.source.human.2,their best friend,,
scar.random.source.human.3,a former lover,,
scar.random.source.human.4,a cleaning incident,,
scar.random.source.human.5,a failed guitar lesson,,
objects.cosmetics.chess.piece.desc,An oversized chess piece.,,
objects.cosmetics.chess.chesspawnw,White Pawn,,
objects.cosmetics.chess.chesspawnb,Black Pawn,,
objects.cosmetics.chess.chesskingw,White King,,
objects.cosmetics.chess.chesskingb,Black King,,
objects.cosmetics.chess.chessqueenw,White Queen,,
objects.cosmetics.chess.chessqueenb,Black Queen,,
objects.cosmetics.chess.chessrookw,White Rook,,
objects.cosmetics.chess.chessrookb,Black Rook,,
objects.cosmetics.chess.chessknightw,White Knight,,
objects.cosmetics.chess.chessknightb,Black Knight,,
objects.cosmetics.chess.chessbishopw,White Bishop,,
objects.cosmetics.chess.chessbishopb,Black Bishop,,
structure.floors.floormarble01,Marble Floor,,
structure.floors.floormarble01.desc,A fancy polished interior floor.,,
ev.raid.map.edge.title,Incoming Raiders!,,
ev.raid.map.edge.desc,Raiders are approaching our ship!,,
obj.containers.hullpiercer,Hullpiercer,,
obj.containers.hullpiercer.desc,A high-velocity boarding pod designed to punch through a ship's hull for rapid entry.,,
act.feeding.patient,Feeding a patient,,
feed.patient,Feed a patient,,
incoming.object,Incoming {0}!,,"{0} can be a meteor, breach capsule, some other flying object targeting the ship"
persona.bio,"{0} {1}, {2}",,"{0} is species, {1} is sex {2} is age. Example: Human Female, 37y"
persona.bio.sexless,"{0}, {1}",,"{0} is species, {1} is age. Example: Robot, 37y"
sex.orientation.straight,Straight,,
sex.orientation.gay,Gay,,
sex.orientation.lesbian,Lesbian,,
sex.orientation.asexual,Asexual,,
sex.orientation.bisexual,Bisexual,,
flag.Flying,Flying,,"adjective, as in ""a flying robot"""
modifier.NoQuestRewards,Disable Quest Rewards,,
modifier.NoQuestRewards.desc,Completing main quests normally grants small rewards. Disabling them adds extra challenge.,,
had.spacewalk,Had a spacewalk,,
trait.sociopath,Sociopath,,
trait.sociopath.about,"Lacks empathy, disregards others' rights, and manipulates without remorse.",,
trait.antisocial,Antisocial,,
trait.antisocial.about,Avoids social interaction and prefers solitude over company.,,
trait.open_eyed_sleeper,Open-eyed Sleeper,,
trait.open_eyed_sleeper.about,This person sleeps with their eyes open.,,
trait.gigolo,Gigolo,,"a young man paid or financially supported by a woman, typically an older woman, to be her escort or lover."
trait.high.libido,High libido,,Libido refers to an individual's sex drive or sexual desire
trait.charismatic,Charismatic,,for describing charismatic character (not external looks)
trait.beautiful,Beautiful,,describes a good looking woman
trait.handsome,Handsome,,describes a good looking man
trait.ugly,Ugly,,
trait.optimist,Optimist,,
trait.pessimist,Pessimist,,
trait.fast,Fast,,As in fast walker
trait.slow,Slow,,As in slow walker
trait.lazy,Lazy,,
trait.workaholic,Workaholic,,
trait.astrophobe,Astrophobe,,
trait.astrophobe.about,Astrophobes are afraid of spacewalks.,,
trait.astrophile,Astrophile,,
trait.astrophile.about,Astrophiles enjoy spacewalks.,,
trait.dog_person,Dog Person,,someone who likes dogs more than cats
trait.cat_person,Cat Person,,someone who likes cats more than dogs
trait.shadow_dweller,Shadow Dweller,,
trait.shadow_dweller.about,Enjoys being in the dark.,,
trait.coffee_addict,Coffee Addict,,
role.Babysitter,Babysitter,,
role.Delinquent,Delinquent,,"(typically of a young person) tending to commit crime, particularly minor crime."
role.Gamer,Gamer,,
role.GraffitiArtist,Graffiti Artist,,
role.LittleShit,Little Shit,,a term some people call annoying kids
role.NeighborhoodMenace,Neighborhood Menace,,
role.Otaku,Otaku,,(in Japan) a young person who is obsessed with computers or particular aspects of popular culture to the detriment of their social skills.
role.PaperBoy,Paper Boy,,
role.SweatshopWorker,Sweatshop Worker,,
role.FighterPilot,Fighter Pilot,,
role.FlatEarther,Flat Earther,,"a believer of the ""Flat Earth"" movement"
role.Mechanic,Mechanic,,
role.SpaceportValet,Spaceport Valet,,somone who drives spaceships into parking spots
role.Seaman,Seaman,,
role.ProjectManager,Project Manager,,
role.DrillingEngineer,Drilling Engineer,,
role.Roughneck,Roughneck,,"An oil rig job type. They assist the driller, carrying out the manual operation of the systems and equipment required for the specific process, which involves hard effort. While the drilling operations, a member of the teamwork is present in the shaker room, assisting the shakerman. Roughnecks are also in charge of cleaning, scraping and wirebrusing floor areas, chipping rust, painting and any other general maintenance tasks."
role.Storekeeper,Storekeeper,,
role.CivilEngineer,Civil Engineer,,
role.CommsOperator,Comms Operator,,Comms short for Communications
role.Busboy,Busboy,,"a restaurant industry worker who clears tables, takes dirty dishes to the dishwasher, and assists waitstaff"
role.Busgirl,Busgirl,,like busboy but for females
role.Cook,Cook,,Restraurant staff
role.HeadChef,Head Chef,,Restraurant staff
role.Waiter,Waiter,,Restraurant staff
role.Waitress,Waitress,,Restraurant staff
role.Photographer,Photographer,,
role.Handyman,Handyman,,
role.CarCrashSurvivor,Car Crash Survivor,,
role.UnwantedChild,Unwanted Child,,
role.BugCollector,Bug Collector,,
role.TreeHouseOwner,Tree House Owner,,
role.Veterinarian,Veterinarian,,
role.Pilot,Pilot,,
role.Trapper,Trapper,,
role.Hitman,Hitman,,
role.BotWhiz,Bot Whiz,,a child who likes tinkering with robots
role.GoKartRacer,Go-Kart Racer,,
role.TaxiDriver,Taxi Driver,,
role.Herbalist,Herbalist,,
role.Priest,Priest,,
role.Landlord,Landlord,,
role.Beautician,Beautician,,
role.MarineBiologist,Marine Biologist,,
role.FieldSurveyor,Field Surveyor,,
role.Alpinist,Alpinist,,
role.ArmsDealer,Arms Dealer,,
role.Survivalist,Survivalist,,
role.Astronomer,Astronomer,,
role.Librarian,Librarian,,
role.Farmer,Farmer,,
role.Chemist,Chemist,,
role.GuideDog,Guide Dog,,
role.ServiceAnimal,Service Animal,,
role.PoliceOfficer,Police Officer,,
role.Maid,Maid,,
explosion.strength,Explosion strength,,how powerful the explosion would be if an object exploded
adj.ongoing,Ongoing,,adjective
obj.equipment.hats.baseballcap01,Baseball Cap,,
obj.equipment.hats.baseballcap01.desc,A simple baseball cap,,
avoiding.someone,Avoiding {0},,{0} is name
noun.chase,Chase,,noun
chasing.desc,{0} chased {1},,{0} and {1} are names
chase.outcome.good,{1} was chased by {0} and had a ton of fun,,{0} and {1} are names
chase.outcome.bad,{1} was chased by {0} and hated it,,{0} and {1} are names
verb.chasing,Chasing,,
got.chased.by,Got chased by {0},,{0} is name
chased.someone,Chased {0},,{0} is name
verb.running.away,Running away,,
device.lootable.only,"This item cannot be built. It can only be acquired through other means, such as finding it on derelict ships.",,
feedback.cool_stuff,Cool Stuff,,
feedback.cool_stuff.tip,"If you want to share a nice ship design, an interesting moment or a beautiful screenshot, choose this category.",,
ev.injured.raider.joined.colony,An injured raider has surrendered,,
ev.injured.raider.joined.colony.desc,"An injured raider, {0} from the {1} faction, is asking for forgiveness and has sworn allegiance to your colony.",,"{0} is name, {1} is faction name"
at.quality,at {0} quality,,"{0} is percentage. This is for stat modifier of an item at given item quality. Example: ""Damage at 98% quality: 55"""
immersive.icons,Immersive Icons,,
immersive.icons.tip,"When enabled, status icons on devices will be affected by environmental light. Otherwise, they remain bright even in darkness. This makes the game harder but more immersive.",,
feedback.graphics,Graphics,,
feedback.graphics.tip,"For reporting visual bugs and glitches in rendering, particle systems, UI, and other graphics.",,
fog.of.war.warning,Warning: {0} is enabled. Unlit parts of your ship will be invisible.,,"{0} is translated settings menu path, such as ""Settings > Video > Abient Light > Fog Of War"""
disable.device.animations,Disable Device Animations,,
disable.device.animations.tip,Disabling device animations can improve graphics performance on low-end devices.,,
act.confessing.love,Confessing love to {0},,{0} is name
confessed.love.title,{0} confessed love to {1},,{0} and {1} are names
confess.love.outcome.accepted,{0} confessed love to {1} and the feelings were mutual,,{0} and {1} are names
confess.love.outcome.rejected,{0} confessed love to {1} and was rejected,,{0} and {1} are names
confess.love.outcome.ignored,{0} confessed love to {1} but didn't receive an answer,,{0} and {1} are names
verb.confessing.love,Confessing love,,a verb
confessed.love.to.someone,Confessed love to {0},,{0} is name
confessed.love.accepted,Love confession accepted,,
confessed.love.rejected,Love confession rejected,,
confessed.love.ignored,Unanswered love confession,,
received.love.confession,Received a love confession ,,
noun.love.confession,Love Confession,,
verb.receiving.love.confession,Receiving a love confession,,
scar.love.confession.rejection,{0} rejecting a love confession,,"{0} is name. example use in scar description: ""A scar on the heart infliced by Charlie rejecting a love confession"""
adj.unreachable,Unreachable,,
disable.all.particles,Disable All Visual Effects,,
disable.all.particles.tip,"This disables all but critically important visual effects.
<br><br><b>WARNING!</b> Many key visuals, including weapon shots, will be invisible.",,
cpu.bonus,CPU Bonus,,"example use: ""CPU Bonus: 1Thz > +10% mining depth"""
memory.bonus,Memory Bonus,,"example use: ""Memory Bonus: 1Eb > +10% mining depth"""
gpu.bonus,GPU Bonus,,"example use: ""GPU Bonus: 1Thz > +10% mining depth"""
disk.bonus,Disk Bonus,,"example use: ""Disk Bonus: 1EB > +10% mining depth"""
codex.m.electricity.computerresourcesbonus,Computer Resources Bonus,,
codex.m.electricity.computerresourcesbonus.desc,"Computer resources such as <b>CPU</b>, <b>Memory</b>, <b>GPU</b>, and <b>Disk</b> can add stat bonuses to devices on the same electrical grid. Check tooltips for details.",,
noun.industrial.equipment,Industrial Equipment,,"generic term for all devices that are meant for producing something, factory machines, etc"
adj.noisy,Noisy,,
sleep.eff.industrial.noisy,Slept in a noisy industrial area,,
sleep.eff.industrial,Slept in an industrial area,,
sleep.eff.dorm,Slept in a dormitory,,
sleep.eff.own.room,Slept in personal quarters,,
sleep.eff.room.too.large,Overly large sleeping quarters,,
sleep.eff.room.too.small,Cramped sleeping quarters,,
sleep.eff.cozy.room,Cozy sleeping quarters,,
sleep.eff.outdoors,Slept in an area exposed to open space,,
hint.hyperspace_exit,"Hyperspace travel is instant, but you must manually exit it each time. Use the {0} button in the {1} to do so.",,"{0} is ""Exit Hyperspace"" button label, {1} is Starmap"
select.filtered,Select Filtered,,for selecting all elements in a list after filtering them
deselect.filtered,Deselect Filtered,,
deselect.all,Deselect All,,
noun.toll,Toll,,a price of passing a checkpoint
verb.pay,Pay,,
noun.discount,Discount,,
noun.region.discount,Regional Discount,,
noun.faction.tax,Faction Tax,,
noun.final.price,Final Price,,
paid.toll,Paid Toll,,notification that player has just paid a toll
noun.tax,Tax,,
update.on.steam.workshop,Update on Steam Workshop,,
mat.amounts.may.vary,Material amounts may vary,,
cant.assign,Can't Assign,,must be as short as possible. A small label trying to assign a task that we cannot assign for some reason
worker.could.not.reach.the.device,Worker could not reach the device,,
last.month,Last Month,,example use: Time worked (Last Month): 12h
this.month,This Month,,example use: Time worked (This Month): 12h
being.risking.life.for.food,{0} is risking death in vacuum to grab {1} from sheer starvation,,"{0} is name, {1} is name of the meal"
noun.death.care,Death Care,,name of research that unlocks death care related tech
noun.medical.care,Medical Care,,name of research that unlocks medical care devices
verb.warp,Warp,,verb - to travel in space using the warp drive
exit.hyperspace.to.recharge,We had to exit hyperspace to recharge the drives. Reenter hyperspace once the drives are ready?,,
hyperdrives.exhausted,Hyperdrives Exhausted,,
hyperspace.warped.back,The hyperdrive failsafe warped the ship back to its anchored position,,
hyperjump.failed,Hyperjump Failed,,
hyperjump.completed,Hyperjump Completed,,
next.stop,Next stop,,"next destination in travel. example: ""Next stop: London"""
verb.stay,Stay,,
verb.reenter,Reenter,,
visit.waypoints,Visit Waypoints,,
visit.waypoints.tip,Exit hyperspace at each waypoint and wait for manual resume during hyperjumps,,
noun.queue,Queue,,
status.on.hold,On Hold,,"when some operation is paused, waiting for player to resume it"
leaving.hyperspace,Leaving Hyperspace,,
arrived.at,Arrived at {0},,{0} is location name
noun.warp.target,Warp Target,,target of warp drive hyperjump
part.quality.threshold,Part Quality Threshold,,
part.quality.threshold.tip,"When beings are disposed, body parts with quality above this threshold will be preserved.",,
codex.m.defenses.tractorbeam.desc_new,"Tractor Beams can influence the trajectory of slow moving projectiles, such as Asteroids, Meteoroids and various Pods and Capsules.<br><br>You have to build and connect a <b>Tractor Beam Target</b> in order to use the Tractor Beam.",,
codex.m.defenses.tractorbeam.desc2,Multiple Tractor Beams can guide the same projectile towards the same or different target. The force from each Tractor Beam adds up to increase the influence over the trajectory of a projectile.,,
tut.select.tile.being.warning,"If a being is over an object, the first click selects the being. Click again on the same spot to select the object.",,
electricity.manage.tutorial.warning,"You haven't completed the {0} tutorial but are trying to use the {1} function. If you know what you're doing, ignore this warning. Otherwise, take the {0} tutorial to learn the fundamentals first!<br><br>You can find the {0} tutorial in {2}.",,"{0} is tutorial name (""Electricity""), {1} is ""Establish Temporary Connection"", {2} is ""Main Menu > Tutorials"". Note that {0} is repeated a few times on purpose."
basic.tutorials.not.done.warning,You haven't completed the following tutorials: {0}<br><br>These cover the fundamentals and are highly recommended for new players. You can find them in {1}.,,"{0} will be a list of tutorial names. {1} is ""Main Menu > Tutorials"""
surgical.pending.procedures,Pending Procedures,,label for list of surgical operations for humans or body part replacements for robots.
fog.of.war.desc,"Fog of War hides unlit areas of your ship, adding an extra layer of challenge.",,
noun.extra.challenge,Extra Challenge,,
noun.visuals,Visuals,,
auto.expand.tips,Auto-Expand Tooltips,,
auto.expand.tips.desc,"If this setting is disabled, some tooltips will be truncated unless you hold {0}.",,
bodypart.Body.BodyMindjar,Mindjar Frame,,
bodypart.Body.BodyMindjar.desc,A mobile bot frame that can accomodate a biological brain.,,
species.Mindjar,Mindjar,,
beings.mindjar01,Mindjar,,
beings.mindjar01.desc,A bot carrying a preserved brain inside a glass jar that controls its mechanical body.,,
warning.too.close,Too close,,"warning label. for example, when some object is too close to another object that requires minimum distance between them"
warning.too.far,Too far,,"warning label. for example, when some object is too far from the ship or another object"
warning.blocked.by,Blocked by {0},,{0} name of the object that blocks something (like construction of another object)
noun.work.spot,Work Spot,,
noun.io.port,I/O Port,,"I/O is Input / Output. Usually it's a tech term that either has a specific idiom in your language, or just leave it as I/O, people will understand"
warning.invalid.location,Invalid Location,,
warning.replacement.not.allowed,Replacement not allowed,,
hint.dark.matter.acquisition,You can scan for {0} deposits after unlocking {1} research.,,{0} is Dark Matter {1} is Extended Scanning
trait.hooker,Hooker,,"A female version of ""Gigolo"" trait"